ISO-10303-21;
HEADER;
FILE_DESCRIPTION(('KiCad electronic assembly'),'2;1');
FILE_NAME('rollhooplight_RSL_PCB.step','2026-04-15T22:54:30',('Pcbnew'),
  ('Kicad'),'Open CASCADE STEP processor 7.8','KiCad to STEP converter',
  'Unknown');
FILE_SCHEMA(('AUTOMOTIVE_DESIGN { 1 0 10303 214 1 1 1 1 }'));
ENDSEC;
DATA;
#1 = APPLICATION_PROTOCOL_DEFINITION('international standard',
  'automotive_design',2000,#2);
#2 = APPLICATION_CONTEXT(
  'core data for automotive mechanical design processes');
#3 = SHAPE_DEFINITION_REPRESENTATION(#4,#10);
#4 = PRODUCT_DEFINITION_SHAPE('','',#5);
#5 = PRODUCT_DEFINITION('design','',#6,#9);
#6 = PRODUCT_DEFINITION_FORMATION('','',#7);
#7 = PRODUCT('rollhooplight_RSL_PCB 1','rollhooplight_RSL_PCB 1','',(#8)
  );
#8 = PRODUCT_CONTEXT('',#2,'mechanical');
#9 = PRODUCT_DEFINITION_CONTEXT('part definition',#2,'design');
#10 = SHAPE_REPRESENTATION('',(#11,#15,#19,#23,#27,#31,#35,#39),#43);
#11 = AXIS2_PLACEMENT_3D('',#12,#13,#14);
#12 = CARTESIAN_POINT('',(0.,0.,0.));
#13 = DIRECTION('',(0.,0.,1.));
#14 = DIRECTION('',(1.,0.,-0.));
#15 = AXIS2_PLACEMENT_3D('',#16,#17,#18);
#16 = CARTESIAN_POINT('',(79.4078,-45.32565,1.595));
#17 = DIRECTION('',(-0.,0.,1.));
#18 = DIRECTION('',(1.110223024625E-16,-1.,0.));
#19 = AXIS2_PLACEMENT_3D('',#20,#21,#22);
#20 = CARTESIAN_POINT('',(72.8828,-40.17565,1.595));
#21 = DIRECTION('',(0.,0.,1.));
#22 = DIRECTION('',(-1.,1.224646799147E-16,0.));
#23 = AXIS2_PLACEMENT_3D('',#24,#25,#26);
#24 = CARTESIAN_POINT('',(67.0078,-40.17565,1.595));
#25 = DIRECTION('',(0.,0.,1.));
#26 = DIRECTION('',(1.,0.,0.));
#27 = AXIS2_PLACEMENT_3D('',#28,#29,#30);
#28 = CARTESIAN_POINT('',(88.9078,-45.13815,1.595));
#29 = DIRECTION('',(-0.,0.,1.));
#30 = DIRECTION('',(1.110223024625E-16,-1.,0.));
#31 = AXIS2_PLACEMENT_3D('',#32,#33,#34);
#32 = CARTESIAN_POINT('',(0.,0.,0.));
#33 = DIRECTION('',(0.,0.,1.));
#34 = DIRECTION('',(1.,0.,-0.));
#35 = AXIS2_PLACEMENT_3D('',#36,#37,#38);
#36 = CARTESIAN_POINT('',(0.,0.,0.));
#37 = DIRECTION('',(0.,0.,1.));
#38 = DIRECTION('',(1.,0.,-0.));
#39 = AXIS2_PLACEMENT_3D('',#40,#41,#42);
#40 = CARTESIAN_POINT('',(0.,0.,0.));
#41 = DIRECTION('',(0.,0.,1.));
#42 = DIRECTION('',(1.,0.,-0.));
#43 = ( GEOMETRIC_REPRESENTATION_CONTEXT(3) 
GLOBAL_UNCERTAINTY_ASSIGNED_CONTEXT((#47)) GLOBAL_UNIT_ASSIGNED_CONTEXT(
(#44,#45,#46)) REPRESENTATION_CONTEXT('Context #1',
  '3D Context with UNIT and UNCERTAINTY') );
#44 = ( LENGTH_UNIT() NAMED_UNIT(*) SI_UNIT(.MILLI.,.METRE.) );
#45 = ( NAMED_UNIT(*) PLANE_ANGLE_UNIT() SI_UNIT($,.RADIAN.) );
#46 = ( NAMED_UNIT(*) SI_UNIT($,.STERADIAN.) SOLID_ANGLE_UNIT() );
#47 = UNCERTAINTY_MEASURE_WITH_UNIT(LENGTH_MEASURE(1.E-07),#44,
  'distance_accuracy_value','confusion accuracy');
#48 = PRODUCT_RELATED_PRODUCT_CATEGORY('part',$,(#7));
#49 = SHAPE_DEFINITION_REPRESENTATION(#50,#56);
#50 = PRODUCT_DEFINITION_SHAPE('','',#51);
#51 = PRODUCT_DEFINITION('design','',#52,#55);
#52 = PRODUCT_DEFINITION_FORMATION('','',#53);
#53 = PRODUCT('D_SMB','D_SMB','',(#54));
#54 = PRODUCT_CONTEXT('',#2,'mechanical');
#55 = PRODUCT_DEFINITION_CONTEXT('part definition',#2,'design');
#56 = ADVANCED_BREP_SHAPE_REPRESENTATION('',(#11,#57),#1265);
#57 = MANIFOLD_SOLID_BREP('',#58);
#58 = CLOSED_SHELL('',(#59,#99,#182,#207,#282,#299,#316,#333,#350,#367,
    #383,#430,#465,#504,#533,#572,#601,#655,#698,#721,#744,#767,#818,
    #841,#858,#932,#956,#1023,#1035,#1047,#1064,#1093,#1116,#1139,#1156,
    #1178,#1190,#1207,#1224,#1241,#1253));
#59 = ADVANCED_FACE('',(#60),#94,.T.);
#60 = FACE_BOUND('',#61,.T.);
#61 = EDGE_LOOP('',(#62,#72,#80,#88));
#62 = ORIENTED_EDGE('',*,*,#63,.T.);
#63 = EDGE_CURVE('',#64,#66,#68,.T.);
#64 = VERTEX_POINT('',#65);
#65 = CARTESIAN_POINT('',(1.4,1.,0.));
#66 = VERTEX_POINT('',#67);
#67 = CARTESIAN_POINT('',(2.503333333333,1.,-2.775557561563E-17));
#68 = LINE('',#69,#70);
#69 = CARTESIAN_POINT('',(2.43,1.,0.));
#70 = VECTOR('',#71,1.);
#71 = DIRECTION('',(1.,-3.445092848398E-16,0.));
#72 = ORIENTED_EDGE('',*,*,#73,.T.);
#73 = EDGE_CURVE('',#66,#74,#76,.T.);
#74 = VERTEX_POINT('',#75);
#75 = CARTESIAN_POINT('',(2.503333333333,-1.,-2.775557561563E-17));
#76 = LINE('',#77,#78);
#77 = CARTESIAN_POINT('',(2.503333333333,1.,-2.775557561563E-17));
#78 = VECTOR('',#79,1.);
#79 = DIRECTION('',(-3.445092848398E-16,-1.,0.));
#80 = ORIENTED_EDGE('',*,*,#81,.T.);
#81 = EDGE_CURVE('',#74,#82,#84,.T.);
#82 = VERTEX_POINT('',#83);
#83 = CARTESIAN_POINT('',(1.4,-1.,0.));
#84 = LINE('',#85,#86);
#85 = CARTESIAN_POINT('',(2.43,-1.,0.));
#86 = VECTOR('',#87,1.);
#87 = DIRECTION('',(-1.,3.445092848398E-16,0.));
#88 = ORIENTED_EDGE('',*,*,#89,.T.);
#89 = EDGE_CURVE('',#82,#64,#90,.T.);
#90 = LINE('',#91,#92);
#91 = CARTESIAN_POINT('',(1.4,-1.,0.));
#92 = VECTOR('',#93,1.);
#93 = DIRECTION('',(3.445092848398E-16,1.,0.));
#94 = PLANE('',#95);
#95 = AXIS2_PLACEMENT_3D('',#96,#97,#98);
#96 = CARTESIAN_POINT('',(1.951666666667,-6.30120533068E-16,
    -8.943794505573E-18));
#97 = DIRECTION('',(-1.696061518107E-17,5.165776572619E-33,-1.));
#98 = DIRECTION('',(1.,-2.22044604925E-16,-1.696061518107E-17));
#99 = ADVANCED_FACE('',(#100),#177,.T.);
#100 = FACE_BOUND('',#101,.T.);
#101 = EDGE_LOOP('',(#102,#112,#119,#120,#128,#136,#146,#154,#162,#170)
  );
#102 = ORIENTED_EDGE('',*,*,#103,.F.);
#103 = EDGE_CURVE('',#104,#106,#108,.T.);
#104 = VERTEX_POINT('',#105);
#105 = CARTESIAN_POINT('',(2.65,1.,0.146666666667));
#106 = VERTEX_POINT('',#107);
#107 = CARTESIAN_POINT('',(2.65,1.,0.811158333333));
#108 = LINE('',#109,#110);
#109 = CARTESIAN_POINT('',(2.65,1.,0.));
#110 = VECTOR('',#111,1.);
#111 = DIRECTION('',(0.,0.,1.));
#112 = ORIENTED_EDGE('',*,*,#113,.T.);
#113 = EDGE_CURVE('',#104,#66,#114,.T.);
#114 = CIRCLE('',#115,0.146666666667);
#115 = AXIS2_PLACEMENT_3D('',#116,#117,#118);
#116 = CARTESIAN_POINT('',(2.503333333333,1.,0.146666666667));
#117 = DIRECTION('',(3.445092848398E-16,1.,-0.));
#118 = DIRECTION('',(0.,0.,1.));
#119 = ORIENTED_EDGE('',*,*,#63,.F.);
#120 = ORIENTED_EDGE('',*,*,#121,.T.);
#121 = EDGE_CURVE('',#64,#122,#124,.T.);
#122 = VERTEX_POINT('',#123);
#123 = CARTESIAN_POINT('',(1.4,1.,0.22));
#124 = LINE('',#125,#126);
#125 = CARTESIAN_POINT('',(1.4,1.,0.));
#126 = VECTOR('',#127,1.);
#127 = DIRECTION('',(0.,0.,1.));
#128 = ORIENTED_EDGE('',*,*,#129,.F.);
#129 = EDGE_CURVE('',#130,#122,#132,.T.);
#130 = VERTEX_POINT('',#131);
#131 = CARTESIAN_POINT('',(2.37747286303,1.,0.22));
#132 = LINE('',#133,#134);
#133 = CARTESIAN_POINT('',(2.279656881469,1.,0.22));
#134 = VECTOR('',#135,1.);
#135 = DIRECTION('',(-1.,3.208039609213E-16,0.));
#136 = ORIENTED_EDGE('',*,*,#137,.T.);
#137 = EDGE_CURVE('',#130,#138,#140,.T.);
#138 = VERTEX_POINT('',#139);
#139 = CARTESIAN_POINT('',(2.377627457948,1.,0.2222));
#140 = B_SPLINE_CURVE_WITH_KNOTS('',4,(#141,#142,#143,#144,#145),
  .UNSPECIFIED.,.F.,.F.,(5,5),(0.,1.),.PIECEWISE_BEZIER_KNOTS.);
#141 = CARTESIAN_POINT('',(2.37747286303,1.,0.22));
#142 = CARTESIAN_POINT('',(2.390434471179,1.,0.40445326836));
#143 = CARTESIAN_POINT('',(2.403396226036,1.,0.588908624477));
#144 = CARTESIAN_POINT('',(2.416358116612,1.,0.773365911976));
#145 = CARTESIAN_POINT('',(2.429320133712,1.,0.957825));
#146 = ORIENTED_EDGE('',*,*,#147,.T.);
#147 = EDGE_CURVE('',#138,#148,#150,.T.);
#148 = VERTEX_POINT('',#149);
#149 = CARTESIAN_POINT('',(2.43,1.,0.2222));
#150 = LINE('',#151,#152);
#151 = CARTESIAN_POINT('',(1.4,1.,0.2222));
#152 = VECTOR('',#153,1.);
#153 = DIRECTION('',(1.,-3.445092848398E-16,0.));
#154 = ORIENTED_EDGE('',*,*,#155,.T.);
#155 = EDGE_CURVE('',#148,#156,#158,.T.);
#156 = VERTEX_POINT('',#157);
#157 = CARTESIAN_POINT('',(2.43,1.,0.957825));
#158 = LINE('',#159,#160);
#159 = CARTESIAN_POINT('',(2.43,1.,0.));
#160 = VECTOR('',#161,1.);
#161 = DIRECTION('',(0.,0.,1.));
#162 = ORIENTED_EDGE('',*,*,#163,.T.);
#163 = EDGE_CURVE('',#156,#164,#166,.T.);
#164 = VERTEX_POINT('',#165);
#165 = CARTESIAN_POINT('',(2.503333333333,1.,0.957825));
#166 = LINE('',#167,#168);
#167 = CARTESIAN_POINT('',(2.43,1.,0.957825));
#168 = VECTOR('',#169,1.);
#169 = DIRECTION('',(1.,-3.445092848398E-16,0.));
#170 = ORIENTED_EDGE('',*,*,#171,.F.);
#171 = EDGE_CURVE('',#106,#164,#172,.T.);
#172 = CIRCLE('',#173,0.146666666667);
#173 = AXIS2_PLACEMENT_3D('',#174,#175,#176);
#174 = CARTESIAN_POINT('',(2.503333333333,1.,0.811158333333));
#175 = DIRECTION('',(-3.445092848398E-16,-1.,0.));
#176 = DIRECTION('',(0.,0.,1.));
#177 = PLANE('',#178);
#178 = AXIS2_PLACEMENT_3D('',#179,#180,#181);
#179 = CARTESIAN_POINT('',(2.181840899909,1.,0.302067385793));
#180 = DIRECTION('',(3.208039609213E-16,1.,-3.455687485119E-18));
#181 = DIRECTION('',(-1.,3.208039609213E-16,0.));
#182 = ADVANCED_FACE('',(#183),#202,.T.);
#183 = FACE_BOUND('',#184,.T.);
#184 = EDGE_LOOP('',(#185,#193,#200,#201));
#185 = ORIENTED_EDGE('',*,*,#186,.T.);
#186 = EDGE_CURVE('',#104,#187,#189,.T.);
#187 = VERTEX_POINT('',#188);
#188 = CARTESIAN_POINT('',(2.65,-1.,0.146666666667));
#189 = LINE('',#190,#191);
#190 = CARTESIAN_POINT('',(2.65,1.,0.146666666667));
#191 = VECTOR('',#192,1.);
#192 = DIRECTION('',(-3.445092848398E-16,-1.,0.));
#193 = ORIENTED_EDGE('',*,*,#194,.T.);
#194 = EDGE_CURVE('',#187,#74,#195,.T.);
#195 = CIRCLE('',#196,0.146666666667);
#196 = AXIS2_PLACEMENT_3D('',#197,#198,#199);
#197 = CARTESIAN_POINT('',(2.503333333333,-1.,0.146666666667));
#198 = DIRECTION('',(3.445092848398E-16,1.,-0.));
#199 = DIRECTION('',(0.,0.,1.));
#200 = ORIENTED_EDGE('',*,*,#73,.F.);
#201 = ORIENTED_EDGE('',*,*,#113,.F.);
#202 = CYLINDRICAL_SURFACE('',#203,0.146666666667);
#203 = AXIS2_PLACEMENT_3D('',#204,#205,#206);
#204 = CARTESIAN_POINT('',(2.503333333333,1.,0.146666666667));
#205 = DIRECTION('',(-3.445092848398E-16,-1.,0.));
#206 = DIRECTION('',(1.,-3.445092848398E-16,0.));
#207 = ADVANCED_FACE('',(#208),#277,.T.);
#208 = FACE_BOUND('',#209,.T.);
#209 = EDGE_LOOP('',(#210,#211,#219,#228,#236,#244,#252,#262,#270,#276)
  );
#210 = ORIENTED_EDGE('',*,*,#194,.F.);
#211 = ORIENTED_EDGE('',*,*,#212,.T.);
#212 = EDGE_CURVE('',#187,#213,#215,.T.);
#213 = VERTEX_POINT('',#214);
#214 = CARTESIAN_POINT('',(2.65,-1.,0.811158333333));
#215 = LINE('',#216,#217);
#216 = CARTESIAN_POINT('',(2.65,-1.,0.));
#217 = VECTOR('',#218,1.);
#218 = DIRECTION('',(0.,0.,1.));
#219 = ORIENTED_EDGE('',*,*,#220,.T.);
#220 = EDGE_CURVE('',#213,#221,#223,.T.);
#221 = VERTEX_POINT('',#222);
#222 = CARTESIAN_POINT('',(2.503333333333,-1.,0.957825));
#223 = CIRCLE('',#224,0.146666666667);
#224 = AXIS2_PLACEMENT_3D('',#225,#226,#227);
#225 = CARTESIAN_POINT('',(2.503333333333,-1.,0.811158333333));
#226 = DIRECTION('',(-3.445092848398E-16,-1.,0.));
#227 = DIRECTION('',(0.,0.,1.));
#228 = ORIENTED_EDGE('',*,*,#229,.T.);
#229 = EDGE_CURVE('',#221,#230,#232,.T.);
#230 = VERTEX_POINT('',#231);
#231 = CARTESIAN_POINT('',(2.43,-1.,0.957825));
#232 = LINE('',#233,#234);
#233 = CARTESIAN_POINT('',(2.65,-1.,0.957825));
#234 = VECTOR('',#235,1.);
#235 = DIRECTION('',(-1.,3.445092848398E-16,0.));
#236 = ORIENTED_EDGE('',*,*,#237,.F.);
#237 = EDGE_CURVE('',#238,#230,#240,.T.);
#238 = VERTEX_POINT('',#239);
#239 = CARTESIAN_POINT('',(2.43,-1.,0.2222));
#240 = LINE('',#241,#242);
#241 = CARTESIAN_POINT('',(2.43,-1.,0.));
#242 = VECTOR('',#243,1.);
#243 = DIRECTION('',(0.,0.,1.));
#244 = ORIENTED_EDGE('',*,*,#245,.T.);
#245 = EDGE_CURVE('',#238,#246,#248,.T.);
#246 = VERTEX_POINT('',#247);
#247 = CARTESIAN_POINT('',(2.377627457948,-1.,0.2222));
#248 = LINE('',#249,#250);
#249 = CARTESIAN_POINT('',(2.43,-1.,0.2222));
#250 = VECTOR('',#251,1.);
#251 = DIRECTION('',(-1.,3.445092848398E-16,0.));
#252 = ORIENTED_EDGE('',*,*,#253,.F.);
#253 = EDGE_CURVE('',#254,#246,#256,.T.);
#254 = VERTEX_POINT('',#255);
#255 = CARTESIAN_POINT('',(2.37747286303,-1.,0.22));
#256 = B_SPLINE_CURVE_WITH_KNOTS('',4,(#257,#258,#259,#260,#261),
  .UNSPECIFIED.,.F.,.F.,(5,5),(0.,1.),.PIECEWISE_BEZIER_KNOTS.);
#257 = CARTESIAN_POINT('',(2.37747286303,-1.,0.22));
#258 = CARTESIAN_POINT('',(2.390434471179,-1.,0.40445326836));
#259 = CARTESIAN_POINT('',(2.403396226036,-1.,0.588908624477));
#260 = CARTESIAN_POINT('',(2.416358116612,-1.,0.773365911976));
#261 = CARTESIAN_POINT('',(2.429320133712,-1.,0.957825));
#262 = ORIENTED_EDGE('',*,*,#263,.F.);
#263 = EDGE_CURVE('',#264,#254,#266,.T.);
#264 = VERTEX_POINT('',#265);
#265 = CARTESIAN_POINT('',(1.4,-1.,0.22));
#266 = LINE('',#267,#268);
#267 = CARTESIAN_POINT('',(2.279656881469,-1.,0.22));
#268 = VECTOR('',#269,1.);
#269 = DIRECTION('',(1.,-5.837911398703E-16,-0.));
#270 = ORIENTED_EDGE('',*,*,#271,.F.);
#271 = EDGE_CURVE('',#82,#264,#272,.T.);
#272 = LINE('',#273,#274);
#273 = CARTESIAN_POINT('',(1.4,-1.,0.));
#274 = VECTOR('',#275,1.);
#275 = DIRECTION('',(0.,0.,1.));
#276 = ORIENTED_EDGE('',*,*,#81,.F.);
#277 = PLANE('',#278);
#278 = AXIS2_PLACEMENT_3D('',#279,#280,#281);
#279 = CARTESIAN_POINT('',(2.181840899909,-1.,0.302067385793));
#280 = DIRECTION('',(-5.837911398703E-16,-1.,3.048681254865E-17));
#281 = DIRECTION('',(1.,-5.837911398703E-16,0.));
#282 = ADVANCED_FACE('',(#283),#294,.T.);
#283 = FACE_BOUND('',#284,.T.);
#284 = EDGE_LOOP('',(#285,#286,#287,#293));
#285 = ORIENTED_EDGE('',*,*,#89,.F.);
#286 = ORIENTED_EDGE('',*,*,#271,.T.);
#287 = ORIENTED_EDGE('',*,*,#288,.F.);
#288 = EDGE_CURVE('',#122,#264,#289,.T.);
#289 = LINE('',#290,#291);
#290 = CARTESIAN_POINT('',(1.4,-1.361236431515,0.22));
#291 = VECTOR('',#292,1.);
#292 = DIRECTION('',(-3.445092848398E-16,-1.,0.));
#293 = ORIENTED_EDGE('',*,*,#121,.F.);
#294 = PLANE('',#295);
#295 = AXIS2_PLACEMENT_3D('',#296,#297,#298);
#296 = CARTESIAN_POINT('',(1.4,-1.,0.));
#297 = DIRECTION('',(-1.,3.445092848398E-16,0.));
#298 = DIRECTION('',(3.445092848398E-16,1.,0.));
#299 = ADVANCED_FACE('',(#300),#311,.T.);
#300 = FACE_BOUND('',#301,.T.);
#301 = EDGE_LOOP('',(#302,#303,#309,#310));
#302 = ORIENTED_EDGE('',*,*,#103,.T.);
#303 = ORIENTED_EDGE('',*,*,#304,.T.);
#304 = EDGE_CURVE('',#106,#213,#305,.T.);
#305 = LINE('',#306,#307);
#306 = CARTESIAN_POINT('',(2.65,1.,0.811158333333));
#307 = VECTOR('',#308,1.);
#308 = DIRECTION('',(-3.445092848398E-16,-1.,0.));
#309 = ORIENTED_EDGE('',*,*,#212,.F.);
#310 = ORIENTED_EDGE('',*,*,#186,.F.);
#311 = PLANE('',#312);
#312 = AXIS2_PLACEMENT_3D('',#313,#314,#315);
#313 = CARTESIAN_POINT('',(2.65,1.,0.));
#314 = DIRECTION('',(1.,-3.445092848398E-16,0.));
#315 = DIRECTION('',(-3.445092848398E-16,-1.,0.));
#316 = ADVANCED_FACE('',(#317),#328,.T.);
#317 = FACE_BOUND('',#318,.T.);
#318 = EDGE_LOOP('',(#319,#320,#326,#327));
#319 = ORIENTED_EDGE('',*,*,#171,.T.);
#320 = ORIENTED_EDGE('',*,*,#321,.T.);
#321 = EDGE_CURVE('',#164,#221,#322,.T.);
#322 = LINE('',#323,#324);
#323 = CARTESIAN_POINT('',(2.503333333333,1.,0.957825));
#324 = VECTOR('',#325,1.);
#325 = DIRECTION('',(-3.445092848398E-16,-1.,0.));
#326 = ORIENTED_EDGE('',*,*,#220,.F.);
#327 = ORIENTED_EDGE('',*,*,#304,.F.);
#328 = CYLINDRICAL_SURFACE('',#329,0.146666666667);
#329 = AXIS2_PLACEMENT_3D('',#330,#331,#332);
#330 = CARTESIAN_POINT('',(2.503333333333,1.,0.811158333333));
#331 = DIRECTION('',(-3.445092848398E-16,-1.,0.));
#332 = DIRECTION('',(1.,-3.445092848398E-16,0.));
#333 = ADVANCED_FACE('',(#334),#345,.F.);
#334 = FACE_BOUND('',#335,.F.);
#335 = EDGE_LOOP('',(#336,#337,#338,#339));
#336 = ORIENTED_EDGE('',*,*,#163,.T.);
#337 = ORIENTED_EDGE('',*,*,#321,.T.);
#338 = ORIENTED_EDGE('',*,*,#229,.T.);
#339 = ORIENTED_EDGE('',*,*,#340,.T.);
#340 = EDGE_CURVE('',#230,#156,#341,.T.);
#341 = LINE('',#342,#343);
#342 = CARTESIAN_POINT('',(2.43,-1.,0.957825));
#343 = VECTOR('',#344,1.);
#344 = DIRECTION('',(3.445092848398E-16,1.,0.));
#345 = PLANE('',#346);
#346 = AXIS2_PLACEMENT_3D('',#347,#348,#349);
#347 = CARTESIAN_POINT('',(2.54,-8.881784197001E-16,0.957825));
#348 = DIRECTION('',(0.,0.,-1.));
#349 = DIRECTION('',(3.445092848398E-16,1.,0.));
#350 = ADVANCED_FACE('',(#351),#362,.T.);
#351 = FACE_BOUND('',#352,.T.);
#352 = EDGE_LOOP('',(#353,#359,#360,#361));
#353 = ORIENTED_EDGE('',*,*,#354,.T.);
#354 = EDGE_CURVE('',#148,#238,#355,.T.);
#355 = LINE('',#356,#357);
#356 = CARTESIAN_POINT('',(2.43,1.,0.2222));
#357 = VECTOR('',#358,1.);
#358 = DIRECTION('',(-3.445092848398E-16,-1.,0.));
#359 = ORIENTED_EDGE('',*,*,#237,.T.);
#360 = ORIENTED_EDGE('',*,*,#340,.T.);
#361 = ORIENTED_EDGE('',*,*,#155,.F.);
#362 = PLANE('',#363);
#363 = AXIS2_PLACEMENT_3D('',#364,#365,#366);
#364 = CARTESIAN_POINT('',(2.43,-1.,0.));
#365 = DIRECTION('',(-1.,3.445092848398E-16,0.));
#366 = DIRECTION('',(3.445092848398E-16,1.,0.));
#367 = ADVANCED_FACE('',(#368),#378,.F.);
#368 = FACE_BOUND('',#369,.F.);
#369 = EDGE_LOOP('',(#370,#375,#376,#377));
#370 = ORIENTED_EDGE('',*,*,#371,.F.);
#371 = EDGE_CURVE('',#138,#246,#372,.T.);
#372 = B_SPLINE_CURVE_WITH_KNOTS('',1,(#373,#374),.UNSPECIFIED.,.F.,.F.,
  (2,2),(0.,1.),.PIECEWISE_BEZIER_KNOTS.);
#373 = CARTESIAN_POINT('',(2.377627457948,1.,0.2222));
#374 = CARTESIAN_POINT('',(2.377627457948,-1.,0.2222));
#375 = ORIENTED_EDGE('',*,*,#147,.T.);
#376 = ORIENTED_EDGE('',*,*,#354,.T.);
#377 = ORIENTED_EDGE('',*,*,#245,.T.);
#378 = PLANE('',#379);
#379 = AXIS2_PLACEMENT_3D('',#380,#381,#382);
#380 = CARTESIAN_POINT('',(1.915,-6.661338147751E-16,0.2222));
#381 = DIRECTION('',(0.,0.,-1.));
#382 = DIRECTION('',(3.445092848398E-16,1.,0.));
#383 = ADVANCED_FACE('',(#384),#425,.T.);
#384 = FACE_BOUND('',#385,.T.);
#385 = EDGE_LOOP('',(#386,#395,#401,#402,#403,#404,#412,#419));
#386 = ORIENTED_EDGE('',*,*,#387,.F.);
#387 = EDGE_CURVE('',#388,#390,#392,.T.);
#388 = VERTEX_POINT('',#389);
#389 = CARTESIAN_POINT('',(2.37747286303,-1.72247286303,0.22));
#390 = VERTEX_POINT('',#391);
#391 = CARTESIAN_POINT('',(2.43,-1.775,0.9675));
#392 = B_SPLINE_CURVE_WITH_KNOTS('',1,(#393,#394),.UNSPECIFIED.,.F.,.F.,
  (2,2),(0.,1.),.PIECEWISE_BEZIER_KNOTS.);
#393 = CARTESIAN_POINT('',(2.37747286303,-1.72247286303,0.22));
#394 = CARTESIAN_POINT('',(2.43,-1.775,0.9675));
#395 = ORIENTED_EDGE('',*,*,#396,.T.);
#396 = EDGE_CURVE('',#388,#254,#397,.T.);
#397 = LINE('',#398,#399);
#398 = CARTESIAN_POINT('',(2.37747286303,-1.72247286303,0.22));
#399 = VECTOR('',#400,1.);
#400 = DIRECTION('',(2.22044604925E-16,1.,0.));
#401 = ORIENTED_EDGE('',*,*,#253,.T.);
#402 = ORIENTED_EDGE('',*,*,#371,.F.);
#403 = ORIENTED_EDGE('',*,*,#137,.F.);
#404 = ORIENTED_EDGE('',*,*,#405,.T.);
#405 = EDGE_CURVE('',#130,#406,#408,.T.);
#406 = VERTEX_POINT('',#407);
#407 = CARTESIAN_POINT('',(2.37747286303,1.72247286303,0.22));
#408 = LINE('',#409,#410);
#409 = CARTESIAN_POINT('',(2.37747286303,-1.72247286303,0.22));
#410 = VECTOR('',#411,1.);
#411 = DIRECTION('',(2.22044604925E-16,1.,0.));
#412 = ORIENTED_EDGE('',*,*,#413,.T.);
#413 = EDGE_CURVE('',#406,#414,#416,.T.);
#414 = VERTEX_POINT('',#415);
#415 = CARTESIAN_POINT('',(2.43,1.775,0.9675));
#416 = B_SPLINE_CURVE_WITH_KNOTS('',1,(#417,#418),.UNSPECIFIED.,.F.,.F.,
  (2,2),(0.,1.),.PIECEWISE_BEZIER_KNOTS.);
#417 = CARTESIAN_POINT('',(2.37747286303,1.72247286303,0.22));
#418 = CARTESIAN_POINT('',(2.43,1.775,0.9675));
#419 = ORIENTED_EDGE('',*,*,#420,.F.);
#420 = EDGE_CURVE('',#390,#414,#421,.T.);
#421 = LINE('',#422,#423);
#422 = CARTESIAN_POINT('',(2.43,-1.775,0.9675));
#423 = VECTOR('',#424,1.);
#424 = DIRECTION('',(2.22044604925E-16,1.,0.));
#425 = B_SPLINE_SURFACE_WITH_KNOTS('',1,1,(
    (#426,#427)
    ,(#428,#429
    )),.UNSPECIFIED.,.F.,.F.,.F.,(2,2),(2,2),(0.,3.55),(0.,1.),
  .PIECEWISE_BEZIER_KNOTS.);
#426 = CARTESIAN_POINT('',(2.37747286303,-1.72247286303,0.22));
#427 = CARTESIAN_POINT('',(2.43,-1.775,0.9675));
#428 = CARTESIAN_POINT('',(2.37747286303,1.72247286303,0.22));
#429 = CARTESIAN_POINT('',(2.43,1.775,0.9675));
#430 = ADVANCED_FACE('',(#431),#460,.T.);
#431 = FACE_BOUND('',#432,.T.);
#432 = EDGE_LOOP('',(#433,#434,#442,#450,#456,#457,#458,#459));
#433 = ORIENTED_EDGE('',*,*,#396,.F.);
#434 = ORIENTED_EDGE('',*,*,#435,.F.);
#435 = EDGE_CURVE('',#436,#388,#438,.T.);
#436 = VERTEX_POINT('',#437);
#437 = CARTESIAN_POINT('',(1.3,-1.72247286303,0.22));
#438 = LINE('',#439,#440);
#439 = CARTESIAN_POINT('',(-2.37747286303,-1.72247286303,0.22));
#440 = VECTOR('',#441,1.);
#441 = DIRECTION('',(1.,-2.22044604925E-16,0.));
#442 = ORIENTED_EDGE('',*,*,#443,.T.);
#443 = EDGE_CURVE('',#436,#444,#446,.T.);
#444 = VERTEX_POINT('',#445);
#445 = CARTESIAN_POINT('',(1.3,1.72247286303,0.22));
#446 = LINE('',#447,#448);
#447 = CARTESIAN_POINT('',(1.3,-1.72247286303,0.22));
#448 = VECTOR('',#449,1.);
#449 = DIRECTION('',(2.22044604925E-16,1.,0.));
#450 = ORIENTED_EDGE('',*,*,#451,.F.);
#451 = EDGE_CURVE('',#406,#444,#452,.T.);
#452 = LINE('',#453,#454);
#453 = CARTESIAN_POINT('',(2.37747286303,1.72247286303,0.22));
#454 = VECTOR('',#455,1.);
#455 = DIRECTION('',(-1.,2.22044604925E-16,0.));
#456 = ORIENTED_EDGE('',*,*,#405,.F.);
#457 = ORIENTED_EDGE('',*,*,#129,.T.);
#458 = ORIENTED_EDGE('',*,*,#288,.T.);
#459 = ORIENTED_EDGE('',*,*,#263,.T.);
#460 = PLANE('',#461);
#461 = AXIS2_PLACEMENT_3D('',#462,#463,#464);
#462 = CARTESIAN_POINT('',(2.37747286303,-1.72247286303,0.22));
#463 = DIRECTION('',(0.,0.,-1.));
#464 = DIRECTION('',(-0.809803822742,0.586700748825,0.));
#465 = ADVANCED_FACE('',(#466),#499,.T.);
#466 = FACE_BOUND('',#467,.T.);
#467 = EDGE_LOOP('',(#468,#478,#484,#485,#486,#494));
#468 = ORIENTED_EDGE('',*,*,#469,.T.);
#469 = EDGE_CURVE('',#470,#472,#474,.T.);
#470 = VERTEX_POINT('',#471);
#471 = CARTESIAN_POINT('',(-2.37747286303,-1.72247286303,0.22));
#472 = VERTEX_POINT('',#473);
#473 = CARTESIAN_POINT('',(-1.3,-1.72247286303,0.22));
#474 = LINE('',#475,#476);
#475 = CARTESIAN_POINT('',(-2.37747286303,-1.72247286303,0.22));
#476 = VECTOR('',#477,1.);
#477 = DIRECTION('',(1.,-2.22044604925E-16,0.));
#478 = ORIENTED_EDGE('',*,*,#479,.T.);
#479 = EDGE_CURVE('',#472,#436,#480,.T.);
#480 = LINE('',#481,#482);
#481 = CARTESIAN_POINT('',(-1.3,-1.72247286303,0.22));
#482 = VECTOR('',#483,1.);
#483 = DIRECTION('',(1.,-2.22044604925E-16,0.));
#484 = ORIENTED_EDGE('',*,*,#435,.T.);
#485 = ORIENTED_EDGE('',*,*,#387,.T.);
#486 = ORIENTED_EDGE('',*,*,#487,.F.);
#487 = EDGE_CURVE('',#488,#390,#490,.T.);
#488 = VERTEX_POINT('',#489);
#489 = CARTESIAN_POINT('',(-2.43,-1.775,0.9675));
#490 = LINE('',#491,#492);
#491 = CARTESIAN_POINT('',(-2.43,-1.775,0.9675));
#492 = VECTOR('',#493,1.);
#493 = DIRECTION('',(1.,-2.22044604925E-16,0.));
#494 = ORIENTED_EDGE('',*,*,#495,.F.);
#495 = EDGE_CURVE('',#470,#488,#496,.T.);
#496 = B_SPLINE_CURVE_WITH_KNOTS('',1,(#497,#498),.UNSPECIFIED.,.F.,.F.,
  (2,2),(0.,1.),.PIECEWISE_BEZIER_KNOTS.);
#497 = CARTESIAN_POINT('',(-2.37747286303,-1.72247286303,0.22));
#498 = CARTESIAN_POINT('',(-2.43,-1.775,0.9675));
#499 = B_SPLINE_SURFACE_WITH_KNOTS('',1,1,(
    (#500,#501)
    ,(#502,#503
    )),.UNSPECIFIED.,.F.,.F.,.F.,(2,2),(2,2),(0.,4.86),(0.,1.),
  .PIECEWISE_BEZIER_KNOTS.);
#500 = CARTESIAN_POINT('',(-2.37747286303,-1.72247286303,0.22));
#501 = CARTESIAN_POINT('',(-2.43,-1.775,0.9675));
#502 = CARTESIAN_POINT('',(2.37747286303,-1.72247286303,0.22));
#503 = CARTESIAN_POINT('',(2.43,-1.775,0.9675));
#504 = ADVANCED_FACE('',(#505),#528,.T.);
#505 = FACE_BOUND('',#506,.T.);
#506 = EDGE_LOOP('',(#507,#508,#515,#523));
#507 = ORIENTED_EDGE('',*,*,#420,.T.);
#508 = ORIENTED_EDGE('',*,*,#509,.T.);
#509 = EDGE_CURVE('',#414,#510,#512,.T.);
#510 = VERTEX_POINT('',#511);
#511 = CARTESIAN_POINT('',(2.346905231482,1.691905231482,2.15));
#512 = B_SPLINE_CURVE_WITH_KNOTS('',1,(#513,#514),.UNSPECIFIED.,.F.,.F.,
  (2,2),(0.,1.),.PIECEWISE_BEZIER_KNOTS.);
#513 = CARTESIAN_POINT('',(2.43,1.775,0.9675));
#514 = CARTESIAN_POINT('',(2.346905231482,1.691905231482,2.15));
#515 = ORIENTED_EDGE('',*,*,#516,.F.);
#516 = EDGE_CURVE('',#517,#510,#519,.T.);
#517 = VERTEX_POINT('',#518);
#518 = CARTESIAN_POINT('',(2.346905231482,-1.691905231482,2.15));
#519 = LINE('',#520,#521);
#520 = CARTESIAN_POINT('',(2.346905231482,-1.691905231482,2.15));
#521 = VECTOR('',#522,1.);
#522 = DIRECTION('',(2.22044604925E-16,1.,0.));
#523 = ORIENTED_EDGE('',*,*,#524,.F.);
#524 = EDGE_CURVE('',#390,#517,#525,.T.);
#525 = B_SPLINE_CURVE_WITH_KNOTS('',1,(#526,#527),.UNSPECIFIED.,.F.,.F.,
  (2,2),(0.,1.),.PIECEWISE_BEZIER_KNOTS.);
#526 = CARTESIAN_POINT('',(2.43,-1.775,0.9675));
#527 = CARTESIAN_POINT('',(2.346905231482,-1.691905231482,2.15));
#528 = B_SPLINE_SURFACE_WITH_KNOTS('',1,1,(
    (#529,#530)
    ,(#531,#532
    )),.UNSPECIFIED.,.F.,.F.,.F.,(2,2),(2,2),(0.,3.55),(0.,1.),
  .PIECEWISE_BEZIER_KNOTS.);
#529 = CARTESIAN_POINT('',(2.43,-1.775,0.9675));
#530 = CARTESIAN_POINT('',(2.346905231482,-1.691905231482,2.15));
#531 = CARTESIAN_POINT('',(2.43,1.775,0.9675));
#532 = CARTESIAN_POINT('',(2.346905231482,1.691905231482,2.15));
#533 = ADVANCED_FACE('',(#534),#567,.T.);
#534 = FACE_BOUND('',#535,.T.);
#535 = EDGE_LOOP('',(#536,#537,#545,#553,#560,#566));
#536 = ORIENTED_EDGE('',*,*,#451,.T.);
#537 = ORIENTED_EDGE('',*,*,#538,.T.);
#538 = EDGE_CURVE('',#444,#539,#541,.T.);
#539 = VERTEX_POINT('',#540);
#540 = CARTESIAN_POINT('',(-1.3,1.72247286303,0.22));
#541 = LINE('',#542,#543);
#542 = CARTESIAN_POINT('',(1.3,1.72247286303,0.22));
#543 = VECTOR('',#544,1.);
#544 = DIRECTION('',(-1.,2.22044604925E-16,0.));
#545 = ORIENTED_EDGE('',*,*,#546,.T.);
#546 = EDGE_CURVE('',#539,#547,#549,.T.);
#547 = VERTEX_POINT('',#548);
#548 = CARTESIAN_POINT('',(-2.37747286303,1.72247286303,0.22));
#549 = LINE('',#550,#551);
#550 = CARTESIAN_POINT('',(2.37747286303,1.72247286303,0.22));
#551 = VECTOR('',#552,1.);
#552 = DIRECTION('',(-1.,2.22044604925E-16,0.));
#553 = ORIENTED_EDGE('',*,*,#554,.T.);
#554 = EDGE_CURVE('',#547,#555,#557,.T.);
#555 = VERTEX_POINT('',#556);
#556 = CARTESIAN_POINT('',(-2.43,1.775,0.9675));
#557 = B_SPLINE_CURVE_WITH_KNOTS('',1,(#558,#559),.UNSPECIFIED.,.F.,.F.,
  (2,2),(0.,1.),.PIECEWISE_BEZIER_KNOTS.);
#558 = CARTESIAN_POINT('',(-2.37747286303,1.72247286303,0.22));
#559 = CARTESIAN_POINT('',(-2.43,1.775,0.9675));
#560 = ORIENTED_EDGE('',*,*,#561,.F.);
#561 = EDGE_CURVE('',#414,#555,#562,.T.);
#562 = LINE('',#563,#564);
#563 = CARTESIAN_POINT('',(2.43,1.775,0.9675));
#564 = VECTOR('',#565,1.);
#565 = DIRECTION('',(-1.,2.22044604925E-16,0.));
#566 = ORIENTED_EDGE('',*,*,#413,.F.);
#567 = B_SPLINE_SURFACE_WITH_KNOTS('',1,1,(
    (#568,#569)
    ,(#570,#571
    )),.UNSPECIFIED.,.F.,.F.,.F.,(2,2),(2,2),(0.,4.86),(0.,1.),
  .PIECEWISE_BEZIER_KNOTS.);
#568 = CARTESIAN_POINT('',(2.37747286303,1.72247286303,0.22));
#569 = CARTESIAN_POINT('',(2.43,1.775,0.9675));
#570 = CARTESIAN_POINT('',(-2.37747286303,1.72247286303,0.22));
#571 = CARTESIAN_POINT('',(-2.43,1.775,0.9675));
#572 = ADVANCED_FACE('',(#573),#596,.T.);
#573 = FACE_BOUND('',#574,.T.);
#574 = EDGE_LOOP('',(#575,#585,#590,#591));
#575 = ORIENTED_EDGE('',*,*,#576,.T.);
#576 = EDGE_CURVE('',#577,#579,#581,.T.);
#577 = VERTEX_POINT('',#578);
#578 = CARTESIAN_POINT('',(1.3,-1.707013371213,0.));
#579 = VERTEX_POINT('',#580);
#580 = CARTESIAN_POINT('',(1.3,1.707013371213,0.));
#581 = LINE('',#582,#583);
#582 = CARTESIAN_POINT('',(1.3,-1.707013371213,0.));
#583 = VECTOR('',#584,1.);
#584 = DIRECTION('',(2.22044604925E-16,1.,0.));
#585 = ORIENTED_EDGE('',*,*,#586,.T.);
#586 = EDGE_CURVE('',#579,#444,#587,.T.);
#587 = B_SPLINE_CURVE_WITH_KNOTS('',1,(#588,#589),.UNSPECIFIED.,.F.,.F.,
  (2,2),(0.,1.),.PIECEWISE_BEZIER_KNOTS.);
#588 = CARTESIAN_POINT('',(1.3,1.707013371213,0.));
#589 = CARTESIAN_POINT('',(1.3,1.72247286303,0.22));
#590 = ORIENTED_EDGE('',*,*,#443,.F.);
#591 = ORIENTED_EDGE('',*,*,#592,.F.);
#592 = EDGE_CURVE('',#577,#436,#593,.T.);
#593 = B_SPLINE_CURVE_WITH_KNOTS('',1,(#594,#595),.UNSPECIFIED.,.F.,.F.,
  (2,2),(0.,1.),.PIECEWISE_BEZIER_KNOTS.);
#594 = CARTESIAN_POINT('',(1.3,-1.707013371213,0.));
#595 = CARTESIAN_POINT('',(1.3,-1.72247286303,0.22));
#596 = B_SPLINE_SURFACE_WITH_KNOTS('',1,1,(
    (#597,#598)
    ,(#599,#600
    )),.UNSPECIFIED.,.F.,.F.,.F.,(2,2),(2,2),(0.,3.44494572606),(0.,1.),
  .PIECEWISE_BEZIER_KNOTS.);
#597 = CARTESIAN_POINT('',(1.3,-1.707013371213,0.));
#598 = CARTESIAN_POINT('',(1.3,-1.72247286303,0.22));
#599 = CARTESIAN_POINT('',(1.3,1.707013371213,0.));
#600 = CARTESIAN_POINT('',(1.3,1.72247286303,0.22));
#601 = ADVANCED_FACE('',(#602),#650,.T.);
#602 = FACE_BOUND('',#603,.T.);
#603 = EDGE_LOOP('',(#604,#605,#611,#612,#620,#628,#636,#644));
#604 = ORIENTED_EDGE('',*,*,#546,.F.);
#605 = ORIENTED_EDGE('',*,*,#606,.T.);
#606 = EDGE_CURVE('',#539,#472,#607,.T.);
#607 = LINE('',#608,#609);
#608 = CARTESIAN_POINT('',(-1.3,1.72247286303,0.22));
#609 = VECTOR('',#610,1.);
#610 = DIRECTION('',(-2.22044604925E-16,-1.,0.));
#611 = ORIENTED_EDGE('',*,*,#469,.F.);
#612 = ORIENTED_EDGE('',*,*,#613,.F.);
#613 = EDGE_CURVE('',#614,#470,#616,.T.);
#614 = VERTEX_POINT('',#615);
#615 = CARTESIAN_POINT('',(-2.37747286303,-1.,0.22));
#616 = LINE('',#617,#618);
#617 = CARTESIAN_POINT('',(-2.37747286303,1.72247286303,0.22));
#618 = VECTOR('',#619,1.);
#619 = DIRECTION('',(-2.22044604925E-16,-1.,0.));
#620 = ORIENTED_EDGE('',*,*,#621,.T.);
#621 = EDGE_CURVE('',#614,#622,#624,.T.);
#622 = VERTEX_POINT('',#623);
#623 = CARTESIAN_POINT('',(-1.4,-1.,0.22));
#624 = LINE('',#625,#626);
#625 = CARTESIAN_POINT('',(9.781598156056E-02,-1.,0.22));
#626 = VECTOR('',#627,1.);
#627 = DIRECTION('',(1.,-2.22044604925E-16,0.));
#628 = ORIENTED_EDGE('',*,*,#629,.T.);
#629 = EDGE_CURVE('',#622,#630,#632,.T.);
#630 = VERTEX_POINT('',#631);
#631 = CARTESIAN_POINT('',(-1.4,1.,0.22));
#632 = LINE('',#633,#634);
#633 = CARTESIAN_POINT('',(-1.4,-0.361236431515,0.22));
#634 = VECTOR('',#635,1.);
#635 = DIRECTION('',(2.22044604925E-16,1.,0.));
#636 = ORIENTED_EDGE('',*,*,#637,.T.);
#637 = EDGE_CURVE('',#630,#638,#640,.T.);
#638 = VERTEX_POINT('',#639);
#639 = CARTESIAN_POINT('',(-2.37747286303,1.,0.22));
#640 = LINE('',#641,#642);
#641 = CARTESIAN_POINT('',(9.781598156056E-02,1.,0.22));
#642 = VECTOR('',#643,1.);
#643 = DIRECTION('',(-1.,2.22044604925E-16,0.));
#644 = ORIENTED_EDGE('',*,*,#645,.F.);
#645 = EDGE_CURVE('',#547,#638,#646,.T.);
#646 = LINE('',#647,#648);
#647 = CARTESIAN_POINT('',(-2.37747286303,1.72247286303,0.22));
#648 = VECTOR('',#649,1.);
#649 = DIRECTION('',(-2.22044604925E-16,-1.,0.));
#650 = PLANE('',#651);
#651 = AXIS2_PLACEMENT_3D('',#652,#653,#654);
#652 = CARTESIAN_POINT('',(2.37747286303,-1.72247286303,0.22));
#653 = DIRECTION('',(0.,0.,-1.));
#654 = DIRECTION('',(-0.809803822742,0.586700748825,0.));
#655 = ADVANCED_FACE('',(#656),#693,.T.);
#656 = FACE_BOUND('',#657,.T.);
#657 = EDGE_LOOP('',(#658,#659,#660,#670,#677,#685,#686,#687));
#658 = ORIENTED_EDGE('',*,*,#554,.F.);
#659 = ORIENTED_EDGE('',*,*,#645,.T.);
#660 = ORIENTED_EDGE('',*,*,#661,.T.);
#661 = EDGE_CURVE('',#638,#662,#664,.T.);
#662 = VERTEX_POINT('',#663);
#663 = CARTESIAN_POINT('',(-2.377627457948,1.,0.2222));
#664 = B_SPLINE_CURVE_WITH_KNOTS('',4,(#665,#666,#667,#668,#669),
  .UNSPECIFIED.,.F.,.F.,(5,5),(0.,1.),.PIECEWISE_BEZIER_KNOTS.);
#665 = CARTESIAN_POINT('',(-2.37747286303,1.,0.22));
#666 = CARTESIAN_POINT('',(-2.390434471179,1.,0.40445326836));
#667 = CARTESIAN_POINT('',(-2.403396226036,1.,0.588908624477));
#668 = CARTESIAN_POINT('',(-2.416358116612,1.,0.773365911976));
#669 = CARTESIAN_POINT('',(-2.429320133712,1.,0.957825));
#670 = ORIENTED_EDGE('',*,*,#671,.F.);
#671 = EDGE_CURVE('',#672,#662,#674,.T.);
#672 = VERTEX_POINT('',#673);
#673 = CARTESIAN_POINT('',(-2.377627457948,-1.,0.2222));
#674 = B_SPLINE_CURVE_WITH_KNOTS('',1,(#675,#676),.UNSPECIFIED.,.F.,.F.,
  (2,2),(0.,1.),.PIECEWISE_BEZIER_KNOTS.);
#675 = CARTESIAN_POINT('',(-2.377627457948,-1.,0.2222));
#676 = CARTESIAN_POINT('',(-2.377627457948,1.,0.2222));
#677 = ORIENTED_EDGE('',*,*,#678,.F.);
#678 = EDGE_CURVE('',#614,#672,#679,.T.);
#679 = B_SPLINE_CURVE_WITH_KNOTS('',4,(#680,#681,#682,#683,#684),
  .UNSPECIFIED.,.F.,.F.,(5,5),(0.,1.),.PIECEWISE_BEZIER_KNOTS.);
#680 = CARTESIAN_POINT('',(-2.37747286303,-1.,0.22));
#681 = CARTESIAN_POINT('',(-2.390434471179,-1.,0.40445326836));
#682 = CARTESIAN_POINT('',(-2.403396226036,-1.,0.588908624477));
#683 = CARTESIAN_POINT('',(-2.416358116612,-1.,0.773365911976));
#684 = CARTESIAN_POINT('',(-2.429320133712,-1.,0.957825));
#685 = ORIENTED_EDGE('',*,*,#613,.T.);
#686 = ORIENTED_EDGE('',*,*,#495,.T.);
#687 = ORIENTED_EDGE('',*,*,#688,.F.);
#688 = EDGE_CURVE('',#555,#488,#689,.T.);
#689 = LINE('',#690,#691);
#690 = CARTESIAN_POINT('',(-2.43,1.775,0.9675));
#691 = VECTOR('',#692,1.);
#692 = DIRECTION('',(-2.22044604925E-16,-1.,0.));
#693 = B_SPLINE_SURFACE_WITH_KNOTS('',1,1,(
    (#694,#695)
    ,(#696,#697
    )),.UNSPECIFIED.,.F.,.F.,.F.,(2,2),(2,2),(0.,3.55),(0.,1.),
  .PIECEWISE_BEZIER_KNOTS.);
#694 = CARTESIAN_POINT('',(-2.37747286303,1.72247286303,0.22));
#695 = CARTESIAN_POINT('',(-2.43,1.775,0.9675));
#696 = CARTESIAN_POINT('',(-2.37747286303,-1.72247286303,0.22));
#697 = CARTESIAN_POINT('',(-2.43,-1.775,0.9675));
#698 = ADVANCED_FACE('',(#699),#716,.T.);
#699 = FACE_BOUND('',#700,.T.);
#700 = EDGE_LOOP('',(#701,#709,#710,#711));
#701 = ORIENTED_EDGE('',*,*,#702,.T.);
#702 = EDGE_CURVE('',#703,#577,#705,.T.);
#703 = VERTEX_POINT('',#704);
#704 = CARTESIAN_POINT('',(-1.3,-1.707013371213,0.));
#705 = LINE('',#706,#707);
#706 = CARTESIAN_POINT('',(-1.3,-1.707013371213,0.));
#707 = VECTOR('',#708,1.);
#708 = DIRECTION('',(1.,-2.22044604925E-16,0.));
#709 = ORIENTED_EDGE('',*,*,#592,.T.);
#710 = ORIENTED_EDGE('',*,*,#479,.F.);
#711 = ORIENTED_EDGE('',*,*,#712,.F.);
#712 = EDGE_CURVE('',#703,#472,#713,.T.);
#713 = B_SPLINE_CURVE_WITH_KNOTS('',1,(#714,#715),.UNSPECIFIED.,.F.,.F.,
  (2,2),(0.,1.),.PIECEWISE_BEZIER_KNOTS.);
#714 = CARTESIAN_POINT('',(-1.3,-1.707013371213,0.));
#715 = CARTESIAN_POINT('',(-1.3,-1.72247286303,0.22));
#716 = PLANE('',#717);
#717 = AXIS2_PLACEMENT_3D('',#718,#719,#720);
#718 = CARTESIAN_POINT('',(-1.3,-1.72247286303,0.22));
#719 = DIRECTION('',(-2.214984063823E-16,-0.997540140447,
    -7.009756199374E-02));
#720 = DIRECTION('',(1.,-2.22044604925E-16,-1.177128382009E-30));
#721 = ADVANCED_FACE('',(#722),#739,.T.);
#722 = FACE_BOUND('',#723,.T.);
#723 = EDGE_LOOP('',(#724,#725,#726,#734));
#724 = ORIENTED_EDGE('',*,*,#487,.T.);
#725 = ORIENTED_EDGE('',*,*,#524,.T.);
#726 = ORIENTED_EDGE('',*,*,#727,.F.);
#727 = EDGE_CURVE('',#728,#517,#730,.T.);
#728 = VERTEX_POINT('',#729);
#729 = CARTESIAN_POINT('',(-2.346905231482,-1.691905231482,2.15));
#730 = LINE('',#731,#732);
#731 = CARTESIAN_POINT('',(-2.346905231482,-1.691905231482,2.15));
#732 = VECTOR('',#733,1.);
#733 = DIRECTION('',(1.,-2.22044604925E-16,0.));
#734 = ORIENTED_EDGE('',*,*,#735,.F.);
#735 = EDGE_CURVE('',#488,#728,#736,.T.);
#736 = B_SPLINE_CURVE_WITH_KNOTS('',1,(#737,#738),.UNSPECIFIED.,.F.,.F.,
  (2,2),(0.,1.),.PIECEWISE_BEZIER_KNOTS.);
#737 = CARTESIAN_POINT('',(-2.43,-1.775,0.9675));
#738 = CARTESIAN_POINT('',(-2.346905231482,-1.691905231482,2.15));
#739 = B_SPLINE_SURFACE_WITH_KNOTS('',1,1,(
    (#740,#741)
    ,(#742,#743
    )),.UNSPECIFIED.,.F.,.F.,.F.,(2,2),(2,2),(0.,4.86),(0.,1.),
  .PIECEWISE_BEZIER_KNOTS.);
#740 = CARTESIAN_POINT('',(-2.43,-1.775,0.9675));
#741 = CARTESIAN_POINT('',(-2.346905231482,-1.691905231482,2.15));
#742 = CARTESIAN_POINT('',(2.43,-1.775,0.9675));
#743 = CARTESIAN_POINT('',(2.346905231482,-1.691905231482,2.15));
#744 = ADVANCED_FACE('',(#745),#762,.T.);
#745 = FACE_BOUND('',#746,.T.);
#746 = EDGE_LOOP('',(#747,#748,#755,#761));
#747 = ORIENTED_EDGE('',*,*,#561,.T.);
#748 = ORIENTED_EDGE('',*,*,#749,.T.);
#749 = EDGE_CURVE('',#555,#750,#752,.T.);
#750 = VERTEX_POINT('',#751);
#751 = CARTESIAN_POINT('',(-2.346905231482,1.691905231482,2.15));
#752 = B_SPLINE_CURVE_WITH_KNOTS('',1,(#753,#754),.UNSPECIFIED.,.F.,.F.,
  (2,2),(0.,1.),.PIECEWISE_BEZIER_KNOTS.);
#753 = CARTESIAN_POINT('',(-2.43,1.775,0.9675));
#754 = CARTESIAN_POINT('',(-2.346905231482,1.691905231482,2.15));
#755 = ORIENTED_EDGE('',*,*,#756,.F.);
#756 = EDGE_CURVE('',#510,#750,#757,.T.);
#757 = LINE('',#758,#759);
#758 = CARTESIAN_POINT('',(2.346905231482,1.691905231482,2.15));
#759 = VECTOR('',#760,1.);
#760 = DIRECTION('',(-1.,2.22044604925E-16,0.));
#761 = ORIENTED_EDGE('',*,*,#509,.F.);
#762 = B_SPLINE_SURFACE_WITH_KNOTS('',1,1,(
    (#763,#764)
    ,(#765,#766
    )),.UNSPECIFIED.,.F.,.F.,.F.,(2,2),(2,2),(0.,4.86),(0.,1.),
  .PIECEWISE_BEZIER_KNOTS.);
#763 = CARTESIAN_POINT('',(2.43,1.775,0.9675));
#764 = CARTESIAN_POINT('',(2.346905231482,1.691905231482,2.15));
#765 = CARTESIAN_POINT('',(-2.43,1.775,0.9675));
#766 = CARTESIAN_POINT('',(-2.346905231482,1.691905231482,2.15));
#767 = ADVANCED_FACE('',(#768,#779),#813,.F.);
#768 = FACE_BOUND('',#769,.F.);
#769 = EDGE_LOOP('',(#770,#771,#772,#778));
#770 = ORIENTED_EDGE('',*,*,#516,.F.);
#771 = ORIENTED_EDGE('',*,*,#727,.F.);
#772 = ORIENTED_EDGE('',*,*,#773,.F.);
#773 = EDGE_CURVE('',#750,#728,#774,.T.);
#774 = LINE('',#775,#776);
#775 = CARTESIAN_POINT('',(-2.346905231482,1.691905231482,2.15));
#776 = VECTOR('',#777,1.);
#777 = DIRECTION('',(-2.22044604925E-16,-1.,0.));
#778 = ORIENTED_EDGE('',*,*,#756,.F.);
#779 = FACE_BOUND('',#780,.F.);
#780 = EDGE_LOOP('',(#781,#791,#799,#807));
#781 = ORIENTED_EDGE('',*,*,#782,.T.);
#782 = EDGE_CURVE('',#783,#785,#787,.T.);
#783 = VERTEX_POINT('',#784);
#784 = CARTESIAN_POINT('',(-1.663810462964,1.608810462964,2.15));
#785 = VERTEX_POINT('',#786);
#786 = CARTESIAN_POINT('',(-2.263810462964,1.608810462964,2.15));
#787 = LINE('',#788,#789);
#788 = CARTESIAN_POINT('',(-1.663810462964,1.608810462964,2.15));
#789 = VECTOR('',#790,1.);
#790 = DIRECTION('',(-1.,2.22044604925E-16,0.));
#791 = ORIENTED_EDGE('',*,*,#792,.T.);
#792 = EDGE_CURVE('',#785,#793,#795,.T.);
#793 = VERTEX_POINT('',#794);
#794 = CARTESIAN_POINT('',(-2.263810462964,-1.608810462964,2.15));
#795 = LINE('',#796,#797);
#796 = CARTESIAN_POINT('',(-2.263810462964,1.608810462964,2.15));
#797 = VECTOR('',#798,1.);
#798 = DIRECTION('',(-2.22044604925E-16,-1.,0.));
#799 = ORIENTED_EDGE('',*,*,#800,.T.);
#800 = EDGE_CURVE('',#793,#801,#803,.T.);
#801 = VERTEX_POINT('',#802);
#802 = CARTESIAN_POINT('',(-1.663810462964,-1.608810462964,2.15));
#803 = LINE('',#804,#805);
#804 = CARTESIAN_POINT('',(-2.263810462964,-1.608810462964,2.15));
#805 = VECTOR('',#806,1.);
#806 = DIRECTION('',(1.,-2.22044604925E-16,0.));
#807 = ORIENTED_EDGE('',*,*,#808,.T.);
#808 = EDGE_CURVE('',#801,#783,#809,.T.);
#809 = LINE('',#810,#811);
#810 = CARTESIAN_POINT('',(-1.663810462964,-1.608810462964,2.15));
#811 = VECTOR('',#812,1.);
#812 = DIRECTION('',(2.22044604925E-16,1.,0.));
#813 = PLANE('',#814);
#814 = AXIS2_PLACEMENT_3D('',#815,#816,#817);
#815 = CARTESIAN_POINT('',(2.346905231482,-1.691905231482,2.15));
#816 = DIRECTION('',(0.,0.,-1.));
#817 = DIRECTION('',(-0.811184528135,0.584790271221,0.));
#818 = ADVANCED_FACE('',(#819),#836,.T.);
#819 = FACE_BOUND('',#820,.T.);
#820 = EDGE_LOOP('',(#821,#829,#834,#835));
#821 = ORIENTED_EDGE('',*,*,#822,.T.);
#822 = EDGE_CURVE('',#579,#823,#825,.T.);
#823 = VERTEX_POINT('',#824);
#824 = CARTESIAN_POINT('',(-1.3,1.707013371213,0.));
#825 = LINE('',#826,#827);
#826 = CARTESIAN_POINT('',(1.3,1.707013371213,0.));
#827 = VECTOR('',#828,1.);
#828 = DIRECTION('',(-1.,2.22044604925E-16,0.));
#829 = ORIENTED_EDGE('',*,*,#830,.T.);
#830 = EDGE_CURVE('',#823,#539,#831,.T.);
#831 = B_SPLINE_CURVE_WITH_KNOTS('',1,(#832,#833),.UNSPECIFIED.,.F.,.F.,
  (2,2),(0.,1.),.PIECEWISE_BEZIER_KNOTS.);
#832 = CARTESIAN_POINT('',(-1.3,1.707013371213,0.));
#833 = CARTESIAN_POINT('',(-1.3,1.72247286303,0.22));
#834 = ORIENTED_EDGE('',*,*,#538,.F.);
#835 = ORIENTED_EDGE('',*,*,#586,.F.);
#836 = PLANE('',#837);
#837 = AXIS2_PLACEMENT_3D('',#838,#839,#840);
#838 = CARTESIAN_POINT('',(1.3,1.72247286303,0.22));
#839 = DIRECTION('',(2.214984063823E-16,0.997540140447,
    -7.009756199374E-02));
#840 = DIRECTION('',(-1.,2.22044604925E-16,-1.177128382009E-30));
#841 = ADVANCED_FACE('',(#842),#853,.T.);
#842 = FACE_BOUND('',#843,.F.);
#843 = EDGE_LOOP('',(#844,#845,#846,#852));
#844 = ORIENTED_EDGE('',*,*,#576,.T.);
#845 = ORIENTED_EDGE('',*,*,#822,.T.);
#846 = ORIENTED_EDGE('',*,*,#847,.T.);
#847 = EDGE_CURVE('',#823,#703,#848,.T.);
#848 = LINE('',#849,#850);
#849 = CARTESIAN_POINT('',(-1.3,1.707013371213,0.));
#850 = VECTOR('',#851,1.);
#851 = DIRECTION('',(-2.22044604925E-16,-1.,0.));
#852 = ORIENTED_EDGE('',*,*,#702,.T.);
#853 = PLANE('',#854);
#854 = AXIS2_PLACEMENT_3D('',#855,#856,#857);
#855 = CARTESIAN_POINT('',(1.3,-1.707013371213,0.));
#856 = DIRECTION('',(0.,0.,-1.));
#857 = DIRECTION('',(-0.605871695069,0.795562372863,0.));
#858 = ADVANCED_FACE('',(#859),#927,.T.);
#859 = FACE_BOUND('',#860,.T.);
#860 = EDGE_LOOP('',(#861,#872,#880,#889,#897,#905,#911,#912,#913,#921)
  );
#861 = ORIENTED_EDGE('',*,*,#862,.F.);
#862 = EDGE_CURVE('',#863,#865,#867,.T.);
#863 = VERTEX_POINT('',#864);
#864 = CARTESIAN_POINT('',(-2.65,1.,0.146666666667));
#865 = VERTEX_POINT('',#866);
#866 = CARTESIAN_POINT('',(-2.503333333333,1.,-2.775557561563E-17));
#867 = CIRCLE('',#868,0.146666666667);
#868 = AXIS2_PLACEMENT_3D('',#869,#870,#871);
#869 = CARTESIAN_POINT('',(-2.503333333333,1.,0.146666666667));
#870 = DIRECTION('',(-2.22044604925E-16,-1.,0.));
#871 = DIRECTION('',(0.,0.,1.));
#872 = ORIENTED_EDGE('',*,*,#873,.T.);
#873 = EDGE_CURVE('',#863,#874,#876,.T.);
#874 = VERTEX_POINT('',#875);
#875 = CARTESIAN_POINT('',(-2.65,1.,0.811158333333));
#876 = LINE('',#877,#878);
#877 = CARTESIAN_POINT('',(-2.65,1.,0.));
#878 = VECTOR('',#879,1.);
#879 = DIRECTION('',(0.,0.,1.));
#880 = ORIENTED_EDGE('',*,*,#881,.T.);
#881 = EDGE_CURVE('',#874,#882,#884,.T.);
#882 = VERTEX_POINT('',#883);
#883 = CARTESIAN_POINT('',(-2.503333333333,1.,0.957825));
#884 = CIRCLE('',#885,0.146666666667);
#885 = AXIS2_PLACEMENT_3D('',#886,#887,#888);
#886 = CARTESIAN_POINT('',(-2.503333333333,1.,0.811158333333));
#887 = DIRECTION('',(2.22044604925E-16,1.,-0.));
#888 = DIRECTION('',(0.,0.,1.));
#889 = ORIENTED_EDGE('',*,*,#890,.T.);
#890 = EDGE_CURVE('',#882,#891,#893,.T.);
#891 = VERTEX_POINT('',#892);
#892 = CARTESIAN_POINT('',(-2.43,1.,0.957825));
#893 = LINE('',#894,#895);
#894 = CARTESIAN_POINT('',(-2.65,1.,0.957825));
#895 = VECTOR('',#896,1.);
#896 = DIRECTION('',(1.,-2.22044604925E-16,0.));
#897 = ORIENTED_EDGE('',*,*,#898,.F.);
#898 = EDGE_CURVE('',#899,#891,#901,.T.);
#899 = VERTEX_POINT('',#900);
#900 = CARTESIAN_POINT('',(-2.43,1.,0.2222));
#901 = LINE('',#902,#903);
#902 = CARTESIAN_POINT('',(-2.43,1.,0.));
#903 = VECTOR('',#904,1.);
#904 = DIRECTION('',(0.,0.,1.));
#905 = ORIENTED_EDGE('',*,*,#906,.T.);
#906 = EDGE_CURVE('',#899,#662,#907,.T.);
#907 = LINE('',#908,#909);
#908 = CARTESIAN_POINT('',(-2.43,1.,0.2222));
#909 = VECTOR('',#910,1.);
#910 = DIRECTION('',(1.,-2.22044604925E-16,0.));
#911 = ORIENTED_EDGE('',*,*,#661,.F.);
#912 = ORIENTED_EDGE('',*,*,#637,.F.);
#913 = ORIENTED_EDGE('',*,*,#914,.F.);
#914 = EDGE_CURVE('',#915,#630,#917,.T.);
#915 = VERTEX_POINT('',#916);
#916 = CARTESIAN_POINT('',(-1.4,1.,0.));
#917 = LINE('',#918,#919);
#918 = CARTESIAN_POINT('',(-1.4,1.,0.));
#919 = VECTOR('',#920,1.);
#920 = DIRECTION('',(0.,0.,1.));
#921 = ORIENTED_EDGE('',*,*,#922,.F.);
#922 = EDGE_CURVE('',#865,#915,#923,.T.);
#923 = LINE('',#924,#925);
#924 = CARTESIAN_POINT('',(-2.43,1.,0.));
#925 = VECTOR('',#926,1.);
#926 = DIRECTION('',(1.,-2.22044604925E-16,0.));
#927 = PLANE('',#928);
#928 = AXIS2_PLACEMENT_3D('',#929,#930,#931);
#929 = CARTESIAN_POINT('',(-2.181840899909,1.,0.302067385793));
#930 = DIRECTION('',(2.22044604925E-16,1.,0.));
#931 = DIRECTION('',(0.,-0.,1.));
#932 = ADVANCED_FACE('',(#933),#951,.T.);
#933 = FACE_BOUND('',#934,.T.);
#934 = EDGE_LOOP('',(#935,#943,#944,#945));
#935 = ORIENTED_EDGE('',*,*,#936,.F.);
#936 = EDGE_CURVE('',#915,#937,#939,.T.);
#937 = VERTEX_POINT('',#938);
#938 = CARTESIAN_POINT('',(-1.4,-1.,0.));
#939 = LINE('',#940,#941);
#940 = CARTESIAN_POINT('',(-1.4,1.,0.));
#941 = VECTOR('',#942,1.);
#942 = DIRECTION('',(-2.22044604925E-16,-1.,0.));
#943 = ORIENTED_EDGE('',*,*,#914,.T.);
#944 = ORIENTED_EDGE('',*,*,#629,.F.);
#945 = ORIENTED_EDGE('',*,*,#946,.F.);
#946 = EDGE_CURVE('',#937,#622,#947,.T.);
#947 = LINE('',#948,#949);
#948 = CARTESIAN_POINT('',(-1.4,-1.,0.));
#949 = VECTOR('',#950,1.);
#950 = DIRECTION('',(0.,0.,1.));
#951 = PLANE('',#952);
#952 = AXIS2_PLACEMENT_3D('',#953,#954,#955);
#953 = CARTESIAN_POINT('',(-1.4,1.,0.));
#954 = DIRECTION('',(1.,-2.22044604925E-16,0.));
#955 = DIRECTION('',(-2.22044604925E-16,-1.,0.));
#956 = ADVANCED_FACE('',(#957),#1018,.T.);
#957 = FACE_BOUND('',#958,.T.);
#958 = EDGE_LOOP('',(#959,#969,#978,#984,#985,#986,#987,#995,#1003,#1011
    ));
#959 = ORIENTED_EDGE('',*,*,#960,.F.);
#960 = EDGE_CURVE('',#961,#963,#965,.T.);
#961 = VERTEX_POINT('',#962);
#962 = CARTESIAN_POINT('',(-2.65,-1.,0.146666666667));
#963 = VERTEX_POINT('',#964);
#964 = CARTESIAN_POINT('',(-2.65,-1.,0.811158333333));
#965 = LINE('',#966,#967);
#966 = CARTESIAN_POINT('',(-2.65,-1.,0.));
#967 = VECTOR('',#968,1.);
#968 = DIRECTION('',(0.,0.,1.));
#969 = ORIENTED_EDGE('',*,*,#970,.T.);
#970 = EDGE_CURVE('',#961,#971,#973,.T.);
#971 = VERTEX_POINT('',#972);
#972 = CARTESIAN_POINT('',(-2.503333333333,-1.,-2.775557561563E-17));
#973 = CIRCLE('',#974,0.146666666667);
#974 = AXIS2_PLACEMENT_3D('',#975,#976,#977);
#975 = CARTESIAN_POINT('',(-2.503333333333,-1.,0.146666666667));
#976 = DIRECTION('',(-2.22044604925E-16,-1.,0.));
#977 = DIRECTION('',(0.,0.,1.));
#978 = ORIENTED_EDGE('',*,*,#979,.F.);
#979 = EDGE_CURVE('',#937,#971,#980,.T.);
#980 = LINE('',#981,#982);
#981 = CARTESIAN_POINT('',(-2.43,-1.,0.));
#982 = VECTOR('',#983,1.);
#983 = DIRECTION('',(-1.,2.22044604925E-16,0.));
#984 = ORIENTED_EDGE('',*,*,#946,.T.);
#985 = ORIENTED_EDGE('',*,*,#621,.F.);
#986 = ORIENTED_EDGE('',*,*,#678,.T.);
#987 = ORIENTED_EDGE('',*,*,#988,.T.);
#988 = EDGE_CURVE('',#672,#989,#991,.T.);
#989 = VERTEX_POINT('',#990);
#990 = CARTESIAN_POINT('',(-2.43,-1.,0.2222));
#991 = LINE('',#992,#993);
#992 = CARTESIAN_POINT('',(-1.4,-1.,0.2222));
#993 = VECTOR('',#994,1.);
#994 = DIRECTION('',(-1.,2.22044604925E-16,0.));
#995 = ORIENTED_EDGE('',*,*,#996,.T.);
#996 = EDGE_CURVE('',#989,#997,#999,.T.);
#997 = VERTEX_POINT('',#998);
#998 = CARTESIAN_POINT('',(-2.43,-1.,0.957825));
#999 = LINE('',#1000,#1001);
#1000 = CARTESIAN_POINT('',(-2.43,-1.,0.));
#1001 = VECTOR('',#1002,1.);
#1002 = DIRECTION('',(0.,0.,1.));
#1003 = ORIENTED_EDGE('',*,*,#1004,.T.);
#1004 = EDGE_CURVE('',#997,#1005,#1007,.T.);
#1005 = VERTEX_POINT('',#1006);
#1006 = CARTESIAN_POINT('',(-2.503333333333,-1.,0.957825));
#1007 = LINE('',#1008,#1009);
#1008 = CARTESIAN_POINT('',(-2.43,-1.,0.957825));
#1009 = VECTOR('',#1010,1.);
#1010 = DIRECTION('',(-1.,2.22044604925E-16,0.));
#1011 = ORIENTED_EDGE('',*,*,#1012,.F.);
#1012 = EDGE_CURVE('',#963,#1005,#1013,.T.);
#1013 = CIRCLE('',#1014,0.146666666667);
#1014 = AXIS2_PLACEMENT_3D('',#1015,#1016,#1017);
#1015 = CARTESIAN_POINT('',(-2.503333333333,-1.,0.811158333333));
#1016 = DIRECTION('',(2.22044604925E-16,1.,-0.));
#1017 = DIRECTION('',(0.,0.,1.));
#1018 = PLANE('',#1019);
#1019 = AXIS2_PLACEMENT_3D('',#1020,#1021,#1022);
#1020 = CARTESIAN_POINT('',(-2.181840899909,-1.,0.302067385793));
#1021 = DIRECTION('',(-2.22044604925E-16,-1.,-0.));
#1022 = DIRECTION('',(0.,0.,-1.));
#1023 = ADVANCED_FACE('',(#1024),#1030,.T.);
#1024 = FACE_BOUND('',#1025,.T.);
#1025 = EDGE_LOOP('',(#1026,#1027,#1028,#1029));
#1026 = ORIENTED_EDGE('',*,*,#847,.T.);
#1027 = ORIENTED_EDGE('',*,*,#712,.T.);
#1028 = ORIENTED_EDGE('',*,*,#606,.F.);
#1029 = ORIENTED_EDGE('',*,*,#830,.F.);
#1030 = B_SPLINE_SURFACE_WITH_KNOTS('',1,1,(
    (#1031,#1032)
    ,(#1033,#1034
    )),.UNSPECIFIED.,.F.,.F.,.F.,(2,2),(2,2),(0.,3.44494572606),(0.,1.),
  .PIECEWISE_BEZIER_KNOTS.);
#1031 = CARTESIAN_POINT('',(-1.3,1.707013371213,0.));
#1032 = CARTESIAN_POINT('',(-1.3,1.72247286303,0.22));
#1033 = CARTESIAN_POINT('',(-1.3,-1.707013371213,0.));
#1034 = CARTESIAN_POINT('',(-1.3,-1.72247286303,0.22));
#1035 = ADVANCED_FACE('',(#1036),#1042,.T.);
#1036 = FACE_BOUND('',#1037,.T.);
#1037 = EDGE_LOOP('',(#1038,#1039,#1040,#1041));
#1038 = ORIENTED_EDGE('',*,*,#688,.T.);
#1039 = ORIENTED_EDGE('',*,*,#735,.T.);
#1040 = ORIENTED_EDGE('',*,*,#773,.F.);
#1041 = ORIENTED_EDGE('',*,*,#749,.F.);
#1042 = B_SPLINE_SURFACE_WITH_KNOTS('',1,1,(
    (#1043,#1044)
    ,(#1045,#1046
    )),.UNSPECIFIED.,.F.,.F.,.F.,(2,2),(2,2),(0.,3.55),(0.,1.),
  .PIECEWISE_BEZIER_KNOTS.);
#1043 = CARTESIAN_POINT('',(-2.43,1.775,0.9675));
#1044 = CARTESIAN_POINT('',(-2.346905231482,1.691905231482,2.15));
#1045 = CARTESIAN_POINT('',(-2.43,-1.775,0.9675));
#1046 = CARTESIAN_POINT('',(-2.346905231482,-1.691905231482,2.15));
#1047 = ADVANCED_FACE('',(#1048),#1059,.F.);
#1048 = FACE_BOUND('',#1049,.F.);
#1049 = EDGE_LOOP('',(#1050,#1051,#1052,#1058));
#1050 = ORIENTED_EDGE('',*,*,#671,.F.);
#1051 = ORIENTED_EDGE('',*,*,#988,.T.);
#1052 = ORIENTED_EDGE('',*,*,#1053,.T.);
#1053 = EDGE_CURVE('',#989,#899,#1054,.T.);
#1054 = LINE('',#1055,#1056);
#1055 = CARTESIAN_POINT('',(-2.43,-1.,0.2222));
#1056 = VECTOR('',#1057,1.);
#1057 = DIRECTION('',(2.22044604925E-16,1.,0.));
#1058 = ORIENTED_EDGE('',*,*,#906,.T.);
#1059 = PLANE('',#1060);
#1060 = AXIS2_PLACEMENT_3D('',#1061,#1062,#1063);
#1061 = CARTESIAN_POINT('',(-1.915,4.440892098501E-16,0.2222));
#1062 = DIRECTION('',(0.,-0.,-1.));
#1063 = DIRECTION('',(-2.22044604925E-16,-1.,0.));
#1064 = ADVANCED_FACE('',(#1065),#1088,.F.);
#1065 = FACE_BOUND('',#1066,.F.);
#1066 = EDGE_LOOP('',(#1067,#1077,#1082,#1083));
#1067 = ORIENTED_EDGE('',*,*,#1068,.T.);
#1068 = EDGE_CURVE('',#1069,#1071,#1073,.T.);
#1069 = VERTEX_POINT('',#1070);
#1070 = CARTESIAN_POINT('',(-1.663810462964,1.608810462964,2.1478));
#1071 = VERTEX_POINT('',#1072);
#1072 = CARTESIAN_POINT('',(-2.263810462964,1.608810462964,2.1478));
#1073 = LINE('',#1074,#1075);
#1074 = CARTESIAN_POINT('',(-1.663810462964,1.608810462964,2.1478));
#1075 = VECTOR('',#1076,1.);
#1076 = DIRECTION('',(-1.,2.22044604925E-16,0.));
#1077 = ORIENTED_EDGE('',*,*,#1078,.T.);
#1078 = EDGE_CURVE('',#1071,#785,#1079,.T.);
#1079 = B_SPLINE_CURVE_WITH_KNOTS('',1,(#1080,#1081),.UNSPECIFIED.,.F.,
  .F.,(2,2),(0.,1.),.PIECEWISE_BEZIER_KNOTS.);
#1080 = CARTESIAN_POINT('',(-2.263810462964,1.608810462964,2.1478));
#1081 = CARTESIAN_POINT('',(-2.263810462964,1.608810462964,2.15));
#1082 = ORIENTED_EDGE('',*,*,#782,.F.);
#1083 = ORIENTED_EDGE('',*,*,#1084,.F.);
#1084 = EDGE_CURVE('',#1069,#783,#1085,.T.);
#1085 = B_SPLINE_CURVE_WITH_KNOTS('',1,(#1086,#1087),.UNSPECIFIED.,.F.,
  .F.,(2,2),(0.,1.),.PIECEWISE_BEZIER_KNOTS.);
#1086 = CARTESIAN_POINT('',(-1.663810462964,1.608810462964,2.1478));
#1087 = CARTESIAN_POINT('',(-1.663810462964,1.608810462964,2.15));
#1088 = PLANE('',#1089);
#1089 = AXIS2_PLACEMENT_3D('',#1090,#1091,#1092);
#1090 = CARTESIAN_POINT('',(-1.663810462964,1.608810462964,2.15));
#1091 = DIRECTION('',(2.22044604925E-16,1.,0.));
#1092 = DIRECTION('',(-1.,2.22044604925E-16,0.));
#1093 = ADVANCED_FACE('',(#1094),#1111,.F.);
#1094 = FACE_BOUND('',#1095,.F.);
#1095 = EDGE_LOOP('',(#1096,#1104,#1105,#1106));
#1096 = ORIENTED_EDGE('',*,*,#1097,.T.);
#1097 = EDGE_CURVE('',#1098,#1069,#1100,.T.);
#1098 = VERTEX_POINT('',#1099);
#1099 = CARTESIAN_POINT('',(-1.663810462964,-1.608810462964,2.1478));
#1100 = LINE('',#1101,#1102);
#1101 = CARTESIAN_POINT('',(-1.663810462964,-1.608810462964,2.1478));
#1102 = VECTOR('',#1103,1.);
#1103 = DIRECTION('',(2.22044604925E-16,1.,0.));
#1104 = ORIENTED_EDGE('',*,*,#1084,.T.);
#1105 = ORIENTED_EDGE('',*,*,#808,.F.);
#1106 = ORIENTED_EDGE('',*,*,#1107,.F.);
#1107 = EDGE_CURVE('',#1098,#801,#1108,.T.);
#1108 = B_SPLINE_CURVE_WITH_KNOTS('',1,(#1109,#1110),.UNSPECIFIED.,.F.,
  .F.,(2,2),(0.,1.),.PIECEWISE_BEZIER_KNOTS.);
#1109 = CARTESIAN_POINT('',(-1.663810462964,-1.608810462964,2.1478));
#1110 = CARTESIAN_POINT('',(-1.663810462964,-1.608810462964,2.15));
#1111 = PLANE('',#1112);
#1112 = AXIS2_PLACEMENT_3D('',#1113,#1114,#1115);
#1113 = CARTESIAN_POINT('',(-1.663810462964,-1.608810462964,2.15));
#1114 = DIRECTION('',(1.,-2.22044604925E-16,0.));
#1115 = DIRECTION('',(2.22044604925E-16,1.,0.));
#1116 = ADVANCED_FACE('',(#1117),#1134,.F.);
#1117 = FACE_BOUND('',#1118,.F.);
#1118 = EDGE_LOOP('',(#1119,#1127,#1128,#1129));
#1119 = ORIENTED_EDGE('',*,*,#1120,.T.);
#1120 = EDGE_CURVE('',#1121,#1098,#1123,.T.);
#1121 = VERTEX_POINT('',#1122);
#1122 = CARTESIAN_POINT('',(-2.263810462964,-1.608810462964,2.1478));
#1123 = LINE('',#1124,#1125);
#1124 = CARTESIAN_POINT('',(-2.263810462964,-1.608810462964,2.1478));
#1125 = VECTOR('',#1126,1.);
#1126 = DIRECTION('',(1.,-2.22044604925E-16,0.));
#1127 = ORIENTED_EDGE('',*,*,#1107,.T.);
#1128 = ORIENTED_EDGE('',*,*,#800,.F.);
#1129 = ORIENTED_EDGE('',*,*,#1130,.F.);
#1130 = EDGE_CURVE('',#1121,#793,#1131,.T.);
#1131 = B_SPLINE_CURVE_WITH_KNOTS('',1,(#1132,#1133),.UNSPECIFIED.,.F.,
  .F.,(2,2),(0.,1.),.PIECEWISE_BEZIER_KNOTS.);
#1132 = CARTESIAN_POINT('',(-2.263810462964,-1.608810462964,2.1478));
#1133 = CARTESIAN_POINT('',(-2.263810462964,-1.608810462964,2.15));
#1134 = PLANE('',#1135);
#1135 = AXIS2_PLACEMENT_3D('',#1136,#1137,#1138);
#1136 = CARTESIAN_POINT('',(-2.263810462964,-1.608810462964,2.15));
#1137 = DIRECTION('',(-2.22044604925E-16,-1.,0.));
#1138 = DIRECTION('',(1.,-2.22044604925E-16,0.));
#1139 = ADVANCED_FACE('',(#1140),#1151,.F.);
#1140 = FACE_BOUND('',#1141,.F.);
#1141 = EDGE_LOOP('',(#1142,#1148,#1149,#1150));
#1142 = ORIENTED_EDGE('',*,*,#1143,.T.);
#1143 = EDGE_CURVE('',#1071,#1121,#1144,.T.);
#1144 = LINE('',#1145,#1146);
#1145 = CARTESIAN_POINT('',(-2.263810462964,1.608810462964,2.1478));
#1146 = VECTOR('',#1147,1.);
#1147 = DIRECTION('',(-2.22044604925E-16,-1.,0.));
#1148 = ORIENTED_EDGE('',*,*,#1130,.T.);
#1149 = ORIENTED_EDGE('',*,*,#792,.F.);
#1150 = ORIENTED_EDGE('',*,*,#1078,.F.);
#1151 = PLANE('',#1152);
#1152 = AXIS2_PLACEMENT_3D('',#1153,#1154,#1155);
#1153 = CARTESIAN_POINT('',(-2.263810462964,1.608810462964,2.15));
#1154 = DIRECTION('',(-1.,2.22044604925E-16,0.));
#1155 = DIRECTION('',(-2.22044604925E-16,-1.,0.));
#1156 = ADVANCED_FACE('',(#1157),#1173,.T.);
#1157 = FACE_BOUND('',#1158,.T.);
#1158 = EDGE_LOOP('',(#1159,#1165,#1166,#1172));
#1159 = ORIENTED_EDGE('',*,*,#1160,.T.);
#1160 = EDGE_CURVE('',#961,#863,#1161,.T.);
#1161 = LINE('',#1162,#1163);
#1162 = CARTESIAN_POINT('',(-2.65,-1.,0.146666666667));
#1163 = VECTOR('',#1164,1.);
#1164 = DIRECTION('',(2.22044604925E-16,1.,0.));
#1165 = ORIENTED_EDGE('',*,*,#862,.T.);
#1166 = ORIENTED_EDGE('',*,*,#1167,.F.);
#1167 = EDGE_CURVE('',#971,#865,#1168,.T.);
#1168 = LINE('',#1169,#1170);
#1169 = CARTESIAN_POINT('',(-2.503333333333,-1.,-2.775557561563E-17));
#1170 = VECTOR('',#1171,1.);
#1171 = DIRECTION('',(2.22044604925E-16,1.,0.));
#1172 = ORIENTED_EDGE('',*,*,#970,.F.);
#1173 = CYLINDRICAL_SURFACE('',#1174,0.146666666667);
#1174 = AXIS2_PLACEMENT_3D('',#1175,#1176,#1177);
#1175 = CARTESIAN_POINT('',(-2.503333333333,-1.,0.146666666667));
#1176 = DIRECTION('',(2.22044604925E-16,1.,0.));
#1177 = DIRECTION('',(-1.,2.22044604925E-16,0.));
#1178 = ADVANCED_FACE('',(#1179),#1185,.T.);
#1179 = FACE_BOUND('',#1180,.T.);
#1180 = EDGE_LOOP('',(#1181,#1182,#1183,#1184));
#1181 = ORIENTED_EDGE('',*,*,#979,.T.);
#1182 = ORIENTED_EDGE('',*,*,#1167,.T.);
#1183 = ORIENTED_EDGE('',*,*,#922,.T.);
#1184 = ORIENTED_EDGE('',*,*,#936,.T.);
#1185 = PLANE('',#1186);
#1186 = AXIS2_PLACEMENT_3D('',#1187,#1188,#1189);
#1187 = CARTESIAN_POINT('',(-1.951666666667,4.691322319676E-16,
    -8.943794505573E-18));
#1188 = DIRECTION('',(1.696061518107E-17,-4.165945518725E-33,-1.));
#1189 = DIRECTION('',(1.,-2.22044604925E-16,1.696061518107E-17));
#1190 = ADVANCED_FACE('',(#1191),#1202,.T.);
#1191 = FACE_BOUND('',#1192,.T.);
#1192 = EDGE_LOOP('',(#1193,#1194,#1195,#1201));
#1193 = ORIENTED_EDGE('',*,*,#1053,.T.);
#1194 = ORIENTED_EDGE('',*,*,#898,.T.);
#1195 = ORIENTED_EDGE('',*,*,#1196,.T.);
#1196 = EDGE_CURVE('',#891,#997,#1197,.T.);
#1197 = LINE('',#1198,#1199);
#1198 = CARTESIAN_POINT('',(-2.43,1.,0.957825));
#1199 = VECTOR('',#1200,1.);
#1200 = DIRECTION('',(-2.22044604925E-16,-1.,0.));
#1201 = ORIENTED_EDGE('',*,*,#996,.F.);
#1202 = PLANE('',#1203);
#1203 = AXIS2_PLACEMENT_3D('',#1204,#1205,#1206);
#1204 = CARTESIAN_POINT('',(-2.43,1.,0.));
#1205 = DIRECTION('',(1.,-2.22044604925E-16,0.));
#1206 = DIRECTION('',(-2.22044604925E-16,-1.,0.));
#1207 = ADVANCED_FACE('',(#1208),#1219,.F.);
#1208 = FACE_BOUND('',#1209,.F.);
#1209 = EDGE_LOOP('',(#1210,#1211,#1217,#1218));
#1210 = ORIENTED_EDGE('',*,*,#1004,.T.);
#1211 = ORIENTED_EDGE('',*,*,#1212,.T.);
#1212 = EDGE_CURVE('',#1005,#882,#1213,.T.);
#1213 = LINE('',#1214,#1215);
#1214 = CARTESIAN_POINT('',(-2.503333333333,-1.,0.957825));
#1215 = VECTOR('',#1216,1.);
#1216 = DIRECTION('',(2.22044604925E-16,1.,0.));
#1217 = ORIENTED_EDGE('',*,*,#890,.T.);
#1218 = ORIENTED_EDGE('',*,*,#1196,.T.);
#1219 = PLANE('',#1220);
#1220 = AXIS2_PLACEMENT_3D('',#1221,#1222,#1223);
#1221 = CARTESIAN_POINT('',(-2.54,6.661338147751E-16,0.957825));
#1222 = DIRECTION('',(0.,-0.,-1.));
#1223 = DIRECTION('',(-2.22044604925E-16,-1.,0.));
#1224 = ADVANCED_FACE('',(#1225),#1236,.T.);
#1225 = FACE_BOUND('',#1226,.T.);
#1226 = EDGE_LOOP('',(#1227,#1228,#1229,#1230));
#1227 = ORIENTED_EDGE('',*,*,#1012,.T.);
#1228 = ORIENTED_EDGE('',*,*,#1212,.T.);
#1229 = ORIENTED_EDGE('',*,*,#881,.F.);
#1230 = ORIENTED_EDGE('',*,*,#1231,.F.);
#1231 = EDGE_CURVE('',#963,#874,#1232,.T.);
#1232 = LINE('',#1233,#1234);
#1233 = CARTESIAN_POINT('',(-2.65,-1.,0.811158333333));
#1234 = VECTOR('',#1235,1.);
#1235 = DIRECTION('',(2.22044604925E-16,1.,0.));
#1236 = CYLINDRICAL_SURFACE('',#1237,0.146666666667);
#1237 = AXIS2_PLACEMENT_3D('',#1238,#1239,#1240);
#1238 = CARTESIAN_POINT('',(-2.503333333333,-1.,0.811158333333));
#1239 = DIRECTION('',(2.22044604925E-16,1.,0.));
#1240 = DIRECTION('',(-1.,2.22044604925E-16,0.));
#1241 = ADVANCED_FACE('',(#1242),#1248,.T.);
#1242 = FACE_BOUND('',#1243,.T.);
#1243 = EDGE_LOOP('',(#1244,#1245,#1246,#1247));
#1244 = ORIENTED_EDGE('',*,*,#960,.T.);
#1245 = ORIENTED_EDGE('',*,*,#1231,.T.);
#1246 = ORIENTED_EDGE('',*,*,#873,.F.);
#1247 = ORIENTED_EDGE('',*,*,#1160,.F.);
#1248 = PLANE('',#1249);
#1249 = AXIS2_PLACEMENT_3D('',#1250,#1251,#1252);
#1250 = CARTESIAN_POINT('',(-2.65,-1.,0.));
#1251 = DIRECTION('',(-1.,2.22044604925E-16,0.));
#1252 = DIRECTION('',(2.22044604925E-16,1.,0.));
#1253 = ADVANCED_FACE('',(#1254),#1260,.F.);
#1254 = FACE_BOUND('',#1255,.T.);
#1255 = EDGE_LOOP('',(#1256,#1257,#1258,#1259));
#1256 = ORIENTED_EDGE('',*,*,#1097,.T.);
#1257 = ORIENTED_EDGE('',*,*,#1068,.T.);
#1258 = ORIENTED_EDGE('',*,*,#1143,.T.);
#1259 = ORIENTED_EDGE('',*,*,#1120,.T.);
#1260 = PLANE('',#1261);
#1261 = AXIS2_PLACEMENT_3D('',#1262,#1263,#1264);
#1262 = CARTESIAN_POINT('',(-1.663810462964,-1.608810462964,2.1478));
#1263 = DIRECTION('',(0.,0.,-1.));
#1264 = DIRECTION('',(-0.183313304678,0.983054541889,0.));
#1265 = ( GEOMETRIC_REPRESENTATION_CONTEXT(3) 
GLOBAL_UNCERTAINTY_ASSIGNED_CONTEXT((#1269)) 
GLOBAL_UNIT_ASSIGNED_CONTEXT((#1266,#1267,#1268)) REPRESENTATION_CONTEXT
('Context #1','3D Context with UNIT and UNCERTAINTY') );
#1266 = ( LENGTH_UNIT() NAMED_UNIT(*) SI_UNIT(.MILLI.,.METRE.) );
#1267 = ( NAMED_UNIT(*) PLANE_ANGLE_UNIT() SI_UNIT($,.RADIAN.) );
#1268 = ( NAMED_UNIT(*) SI_UNIT($,.STERADIAN.) SOLID_ANGLE_UNIT() );
#1269 = UNCERTAINTY_MEASURE_WITH_UNIT(LENGTH_MEASURE(1.E-07),#1266,
  'distance_accuracy_value','confusion accuracy');
#1270 = CONTEXT_DEPENDENT_SHAPE_REPRESENTATION(#1271,#1273);
#1271 = ( REPRESENTATION_RELATIONSHIP('','',#56,#10) 
REPRESENTATION_RELATIONSHIP_WITH_TRANSFORMATION(#1272) 
SHAPE_REPRESENTATION_RELATIONSHIP() );
#1272 = ITEM_DEFINED_TRANSFORMATION('','',#11,#15);
#1273 = PRODUCT_DEFINITION_SHAPE('Placement','Placement of an item',
  #1274);
#1274 = NEXT_ASSEMBLY_USAGE_OCCURRENCE('1','D10','',#5,#51,$);
#1275 = PRODUCT_RELATED_PRODUCT_CATEGORY('part',$,(#53));
#1276 = SHAPE_DEFINITION_REPRESENTATION(#1277,#1283);
#1277 = PRODUCT_DEFINITION_SHAPE('','',#1278);
#1278 = PRODUCT_DEFINITION('design','',#1279,#1282);
#1279 = PRODUCT_DEFINITION_FORMATION('','',#1280);
#1280 = PRODUCT('C_1206_3216Metric','C_1206_3216Metric','',(#1281));
#1281 = PRODUCT_CONTEXT('',#2,'mechanical');
#1282 = PRODUCT_DEFINITION_CONTEXT('part definition',#2,'design');
#1283 = ADVANCED_BREP_SHAPE_REPRESENTATION('',(#11,#1284),#2138);
#1284 = MANIFOLD_SOLID_BREP('',#1285);
#1285 = CLOSED_SHELL('',(#1286,#1362,#1393,#1418,#1443,#1467,#1491,#1516
    ,#1541,#1558,#1644,#1676,#1700,#1725,#1749,#1774,#1798,#1823,#1840,
    #1926,#1957,#1982,#2007,#2031,#2055,#2080,#2105,#2122));
#1286 = ADVANCED_FACE('',(#1287),#1357,.F.);
#1287 = FACE_BOUND('',#1288,.F.);
#1288 = EDGE_LOOP('',(#1289,#1299,#1308,#1316,#1325,#1333,#1342,#1350));
#1289 = ORIENTED_EDGE('',*,*,#1290,.F.);
#1290 = EDGE_CURVE('',#1291,#1293,#1295,.T.);
#1291 = VERTEX_POINT('',#1292);
#1292 = CARTESIAN_POINT('',(-1.6,-0.8,4.E-02));
#1293 = VERTEX_POINT('',#1294);
#1294 = CARTESIAN_POINT('',(-1.6,-0.8,1.56));
#1295 = LINE('',#1296,#1297);
#1296 = CARTESIAN_POINT('',(-1.6,-0.8,0.));
#1297 = VECTOR('',#1298,1.);
#1298 = DIRECTION('',(0.,0.,1.));
#1299 = ORIENTED_EDGE('',*,*,#1300,.T.);
#1300 = EDGE_CURVE('',#1291,#1301,#1303,.T.);
#1301 = VERTEX_POINT('',#1302);
#1302 = CARTESIAN_POINT('',(-1.6,-0.76,0.));
#1303 = CIRCLE('',#1304,4.E-02);
#1304 = AXIS2_PLACEMENT_3D('',#1305,#1306,#1307);
#1305 = CARTESIAN_POINT('',(-1.6,-0.76,4.E-02));
#1306 = DIRECTION('',(1.,0.,-0.));
#1307 = DIRECTION('',(0.,0.,1.));
#1308 = ORIENTED_EDGE('',*,*,#1309,.T.);
#1309 = EDGE_CURVE('',#1301,#1310,#1312,.T.);
#1310 = VERTEX_POINT('',#1311);
#1311 = CARTESIAN_POINT('',(-1.6,0.76,0.));
#1312 = LINE('',#1313,#1314);
#1313 = CARTESIAN_POINT('',(-1.6,-0.8,0.));
#1314 = VECTOR('',#1315,1.);
#1315 = DIRECTION('',(0.,1.,0.));
#1316 = ORIENTED_EDGE('',*,*,#1317,.F.);
#1317 = EDGE_CURVE('',#1318,#1310,#1320,.T.);
#1318 = VERTEX_POINT('',#1319);
#1319 = CARTESIAN_POINT('',(-1.6,0.8,4.E-02));
#1320 = CIRCLE('',#1321,4.E-02);
#1321 = AXIS2_PLACEMENT_3D('',#1322,#1323,#1324);
#1322 = CARTESIAN_POINT('',(-1.6,0.76,4.E-02));
#1323 = DIRECTION('',(-1.,0.,0.));
#1324 = DIRECTION('',(0.,0.,1.));
#1325 = ORIENTED_EDGE('',*,*,#1326,.T.);
#1326 = EDGE_CURVE('',#1318,#1327,#1329,.T.);
#1327 = VERTEX_POINT('',#1328);
#1328 = CARTESIAN_POINT('',(-1.6,0.8,1.56));
#1329 = LINE('',#1330,#1331);
#1330 = CARTESIAN_POINT('',(-1.6,0.8,0.));
#1331 = VECTOR('',#1332,1.);
#1332 = DIRECTION('',(0.,0.,1.));
#1333 = ORIENTED_EDGE('',*,*,#1334,.T.);
#1334 = EDGE_CURVE('',#1327,#1335,#1337,.T.);
#1335 = VERTEX_POINT('',#1336);
#1336 = CARTESIAN_POINT('',(-1.6,0.76,1.6));
#1337 = CIRCLE('',#1338,4.E-02);
#1338 = AXIS2_PLACEMENT_3D('',#1339,#1340,#1341);
#1339 = CARTESIAN_POINT('',(-1.6,0.76,1.56));
#1340 = DIRECTION('',(1.,0.,-0.));
#1341 = DIRECTION('',(0.,0.,1.));
#1342 = ORIENTED_EDGE('',*,*,#1343,.F.);
#1343 = EDGE_CURVE('',#1344,#1335,#1346,.T.);
#1344 = VERTEX_POINT('',#1345);
#1345 = CARTESIAN_POINT('',(-1.6,-0.76,1.6));
#1346 = LINE('',#1347,#1348);
#1347 = CARTESIAN_POINT('',(-1.6,-0.8,1.6));
#1348 = VECTOR('',#1349,1.);
#1349 = DIRECTION('',(0.,1.,0.));
#1350 = ORIENTED_EDGE('',*,*,#1351,.F.);
#1351 = EDGE_CURVE('',#1293,#1344,#1352,.T.);
#1352 = CIRCLE('',#1353,4.E-02);
#1353 = AXIS2_PLACEMENT_3D('',#1354,#1355,#1356);
#1354 = CARTESIAN_POINT('',(-1.6,-0.76,1.56));
#1355 = DIRECTION('',(-1.,0.,0.));
#1356 = DIRECTION('',(0.,0.,1.));
#1357 = PLANE('',#1358);
#1358 = AXIS2_PLACEMENT_3D('',#1359,#1360,#1361);
#1359 = CARTESIAN_POINT('',(-1.6,-0.8,0.));
#1360 = DIRECTION('',(1.,0.,0.));
#1361 = DIRECTION('',(0.,0.,1.));
#1362 = ADVANCED_FACE('',(#1363),#1388,.F.);
#1363 = FACE_BOUND('',#1364,.F.);
#1364 = EDGE_LOOP('',(#1365,#1375,#1381,#1382));
#1365 = ORIENTED_EDGE('',*,*,#1366,.F.);
#1366 = EDGE_CURVE('',#1367,#1369,#1371,.T.);
#1367 = VERTEX_POINT('',#1368);
#1368 = CARTESIAN_POINT('',(-1.2,-0.8,4.E-02));
#1369 = VERTEX_POINT('',#1370);
#1370 = CARTESIAN_POINT('',(-1.2,-0.8,1.56));
#1371 = LINE('',#1372,#1373);
#1372 = CARTESIAN_POINT('',(-1.2,-0.8,0.));
#1373 = VECTOR('',#1374,1.);
#1374 = DIRECTION('',(0.,0.,1.));
#1375 = ORIENTED_EDGE('',*,*,#1376,.F.);
#1376 = EDGE_CURVE('',#1291,#1367,#1377,.T.);
#1377 = LINE('',#1378,#1379);
#1378 = CARTESIAN_POINT('',(-1.6,-0.8,4.E-02));
#1379 = VECTOR('',#1380,1.);
#1380 = DIRECTION('',(1.,0.,0.));
#1381 = ORIENTED_EDGE('',*,*,#1290,.T.);
#1382 = ORIENTED_EDGE('',*,*,#1383,.T.);
#1383 = EDGE_CURVE('',#1293,#1369,#1384,.T.);
#1384 = LINE('',#1385,#1386);
#1385 = CARTESIAN_POINT('',(-1.6,-0.8,1.56));
#1386 = VECTOR('',#1387,1.);
#1387 = DIRECTION('',(1.,0.,0.));
#1388 = PLANE('',#1389);
#1389 = AXIS2_PLACEMENT_3D('',#1390,#1391,#1392);
#1390 = CARTESIAN_POINT('',(-1.6,-0.8,0.));
#1391 = DIRECTION('',(0.,1.,0.));
#1392 = DIRECTION('',(0.,-0.,1.));
#1393 = ADVANCED_FACE('',(#1394),#1413,.T.);
#1394 = FACE_BOUND('',#1395,.T.);
#1395 = EDGE_LOOP('',(#1396,#1397,#1405,#1412));
#1396 = ORIENTED_EDGE('',*,*,#1300,.T.);
#1397 = ORIENTED_EDGE('',*,*,#1398,.T.);
#1398 = EDGE_CURVE('',#1301,#1399,#1401,.T.);
#1399 = VERTEX_POINT('',#1400);
#1400 = CARTESIAN_POINT('',(-1.2,-0.76,0.));
#1401 = LINE('',#1402,#1403);
#1402 = CARTESIAN_POINT('',(-1.6,-0.76,0.));
#1403 = VECTOR('',#1404,1.);
#1404 = DIRECTION('',(1.,0.,0.));
#1405 = ORIENTED_EDGE('',*,*,#1406,.F.);
#1406 = EDGE_CURVE('',#1367,#1399,#1407,.T.);
#1407 = CIRCLE('',#1408,4.E-02);
#1408 = AXIS2_PLACEMENT_3D('',#1409,#1410,#1411);
#1409 = CARTESIAN_POINT('',(-1.2,-0.76,4.E-02));
#1410 = DIRECTION('',(1.,0.,-0.));
#1411 = DIRECTION('',(0.,0.,1.));
#1412 = ORIENTED_EDGE('',*,*,#1376,.F.);
#1413 = CYLINDRICAL_SURFACE('',#1414,4.E-02);
#1414 = AXIS2_PLACEMENT_3D('',#1415,#1416,#1417);
#1415 = CARTESIAN_POINT('',(-1.6,-0.76,4.E-02));
#1416 = DIRECTION('',(1.,0.,0.));
#1417 = DIRECTION('',(0.,-1.,0.));
#1418 = ADVANCED_FACE('',(#1419),#1438,.T.);
#1419 = FACE_BOUND('',#1420,.T.);
#1420 = EDGE_LOOP('',(#1421,#1422,#1431,#1437));
#1421 = ORIENTED_EDGE('',*,*,#1383,.T.);
#1422 = ORIENTED_EDGE('',*,*,#1423,.T.);
#1423 = EDGE_CURVE('',#1369,#1424,#1426,.T.);
#1424 = VERTEX_POINT('',#1425);
#1425 = CARTESIAN_POINT('',(-1.2,-0.76,1.6));
#1426 = CIRCLE('',#1427,4.E-02);
#1427 = AXIS2_PLACEMENT_3D('',#1428,#1429,#1430);
#1428 = CARTESIAN_POINT('',(-1.2,-0.76,1.56));
#1429 = DIRECTION('',(-1.,0.,0.));
#1430 = DIRECTION('',(0.,0.,1.));
#1431 = ORIENTED_EDGE('',*,*,#1432,.F.);
#1432 = EDGE_CURVE('',#1344,#1424,#1433,.T.);
#1433 = LINE('',#1434,#1435);
#1434 = CARTESIAN_POINT('',(-1.6,-0.76,1.6));
#1435 = VECTOR('',#1436,1.);
#1436 = DIRECTION('',(1.,0.,0.));
#1437 = ORIENTED_EDGE('',*,*,#1351,.F.);
#1438 = CYLINDRICAL_SURFACE('',#1439,4.E-02);
#1439 = AXIS2_PLACEMENT_3D('',#1440,#1441,#1442);
#1440 = CARTESIAN_POINT('',(-1.6,-0.76,1.56));
#1441 = DIRECTION('',(1.,0.,0.));
#1442 = DIRECTION('',(0.,-1.,0.));
#1443 = ADVANCED_FACE('',(#1444),#1462,.F.);
#1444 = FACE_BOUND('',#1445,.F.);
#1445 = EDGE_LOOP('',(#1446,#1447,#1448,#1456));
#1446 = ORIENTED_EDGE('',*,*,#1309,.F.);
#1447 = ORIENTED_EDGE('',*,*,#1398,.T.);
#1448 = ORIENTED_EDGE('',*,*,#1449,.T.);
#1449 = EDGE_CURVE('',#1399,#1450,#1452,.T.);
#1450 = VERTEX_POINT('',#1451);
#1451 = CARTESIAN_POINT('',(-1.2,0.76,0.));
#1452 = LINE('',#1453,#1454);
#1453 = CARTESIAN_POINT('',(-1.2,-0.8,0.));
#1454 = VECTOR('',#1455,1.);
#1455 = DIRECTION('',(0.,1.,0.));
#1456 = ORIENTED_EDGE('',*,*,#1457,.F.);
#1457 = EDGE_CURVE('',#1310,#1450,#1458,.T.);
#1458 = LINE('',#1459,#1460);
#1459 = CARTESIAN_POINT('',(-1.6,0.76,0.));
#1460 = VECTOR('',#1461,1.);
#1461 = DIRECTION('',(1.,0.,0.));
#1462 = PLANE('',#1463);
#1463 = AXIS2_PLACEMENT_3D('',#1464,#1465,#1466);
#1464 = CARTESIAN_POINT('',(-1.6,-0.8,0.));
#1465 = DIRECTION('',(0.,0.,1.));
#1466 = DIRECTION('',(1.,0.,-0.));
#1467 = ADVANCED_FACE('',(#1468),#1486,.T.);
#1468 = FACE_BOUND('',#1469,.T.);
#1469 = EDGE_LOOP('',(#1470,#1471,#1472,#1480));
#1470 = ORIENTED_EDGE('',*,*,#1343,.F.);
#1471 = ORIENTED_EDGE('',*,*,#1432,.T.);
#1472 = ORIENTED_EDGE('',*,*,#1473,.T.);
#1473 = EDGE_CURVE('',#1424,#1474,#1476,.T.);
#1474 = VERTEX_POINT('',#1475);
#1475 = CARTESIAN_POINT('',(-1.2,0.76,1.6));
#1476 = LINE('',#1477,#1478);
#1477 = CARTESIAN_POINT('',(-1.2,-0.8,1.6));
#1478 = VECTOR('',#1479,1.);
#1479 = DIRECTION('',(0.,1.,0.));
#1480 = ORIENTED_EDGE('',*,*,#1481,.F.);
#1481 = EDGE_CURVE('',#1335,#1474,#1482,.T.);
#1482 = LINE('',#1483,#1484);
#1483 = CARTESIAN_POINT('',(-1.6,0.76,1.6));
#1484 = VECTOR('',#1485,1.);
#1485 = DIRECTION('',(1.,0.,0.));
#1486 = PLANE('',#1487);
#1487 = AXIS2_PLACEMENT_3D('',#1488,#1489,#1490);
#1488 = CARTESIAN_POINT('',(-1.6,-0.8,1.6));
#1489 = DIRECTION('',(0.,0.,1.));
#1490 = DIRECTION('',(1.,0.,-0.));
#1491 = ADVANCED_FACE('',(#1492),#1511,.T.);
#1492 = FACE_BOUND('',#1493,.T.);
#1493 = EDGE_LOOP('',(#1494,#1502,#1509,#1510));
#1494 = ORIENTED_EDGE('',*,*,#1495,.T.);
#1495 = EDGE_CURVE('',#1318,#1496,#1498,.T.);
#1496 = VERTEX_POINT('',#1497);
#1497 = CARTESIAN_POINT('',(-1.2,0.8,4.E-02));
#1498 = LINE('',#1499,#1500);
#1499 = CARTESIAN_POINT('',(-1.6,0.8,4.E-02));
#1500 = VECTOR('',#1501,1.);
#1501 = DIRECTION('',(1.,0.,0.));
#1502 = ORIENTED_EDGE('',*,*,#1503,.T.);
#1503 = EDGE_CURVE('',#1496,#1450,#1504,.T.);
#1504 = CIRCLE('',#1505,4.E-02);
#1505 = AXIS2_PLACEMENT_3D('',#1506,#1507,#1508);
#1506 = CARTESIAN_POINT('',(-1.2,0.76,4.E-02));
#1507 = DIRECTION('',(-1.,0.,0.));
#1508 = DIRECTION('',(0.,0.,1.));
#1509 = ORIENTED_EDGE('',*,*,#1457,.F.);
#1510 = ORIENTED_EDGE('',*,*,#1317,.F.);
#1511 = CYLINDRICAL_SURFACE('',#1512,4.E-02);
#1512 = AXIS2_PLACEMENT_3D('',#1513,#1514,#1515);
#1513 = CARTESIAN_POINT('',(-1.6,0.76,4.E-02));
#1514 = DIRECTION('',(1.,0.,0.));
#1515 = DIRECTION('',(-0.,1.,0.));
#1516 = ADVANCED_FACE('',(#1517),#1536,.T.);
#1517 = FACE_BOUND('',#1518,.T.);
#1518 = EDGE_LOOP('',(#1519,#1520,#1521,#1530));
#1519 = ORIENTED_EDGE('',*,*,#1334,.T.);
#1520 = ORIENTED_EDGE('',*,*,#1481,.T.);
#1521 = ORIENTED_EDGE('',*,*,#1522,.F.);
#1522 = EDGE_CURVE('',#1523,#1474,#1525,.T.);
#1523 = VERTEX_POINT('',#1524);
#1524 = CARTESIAN_POINT('',(-1.2,0.8,1.56));
#1525 = CIRCLE('',#1526,4.E-02);
#1526 = AXIS2_PLACEMENT_3D('',#1527,#1528,#1529);
#1527 = CARTESIAN_POINT('',(-1.2,0.76,1.56));
#1528 = DIRECTION('',(1.,0.,-0.));
#1529 = DIRECTION('',(0.,0.,1.));
#1530 = ORIENTED_EDGE('',*,*,#1531,.F.);
#1531 = EDGE_CURVE('',#1327,#1523,#1532,.T.);
#1532 = LINE('',#1533,#1534);
#1533 = CARTESIAN_POINT('',(-1.6,0.8,1.56));
#1534 = VECTOR('',#1535,1.);
#1535 = DIRECTION('',(1.,0.,0.));
#1536 = CYLINDRICAL_SURFACE('',#1537,4.E-02);
#1537 = AXIS2_PLACEMENT_3D('',#1538,#1539,#1540);
#1538 = CARTESIAN_POINT('',(-1.6,0.76,1.56));
#1539 = DIRECTION('',(1.,0.,0.));
#1540 = DIRECTION('',(-0.,1.,0.));
#1541 = ADVANCED_FACE('',(#1542),#1553,.T.);
#1542 = FACE_BOUND('',#1543,.T.);
#1543 = EDGE_LOOP('',(#1544,#1550,#1551,#1552));
#1544 = ORIENTED_EDGE('',*,*,#1545,.F.);
#1545 = EDGE_CURVE('',#1496,#1523,#1546,.T.);
#1546 = LINE('',#1547,#1548);
#1547 = CARTESIAN_POINT('',(-1.2,0.8,0.));
#1548 = VECTOR('',#1549,1.);
#1549 = DIRECTION('',(0.,0.,1.));
#1550 = ORIENTED_EDGE('',*,*,#1495,.F.);
#1551 = ORIENTED_EDGE('',*,*,#1326,.T.);
#1552 = ORIENTED_EDGE('',*,*,#1531,.T.);
#1553 = PLANE('',#1554);
#1554 = AXIS2_PLACEMENT_3D('',#1555,#1556,#1557);
#1555 = CARTESIAN_POINT('',(-1.6,0.8,0.));
#1556 = DIRECTION('',(0.,1.,0.));
#1557 = DIRECTION('',(0.,-0.,1.));
#1558 = ADVANCED_FACE('',(#1559,#1569),#1639,.T.);
#1559 = FACE_BOUND('',#1560,.T.);
#1560 = EDGE_LOOP('',(#1561,#1562,#1563,#1564,#1565,#1566,#1567,#1568));
#1561 = ORIENTED_EDGE('',*,*,#1366,.F.);
#1562 = ORIENTED_EDGE('',*,*,#1406,.T.);
#1563 = ORIENTED_EDGE('',*,*,#1449,.T.);
#1564 = ORIENTED_EDGE('',*,*,#1503,.F.);
#1565 = ORIENTED_EDGE('',*,*,#1545,.T.);
#1566 = ORIENTED_EDGE('',*,*,#1522,.T.);
#1567 = ORIENTED_EDGE('',*,*,#1473,.F.);
#1568 = ORIENTED_EDGE('',*,*,#1423,.F.);
#1569 = FACE_BOUND('',#1570,.T.);
#1570 = EDGE_LOOP('',(#1571,#1582,#1590,#1599,#1607,#1616,#1624,#1633));
#1571 = ORIENTED_EDGE('',*,*,#1572,.F.);
#1572 = EDGE_CURVE('',#1573,#1575,#1577,.T.);
#1573 = VERTEX_POINT('',#1574);
#1574 = CARTESIAN_POINT('',(-1.2,-0.76,8.E-02));
#1575 = VERTEX_POINT('',#1576);
#1576 = CARTESIAN_POINT('',(-1.2,-0.72,4.E-02));
#1577 = CIRCLE('',#1578,4.E-02);
#1578 = AXIS2_PLACEMENT_3D('',#1579,#1580,#1581);
#1579 = CARTESIAN_POINT('',(-1.2,-0.72,8.E-02));
#1580 = DIRECTION('',(1.,0.,-0.));
#1581 = DIRECTION('',(0.,0.,1.));
#1582 = ORIENTED_EDGE('',*,*,#1583,.T.);
#1583 = EDGE_CURVE('',#1573,#1584,#1586,.T.);
#1584 = VERTEX_POINT('',#1585);
#1585 = CARTESIAN_POINT('',(-1.2,-0.76,1.52));
#1586 = LINE('',#1587,#1588);
#1587 = CARTESIAN_POINT('',(-1.2,-0.76,4.E-02));
#1588 = VECTOR('',#1589,1.);
#1589 = DIRECTION('',(0.,0.,1.));
#1590 = ORIENTED_EDGE('',*,*,#1591,.T.);
#1591 = EDGE_CURVE('',#1584,#1592,#1594,.T.);
#1592 = VERTEX_POINT('',#1593);
#1593 = CARTESIAN_POINT('',(-1.2,-0.72,1.56));
#1594 = CIRCLE('',#1595,4.E-02);
#1595 = AXIS2_PLACEMENT_3D('',#1596,#1597,#1598);
#1596 = CARTESIAN_POINT('',(-1.2,-0.72,1.52));
#1597 = DIRECTION('',(-1.,0.,0.));
#1598 = DIRECTION('',(0.,0.,1.));
#1599 = ORIENTED_EDGE('',*,*,#1600,.T.);
#1600 = EDGE_CURVE('',#1592,#1601,#1603,.T.);
#1601 = VERTEX_POINT('',#1602);
#1602 = CARTESIAN_POINT('',(-1.2,0.72,1.56));
#1603 = LINE('',#1604,#1605);
#1604 = CARTESIAN_POINT('',(-1.2,-0.76,1.56));
#1605 = VECTOR('',#1606,1.);
#1606 = DIRECTION('',(0.,1.,0.));
#1607 = ORIENTED_EDGE('',*,*,#1608,.F.);
#1608 = EDGE_CURVE('',#1609,#1601,#1611,.T.);
#1609 = VERTEX_POINT('',#1610);
#1610 = CARTESIAN_POINT('',(-1.2,0.76,1.52));
#1611 = CIRCLE('',#1612,4.E-02);
#1612 = AXIS2_PLACEMENT_3D('',#1613,#1614,#1615);
#1613 = CARTESIAN_POINT('',(-1.2,0.72,1.52));
#1614 = DIRECTION('',(1.,0.,-0.));
#1615 = DIRECTION('',(0.,0.,1.));
#1616 = ORIENTED_EDGE('',*,*,#1617,.F.);
#1617 = EDGE_CURVE('',#1618,#1609,#1620,.T.);
#1618 = VERTEX_POINT('',#1619);
#1619 = CARTESIAN_POINT('',(-1.2,0.76,8.E-02));
#1620 = LINE('',#1621,#1622);
#1621 = CARTESIAN_POINT('',(-1.2,0.76,4.E-02));
#1622 = VECTOR('',#1623,1.);
#1623 = DIRECTION('',(0.,0.,1.));
#1624 = ORIENTED_EDGE('',*,*,#1625,.T.);
#1625 = EDGE_CURVE('',#1618,#1626,#1628,.T.);
#1626 = VERTEX_POINT('',#1627);
#1627 = CARTESIAN_POINT('',(-1.2,0.72,4.E-02));
#1628 = CIRCLE('',#1629,4.E-02);
#1629 = AXIS2_PLACEMENT_3D('',#1630,#1631,#1632);
#1630 = CARTESIAN_POINT('',(-1.2,0.72,8.E-02));
#1631 = DIRECTION('',(-1.,0.,0.));
#1632 = DIRECTION('',(0.,0.,1.));
#1633 = ORIENTED_EDGE('',*,*,#1634,.F.);
#1634 = EDGE_CURVE('',#1575,#1626,#1635,.T.);
#1635 = LINE('',#1636,#1637);
#1636 = CARTESIAN_POINT('',(-1.2,-0.76,4.E-02));
#1637 = VECTOR('',#1638,1.);
#1638 = DIRECTION('',(0.,1.,0.));
#1639 = PLANE('',#1640);
#1640 = AXIS2_PLACEMENT_3D('',#1641,#1642,#1643);
#1641 = CARTESIAN_POINT('',(-1.2,-0.8,0.));
#1642 = DIRECTION('',(1.,0.,0.));
#1643 = DIRECTION('',(0.,0.,1.));
#1644 = ADVANCED_FACE('',(#1645),#1671,.T.);
#1645 = FACE_BOUND('',#1646,.T.);
#1646 = EDGE_LOOP('',(#1647,#1648,#1656,#1665));
#1647 = ORIENTED_EDGE('',*,*,#1572,.T.);
#1648 = ORIENTED_EDGE('',*,*,#1649,.T.);
#1649 = EDGE_CURVE('',#1575,#1650,#1652,.T.);
#1650 = VERTEX_POINT('',#1651);
#1651 = CARTESIAN_POINT('',(1.2,-0.72,4.E-02));
#1652 = LINE('',#1653,#1654);
#1653 = CARTESIAN_POINT('',(-1.2,-0.72,4.E-02));
#1654 = VECTOR('',#1655,1.);
#1655 = DIRECTION('',(1.,0.,0.));
#1656 = ORIENTED_EDGE('',*,*,#1657,.F.);
#1657 = EDGE_CURVE('',#1658,#1650,#1660,.T.);
#1658 = VERTEX_POINT('',#1659);
#1659 = CARTESIAN_POINT('',(1.2,-0.76,8.E-02));
#1660 = CIRCLE('',#1661,4.E-02);
#1661 = AXIS2_PLACEMENT_3D('',#1662,#1663,#1664);
#1662 = CARTESIAN_POINT('',(1.2,-0.72,8.E-02));
#1663 = DIRECTION('',(1.,0.,-0.));
#1664 = DIRECTION('',(0.,0.,1.));
#1665 = ORIENTED_EDGE('',*,*,#1666,.F.);
#1666 = EDGE_CURVE('',#1573,#1658,#1667,.T.);
#1667 = LINE('',#1668,#1669);
#1668 = CARTESIAN_POINT('',(-1.2,-0.76,8.E-02));
#1669 = VECTOR('',#1670,1.);
#1670 = DIRECTION('',(1.,0.,0.));
#1671 = CYLINDRICAL_SURFACE('',#1672,4.E-02);
#1672 = AXIS2_PLACEMENT_3D('',#1673,#1674,#1675);
#1673 = CARTESIAN_POINT('',(-1.2,-0.72,8.E-02));
#1674 = DIRECTION('',(1.,0.,0.));
#1675 = DIRECTION('',(0.,-1.,0.));
#1676 = ADVANCED_FACE('',(#1677),#1695,.F.);
#1677 = FACE_BOUND('',#1678,.F.);
#1678 = EDGE_LOOP('',(#1679,#1680,#1681,#1689));
#1679 = ORIENTED_EDGE('',*,*,#1634,.F.);
#1680 = ORIENTED_EDGE('',*,*,#1649,.T.);
#1681 = ORIENTED_EDGE('',*,*,#1682,.T.);
#1682 = EDGE_CURVE('',#1650,#1683,#1685,.T.);
#1683 = VERTEX_POINT('',#1684);
#1684 = CARTESIAN_POINT('',(1.2,0.72,4.E-02));
#1685 = LINE('',#1686,#1687);
#1686 = CARTESIAN_POINT('',(1.2,-0.76,4.E-02));
#1687 = VECTOR('',#1688,1.);
#1688 = DIRECTION('',(0.,1.,0.));
#1689 = ORIENTED_EDGE('',*,*,#1690,.F.);
#1690 = EDGE_CURVE('',#1626,#1683,#1691,.T.);
#1691 = LINE('',#1692,#1693);
#1692 = CARTESIAN_POINT('',(-1.2,0.72,4.E-02));
#1693 = VECTOR('',#1694,1.);
#1694 = DIRECTION('',(1.,0.,0.));
#1695 = PLANE('',#1696);
#1696 = AXIS2_PLACEMENT_3D('',#1697,#1698,#1699);
#1697 = CARTESIAN_POINT('',(-1.2,-0.76,4.E-02));
#1698 = DIRECTION('',(0.,0.,1.));
#1699 = DIRECTION('',(1.,0.,-0.));
#1700 = ADVANCED_FACE('',(#1701),#1720,.T.);
#1701 = FACE_BOUND('',#1702,.T.);
#1702 = EDGE_LOOP('',(#1703,#1711,#1718,#1719));
#1703 = ORIENTED_EDGE('',*,*,#1704,.T.);
#1704 = EDGE_CURVE('',#1618,#1705,#1707,.T.);
#1705 = VERTEX_POINT('',#1706);
#1706 = CARTESIAN_POINT('',(1.2,0.76,8.E-02));
#1707 = LINE('',#1708,#1709);
#1708 = CARTESIAN_POINT('',(-1.2,0.76,8.E-02));
#1709 = VECTOR('',#1710,1.);
#1710 = DIRECTION('',(1.,0.,0.));
#1711 = ORIENTED_EDGE('',*,*,#1712,.T.);
#1712 = EDGE_CURVE('',#1705,#1683,#1713,.T.);
#1713 = CIRCLE('',#1714,4.E-02);
#1714 = AXIS2_PLACEMENT_3D('',#1715,#1716,#1717);
#1715 = CARTESIAN_POINT('',(1.2,0.72,8.E-02));
#1716 = DIRECTION('',(-1.,0.,0.));
#1717 = DIRECTION('',(0.,0.,1.));
#1718 = ORIENTED_EDGE('',*,*,#1690,.F.);
#1719 = ORIENTED_EDGE('',*,*,#1625,.F.);
#1720 = CYLINDRICAL_SURFACE('',#1721,4.E-02);
#1721 = AXIS2_PLACEMENT_3D('',#1722,#1723,#1724);
#1722 = CARTESIAN_POINT('',(-1.2,0.72,8.E-02));
#1723 = DIRECTION('',(1.,0.,0.));
#1724 = DIRECTION('',(-0.,1.,0.));
#1725 = ADVANCED_FACE('',(#1726),#1744,.T.);
#1726 = FACE_BOUND('',#1727,.T.);
#1727 = EDGE_LOOP('',(#1728,#1736,#1737,#1738));
#1728 = ORIENTED_EDGE('',*,*,#1729,.F.);
#1729 = EDGE_CURVE('',#1705,#1730,#1732,.T.);
#1730 = VERTEX_POINT('',#1731);
#1731 = CARTESIAN_POINT('',(1.2,0.76,1.52));
#1732 = LINE('',#1733,#1734);
#1733 = CARTESIAN_POINT('',(1.2,0.76,4.E-02));
#1734 = VECTOR('',#1735,1.);
#1735 = DIRECTION('',(0.,0.,1.));
#1736 = ORIENTED_EDGE('',*,*,#1704,.F.);
#1737 = ORIENTED_EDGE('',*,*,#1617,.T.);
#1738 = ORIENTED_EDGE('',*,*,#1739,.T.);
#1739 = EDGE_CURVE('',#1609,#1730,#1740,.T.);
#1740 = LINE('',#1741,#1742);
#1741 = CARTESIAN_POINT('',(-1.2,0.76,1.52));
#1742 = VECTOR('',#1743,1.);
#1743 = DIRECTION('',(1.,0.,0.));
#1744 = PLANE('',#1745);
#1745 = AXIS2_PLACEMENT_3D('',#1746,#1747,#1748);
#1746 = CARTESIAN_POINT('',(-1.2,0.76,4.E-02));
#1747 = DIRECTION('',(0.,1.,0.));
#1748 = DIRECTION('',(0.,-0.,1.));
#1749 = ADVANCED_FACE('',(#1750),#1769,.T.);
#1750 = FACE_BOUND('',#1751,.T.);
#1751 = EDGE_LOOP('',(#1752,#1753,#1761,#1768));
#1752 = ORIENTED_EDGE('',*,*,#1608,.T.);
#1753 = ORIENTED_EDGE('',*,*,#1754,.T.);
#1754 = EDGE_CURVE('',#1601,#1755,#1757,.T.);
#1755 = VERTEX_POINT('',#1756);
#1756 = CARTESIAN_POINT('',(1.2,0.72,1.56));
#1757 = LINE('',#1758,#1759);
#1758 = CARTESIAN_POINT('',(-1.2,0.72,1.56));
#1759 = VECTOR('',#1760,1.);
#1760 = DIRECTION('',(1.,0.,0.));
#1761 = ORIENTED_EDGE('',*,*,#1762,.F.);
#1762 = EDGE_CURVE('',#1730,#1755,#1763,.T.);
#1763 = CIRCLE('',#1764,4.E-02);
#1764 = AXIS2_PLACEMENT_3D('',#1765,#1766,#1767);
#1765 = CARTESIAN_POINT('',(1.2,0.72,1.52));
#1766 = DIRECTION('',(1.,0.,-0.));
#1767 = DIRECTION('',(0.,0.,1.));
#1768 = ORIENTED_EDGE('',*,*,#1739,.F.);
#1769 = CYLINDRICAL_SURFACE('',#1770,4.E-02);
#1770 = AXIS2_PLACEMENT_3D('',#1771,#1772,#1773);
#1771 = CARTESIAN_POINT('',(-1.2,0.72,1.52));
#1772 = DIRECTION('',(1.,0.,0.));
#1773 = DIRECTION('',(-0.,1.,0.));
#1774 = ADVANCED_FACE('',(#1775),#1793,.T.);
#1775 = FACE_BOUND('',#1776,.T.);
#1776 = EDGE_LOOP('',(#1777,#1778,#1786,#1792));
#1777 = ORIENTED_EDGE('',*,*,#1600,.F.);
#1778 = ORIENTED_EDGE('',*,*,#1779,.T.);
#1779 = EDGE_CURVE('',#1592,#1780,#1782,.T.);
#1780 = VERTEX_POINT('',#1781);
#1781 = CARTESIAN_POINT('',(1.2,-0.72,1.56));
#1782 = LINE('',#1783,#1784);
#1783 = CARTESIAN_POINT('',(-1.2,-0.72,1.56));
#1784 = VECTOR('',#1785,1.);
#1785 = DIRECTION('',(1.,0.,0.));
#1786 = ORIENTED_EDGE('',*,*,#1787,.T.);
#1787 = EDGE_CURVE('',#1780,#1755,#1788,.T.);
#1788 = LINE('',#1789,#1790);
#1789 = CARTESIAN_POINT('',(1.2,-0.76,1.56));
#1790 = VECTOR('',#1791,1.);
#1791 = DIRECTION('',(0.,1.,0.));
#1792 = ORIENTED_EDGE('',*,*,#1754,.F.);
#1793 = PLANE('',#1794);
#1794 = AXIS2_PLACEMENT_3D('',#1795,#1796,#1797);
#1795 = CARTESIAN_POINT('',(-1.2,-0.76,1.56));
#1796 = DIRECTION('',(0.,0.,1.));
#1797 = DIRECTION('',(1.,0.,-0.));
#1798 = ADVANCED_FACE('',(#1799),#1818,.T.);
#1799 = FACE_BOUND('',#1800,.T.);
#1800 = EDGE_LOOP('',(#1801,#1809,#1816,#1817));
#1801 = ORIENTED_EDGE('',*,*,#1802,.T.);
#1802 = EDGE_CURVE('',#1584,#1803,#1805,.T.);
#1803 = VERTEX_POINT('',#1804);
#1804 = CARTESIAN_POINT('',(1.2,-0.76,1.52));
#1805 = LINE('',#1806,#1807);
#1806 = CARTESIAN_POINT('',(-1.2,-0.76,1.52));
#1807 = VECTOR('',#1808,1.);
#1808 = DIRECTION('',(1.,0.,0.));
#1809 = ORIENTED_EDGE('',*,*,#1810,.T.);
#1810 = EDGE_CURVE('',#1803,#1780,#1811,.T.);
#1811 = CIRCLE('',#1812,4.E-02);
#1812 = AXIS2_PLACEMENT_3D('',#1813,#1814,#1815);
#1813 = CARTESIAN_POINT('',(1.2,-0.72,1.52));
#1814 = DIRECTION('',(-1.,0.,0.));
#1815 = DIRECTION('',(0.,0.,1.));
#1816 = ORIENTED_EDGE('',*,*,#1779,.F.);
#1817 = ORIENTED_EDGE('',*,*,#1591,.F.);
#1818 = CYLINDRICAL_SURFACE('',#1819,4.E-02);
#1819 = AXIS2_PLACEMENT_3D('',#1820,#1821,#1822);
#1820 = CARTESIAN_POINT('',(-1.2,-0.72,1.52));
#1821 = DIRECTION('',(1.,0.,0.));
#1822 = DIRECTION('',(0.,-1.,0.));
#1823 = ADVANCED_FACE('',(#1824),#1835,.F.);
#1824 = FACE_BOUND('',#1825,.F.);
#1825 = EDGE_LOOP('',(#1826,#1832,#1833,#1834));
#1826 = ORIENTED_EDGE('',*,*,#1827,.F.);
#1827 = EDGE_CURVE('',#1658,#1803,#1828,.T.);
#1828 = LINE('',#1829,#1830);
#1829 = CARTESIAN_POINT('',(1.2,-0.76,4.E-02));
#1830 = VECTOR('',#1831,1.);
#1831 = DIRECTION('',(0.,0.,1.));
#1832 = ORIENTED_EDGE('',*,*,#1666,.F.);
#1833 = ORIENTED_EDGE('',*,*,#1583,.T.);
#1834 = ORIENTED_EDGE('',*,*,#1802,.T.);
#1835 = PLANE('',#1836);
#1836 = AXIS2_PLACEMENT_3D('',#1837,#1838,#1839);
#1837 = CARTESIAN_POINT('',(-1.2,-0.76,4.E-02));
#1838 = DIRECTION('',(0.,1.,0.));
#1839 = DIRECTION('',(0.,-0.,1.));
#1840 = ADVANCED_FACE('',(#1841,#1911),#1921,.F.);
#1841 = FACE_BOUND('',#1842,.F.);
#1842 = EDGE_LOOP('',(#1843,#1853,#1862,#1870,#1879,#1887,#1896,#1904));
#1843 = ORIENTED_EDGE('',*,*,#1844,.F.);
#1844 = EDGE_CURVE('',#1845,#1847,#1849,.T.);
#1845 = VERTEX_POINT('',#1846);
#1846 = CARTESIAN_POINT('',(1.2,-0.8,4.E-02));
#1847 = VERTEX_POINT('',#1848);
#1848 = CARTESIAN_POINT('',(1.2,-0.8,1.56));
#1849 = LINE('',#1850,#1851);
#1850 = CARTESIAN_POINT('',(1.2,-0.8,0.));
#1851 = VECTOR('',#1852,1.);
#1852 = DIRECTION('',(0.,0.,1.));
#1853 = ORIENTED_EDGE('',*,*,#1854,.T.);
#1854 = EDGE_CURVE('',#1845,#1855,#1857,.T.);
#1855 = VERTEX_POINT('',#1856);
#1856 = CARTESIAN_POINT('',(1.2,-0.76,0.));
#1857 = CIRCLE('',#1858,4.E-02);
#1858 = AXIS2_PLACEMENT_3D('',#1859,#1860,#1861);
#1859 = CARTESIAN_POINT('',(1.2,-0.76,4.E-02));
#1860 = DIRECTION('',(1.,0.,-0.));
#1861 = DIRECTION('',(0.,0.,1.));
#1862 = ORIENTED_EDGE('',*,*,#1863,.T.);
#1863 = EDGE_CURVE('',#1855,#1864,#1866,.T.);
#1864 = VERTEX_POINT('',#1865);
#1865 = CARTESIAN_POINT('',(1.2,0.76,0.));
#1866 = LINE('',#1867,#1868);
#1867 = CARTESIAN_POINT('',(1.2,-0.8,0.));
#1868 = VECTOR('',#1869,1.);
#1869 = DIRECTION('',(0.,1.,0.));
#1870 = ORIENTED_EDGE('',*,*,#1871,.F.);
#1871 = EDGE_CURVE('',#1872,#1864,#1874,.T.);
#1872 = VERTEX_POINT('',#1873);
#1873 = CARTESIAN_POINT('',(1.2,0.8,4.E-02));
#1874 = CIRCLE('',#1875,4.E-02);
#1875 = AXIS2_PLACEMENT_3D('',#1876,#1877,#1878);
#1876 = CARTESIAN_POINT('',(1.2,0.76,4.E-02));
#1877 = DIRECTION('',(-1.,0.,0.));
#1878 = DIRECTION('',(0.,0.,1.));
#1879 = ORIENTED_EDGE('',*,*,#1880,.T.);
#1880 = EDGE_CURVE('',#1872,#1881,#1883,.T.);
#1881 = VERTEX_POINT('',#1882);
#1882 = CARTESIAN_POINT('',(1.2,0.8,1.56));
#1883 = LINE('',#1884,#1885);
#1884 = CARTESIAN_POINT('',(1.2,0.8,0.));
#1885 = VECTOR('',#1886,1.);
#1886 = DIRECTION('',(0.,0.,1.));
#1887 = ORIENTED_EDGE('',*,*,#1888,.T.);
#1888 = EDGE_CURVE('',#1881,#1889,#1891,.T.);
#1889 = VERTEX_POINT('',#1890);
#1890 = CARTESIAN_POINT('',(1.2,0.76,1.6));
#1891 = CIRCLE('',#1892,4.E-02);
#1892 = AXIS2_PLACEMENT_3D('',#1893,#1894,#1895);
#1893 = CARTESIAN_POINT('',(1.2,0.76,1.56));
#1894 = DIRECTION('',(1.,0.,-0.));
#1895 = DIRECTION('',(0.,0.,1.));
#1896 = ORIENTED_EDGE('',*,*,#1897,.F.);
#1897 = EDGE_CURVE('',#1898,#1889,#1900,.T.);
#1898 = VERTEX_POINT('',#1899);
#1899 = CARTESIAN_POINT('',(1.2,-0.76,1.6));
#1900 = LINE('',#1901,#1902);
#1901 = CARTESIAN_POINT('',(1.2,-0.8,1.6));
#1902 = VECTOR('',#1903,1.);
#1903 = DIRECTION('',(0.,1.,0.));
#1904 = ORIENTED_EDGE('',*,*,#1905,.F.);
#1905 = EDGE_CURVE('',#1847,#1898,#1906,.T.);
#1906 = CIRCLE('',#1907,4.E-02);
#1907 = AXIS2_PLACEMENT_3D('',#1908,#1909,#1910);
#1908 = CARTESIAN_POINT('',(1.2,-0.76,1.56));
#1909 = DIRECTION('',(-1.,0.,0.));
#1910 = DIRECTION('',(0.,0.,1.));
#1911 = FACE_BOUND('',#1912,.F.);
#1912 = EDGE_LOOP('',(#1913,#1914,#1915,#1916,#1917,#1918,#1919,#1920));
#1913 = ORIENTED_EDGE('',*,*,#1657,.F.);
#1914 = ORIENTED_EDGE('',*,*,#1827,.T.);
#1915 = ORIENTED_EDGE('',*,*,#1810,.T.);
#1916 = ORIENTED_EDGE('',*,*,#1787,.T.);
#1917 = ORIENTED_EDGE('',*,*,#1762,.F.);
#1918 = ORIENTED_EDGE('',*,*,#1729,.F.);
#1919 = ORIENTED_EDGE('',*,*,#1712,.T.);
#1920 = ORIENTED_EDGE('',*,*,#1682,.F.);
#1921 = PLANE('',#1922);
#1922 = AXIS2_PLACEMENT_3D('',#1923,#1924,#1925);
#1923 = CARTESIAN_POINT('',(1.2,-0.8,0.));
#1924 = DIRECTION('',(1.,0.,0.));
#1925 = DIRECTION('',(0.,0.,1.));
#1926 = ADVANCED_FACE('',(#1927),#1952,.F.);
#1927 = FACE_BOUND('',#1928,.F.);
#1928 = EDGE_LOOP('',(#1929,#1939,#1945,#1946));
#1929 = ORIENTED_EDGE('',*,*,#1930,.F.);
#1930 = EDGE_CURVE('',#1931,#1933,#1935,.T.);
#1931 = VERTEX_POINT('',#1932);
#1932 = CARTESIAN_POINT('',(1.6,-0.8,4.E-02));
#1933 = VERTEX_POINT('',#1934);
#1934 = CARTESIAN_POINT('',(1.6,-0.8,1.56));
#1935 = LINE('',#1936,#1937);
#1936 = CARTESIAN_POINT('',(1.6,-0.8,0.));
#1937 = VECTOR('',#1938,1.);
#1938 = DIRECTION('',(0.,0.,1.));
#1939 = ORIENTED_EDGE('',*,*,#1940,.F.);
#1940 = EDGE_CURVE('',#1845,#1931,#1941,.T.);
#1941 = LINE('',#1942,#1943);
#1942 = CARTESIAN_POINT('',(1.2,-0.8,4.E-02));
#1943 = VECTOR('',#1944,1.);
#1944 = DIRECTION('',(1.,0.,0.));
#1945 = ORIENTED_EDGE('',*,*,#1844,.T.);
#1946 = ORIENTED_EDGE('',*,*,#1947,.T.);
#1947 = EDGE_CURVE('',#1847,#1933,#1948,.T.);
#1948 = LINE('',#1949,#1950);
#1949 = CARTESIAN_POINT('',(1.2,-0.8,1.56));
#1950 = VECTOR('',#1951,1.);
#1951 = DIRECTION('',(1.,0.,0.));
#1952 = PLANE('',#1953);
#1953 = AXIS2_PLACEMENT_3D('',#1954,#1955,#1956);
#1954 = CARTESIAN_POINT('',(1.2,-0.8,0.));
#1955 = DIRECTION('',(0.,1.,0.));
#1956 = DIRECTION('',(0.,-0.,1.));
#1957 = ADVANCED_FACE('',(#1958),#1977,.T.);
#1958 = FACE_BOUND('',#1959,.T.);
#1959 = EDGE_LOOP('',(#1960,#1961,#1969,#1976));
#1960 = ORIENTED_EDGE('',*,*,#1854,.T.);
#1961 = ORIENTED_EDGE('',*,*,#1962,.T.);
#1962 = EDGE_CURVE('',#1855,#1963,#1965,.T.);
#1963 = VERTEX_POINT('',#1964);
#1964 = CARTESIAN_POINT('',(1.6,-0.76,0.));
#1965 = LINE('',#1966,#1967);
#1966 = CARTESIAN_POINT('',(1.2,-0.76,0.));
#1967 = VECTOR('',#1968,1.);
#1968 = DIRECTION('',(1.,0.,0.));
#1969 = ORIENTED_EDGE('',*,*,#1970,.F.);
#1970 = EDGE_CURVE('',#1931,#1963,#1971,.T.);
#1971 = CIRCLE('',#1972,4.E-02);
#1972 = AXIS2_PLACEMENT_3D('',#1973,#1974,#1975);
#1973 = CARTESIAN_POINT('',(1.6,-0.76,4.E-02));
#1974 = DIRECTION('',(1.,0.,-0.));
#1975 = DIRECTION('',(0.,0.,1.));
#1976 = ORIENTED_EDGE('',*,*,#1940,.F.);
#1977 = CYLINDRICAL_SURFACE('',#1978,4.E-02);
#1978 = AXIS2_PLACEMENT_3D('',#1979,#1980,#1981);
#1979 = CARTESIAN_POINT('',(1.2,-0.76,4.E-02));
#1980 = DIRECTION('',(1.,0.,0.));
#1981 = DIRECTION('',(0.,-1.,0.));
#1982 = ADVANCED_FACE('',(#1983),#2002,.T.);
#1983 = FACE_BOUND('',#1984,.T.);
#1984 = EDGE_LOOP('',(#1985,#1986,#1995,#2001));
#1985 = ORIENTED_EDGE('',*,*,#1947,.T.);
#1986 = ORIENTED_EDGE('',*,*,#1987,.T.);
#1987 = EDGE_CURVE('',#1933,#1988,#1990,.T.);
#1988 = VERTEX_POINT('',#1989);
#1989 = CARTESIAN_POINT('',(1.6,-0.76,1.6));
#1990 = CIRCLE('',#1991,4.E-02);
#1991 = AXIS2_PLACEMENT_3D('',#1992,#1993,#1994);
#1992 = CARTESIAN_POINT('',(1.6,-0.76,1.56));
#1993 = DIRECTION('',(-1.,0.,0.));
#1994 = DIRECTION('',(0.,0.,1.));
#1995 = ORIENTED_EDGE('',*,*,#1996,.F.);
#1996 = EDGE_CURVE('',#1898,#1988,#1997,.T.);
#1997 = LINE('',#1998,#1999);
#1998 = CARTESIAN_POINT('',(1.2,-0.76,1.6));
#1999 = VECTOR('',#2000,1.);
#2000 = DIRECTION('',(1.,0.,0.));
#2001 = ORIENTED_EDGE('',*,*,#1905,.F.);
#2002 = CYLINDRICAL_SURFACE('',#2003,4.E-02);
#2003 = AXIS2_PLACEMENT_3D('',#2004,#2005,#2006);
#2004 = CARTESIAN_POINT('',(1.2,-0.76,1.56));
#2005 = DIRECTION('',(1.,0.,0.));
#2006 = DIRECTION('',(0.,-1.,0.));
#2007 = ADVANCED_FACE('',(#2008),#2026,.F.);
#2008 = FACE_BOUND('',#2009,.F.);
#2009 = EDGE_LOOP('',(#2010,#2011,#2012,#2020));
#2010 = ORIENTED_EDGE('',*,*,#1863,.F.);
#2011 = ORIENTED_EDGE('',*,*,#1962,.T.);
#2012 = ORIENTED_EDGE('',*,*,#2013,.T.);
#2013 = EDGE_CURVE('',#1963,#2014,#2016,.T.);
#2014 = VERTEX_POINT('',#2015);
#2015 = CARTESIAN_POINT('',(1.6,0.76,0.));
#2016 = LINE('',#2017,#2018);
#2017 = CARTESIAN_POINT('',(1.6,-0.8,0.));
#2018 = VECTOR('',#2019,1.);
#2019 = DIRECTION('',(0.,1.,0.));
#2020 = ORIENTED_EDGE('',*,*,#2021,.F.);
#2021 = EDGE_CURVE('',#1864,#2014,#2022,.T.);
#2022 = LINE('',#2023,#2024);
#2023 = CARTESIAN_POINT('',(1.2,0.76,0.));
#2024 = VECTOR('',#2025,1.);
#2025 = DIRECTION('',(1.,0.,0.));
#2026 = PLANE('',#2027);
#2027 = AXIS2_PLACEMENT_3D('',#2028,#2029,#2030);
#2028 = CARTESIAN_POINT('',(1.2,-0.8,0.));
#2029 = DIRECTION('',(0.,0.,1.));
#2030 = DIRECTION('',(1.,0.,-0.));
#2031 = ADVANCED_FACE('',(#2032),#2050,.T.);
#2032 = FACE_BOUND('',#2033,.T.);
#2033 = EDGE_LOOP('',(#2034,#2035,#2036,#2044));
#2034 = ORIENTED_EDGE('',*,*,#1897,.F.);
#2035 = ORIENTED_EDGE('',*,*,#1996,.T.);
#2036 = ORIENTED_EDGE('',*,*,#2037,.T.);
#2037 = EDGE_CURVE('',#1988,#2038,#2040,.T.);
#2038 = VERTEX_POINT('',#2039);
#2039 = CARTESIAN_POINT('',(1.6,0.76,1.6));
#2040 = LINE('',#2041,#2042);
#2041 = CARTESIAN_POINT('',(1.6,-0.8,1.6));
#2042 = VECTOR('',#2043,1.);
#2043 = DIRECTION('',(0.,1.,0.));
#2044 = ORIENTED_EDGE('',*,*,#2045,.F.);
#2045 = EDGE_CURVE('',#1889,#2038,#2046,.T.);
#2046 = LINE('',#2047,#2048);
#2047 = CARTESIAN_POINT('',(1.2,0.76,1.6));
#2048 = VECTOR('',#2049,1.);
#2049 = DIRECTION('',(1.,0.,0.));
#2050 = PLANE('',#2051);
#2051 = AXIS2_PLACEMENT_3D('',#2052,#2053,#2054);
#2052 = CARTESIAN_POINT('',(1.2,-0.8,1.6));
#2053 = DIRECTION('',(0.,0.,1.));
#2054 = DIRECTION('',(1.,0.,-0.));
#2055 = ADVANCED_FACE('',(#2056),#2075,.T.);
#2056 = FACE_BOUND('',#2057,.T.);
#2057 = EDGE_LOOP('',(#2058,#2066,#2073,#2074));
#2058 = ORIENTED_EDGE('',*,*,#2059,.T.);
#2059 = EDGE_CURVE('',#1872,#2060,#2062,.T.);
#2060 = VERTEX_POINT('',#2061);
#2061 = CARTESIAN_POINT('',(1.6,0.8,4.E-02));
#2062 = LINE('',#2063,#2064);
#2063 = CARTESIAN_POINT('',(1.2,0.8,4.E-02));
#2064 = VECTOR('',#2065,1.);
#2065 = DIRECTION('',(1.,0.,0.));
#2066 = ORIENTED_EDGE('',*,*,#2067,.T.);
#2067 = EDGE_CURVE('',#2060,#2014,#2068,.T.);
#2068 = CIRCLE('',#2069,4.E-02);
#2069 = AXIS2_PLACEMENT_3D('',#2070,#2071,#2072);
#2070 = CARTESIAN_POINT('',(1.6,0.76,4.E-02));
#2071 = DIRECTION('',(-1.,0.,0.));
#2072 = DIRECTION('',(0.,0.,1.));
#2073 = ORIENTED_EDGE('',*,*,#2021,.F.);
#2074 = ORIENTED_EDGE('',*,*,#1871,.F.);
#2075 = CYLINDRICAL_SURFACE('',#2076,4.E-02);
#2076 = AXIS2_PLACEMENT_3D('',#2077,#2078,#2079);
#2077 = CARTESIAN_POINT('',(1.2,0.76,4.E-02));
#2078 = DIRECTION('',(1.,0.,0.));
#2079 = DIRECTION('',(-0.,1.,0.));
#2080 = ADVANCED_FACE('',(#2081),#2100,.T.);
#2081 = FACE_BOUND('',#2082,.T.);
#2082 = EDGE_LOOP('',(#2083,#2084,#2085,#2094));
#2083 = ORIENTED_EDGE('',*,*,#1888,.T.);
#2084 = ORIENTED_EDGE('',*,*,#2045,.T.);
#2085 = ORIENTED_EDGE('',*,*,#2086,.F.);
#2086 = EDGE_CURVE('',#2087,#2038,#2089,.T.);
#2087 = VERTEX_POINT('',#2088);
#2088 = CARTESIAN_POINT('',(1.6,0.8,1.56));
#2089 = CIRCLE('',#2090,4.E-02);
#2090 = AXIS2_PLACEMENT_3D('',#2091,#2092,#2093);
#2091 = CARTESIAN_POINT('',(1.6,0.76,1.56));
#2092 = DIRECTION('',(1.,0.,-0.));
#2093 = DIRECTION('',(0.,0.,1.));
#2094 = ORIENTED_EDGE('',*,*,#2095,.F.);
#2095 = EDGE_CURVE('',#1881,#2087,#2096,.T.);
#2096 = LINE('',#2097,#2098);
#2097 = CARTESIAN_POINT('',(1.2,0.8,1.56));
#2098 = VECTOR('',#2099,1.);
#2099 = DIRECTION('',(1.,0.,0.));
#2100 = CYLINDRICAL_SURFACE('',#2101,4.E-02);
#2101 = AXIS2_PLACEMENT_3D('',#2102,#2103,#2104);
#2102 = CARTESIAN_POINT('',(1.2,0.76,1.56));
#2103 = DIRECTION('',(1.,0.,0.));
#2104 = DIRECTION('',(-0.,1.,0.));
#2105 = ADVANCED_FACE('',(#2106),#2117,.T.);
#2106 = FACE_BOUND('',#2107,.T.);
#2107 = EDGE_LOOP('',(#2108,#2114,#2115,#2116));
#2108 = ORIENTED_EDGE('',*,*,#2109,.F.);
#2109 = EDGE_CURVE('',#2060,#2087,#2110,.T.);
#2110 = LINE('',#2111,#2112);
#2111 = CARTESIAN_POINT('',(1.6,0.8,0.));
#2112 = VECTOR('',#2113,1.);
#2113 = DIRECTION('',(0.,0.,1.));
#2114 = ORIENTED_EDGE('',*,*,#2059,.F.);
#2115 = ORIENTED_EDGE('',*,*,#1880,.T.);
#2116 = ORIENTED_EDGE('',*,*,#2095,.T.);
#2117 = PLANE('',#2118);
#2118 = AXIS2_PLACEMENT_3D('',#2119,#2120,#2121);
#2119 = CARTESIAN_POINT('',(1.2,0.8,0.));
#2120 = DIRECTION('',(0.,1.,0.));
#2121 = DIRECTION('',(0.,-0.,1.));
#2122 = ADVANCED_FACE('',(#2123),#2133,.T.);
#2123 = FACE_BOUND('',#2124,.T.);
#2124 = EDGE_LOOP('',(#2125,#2126,#2127,#2128,#2129,#2130,#2131,#2132));
#2125 = ORIENTED_EDGE('',*,*,#1930,.F.);
#2126 = ORIENTED_EDGE('',*,*,#1970,.T.);
#2127 = ORIENTED_EDGE('',*,*,#2013,.T.);
#2128 = ORIENTED_EDGE('',*,*,#2067,.F.);
#2129 = ORIENTED_EDGE('',*,*,#2109,.T.);
#2130 = ORIENTED_EDGE('',*,*,#2086,.T.);
#2131 = ORIENTED_EDGE('',*,*,#2037,.F.);
#2132 = ORIENTED_EDGE('',*,*,#1987,.F.);
#2133 = PLANE('',#2134);
#2134 = AXIS2_PLACEMENT_3D('',#2135,#2136,#2137);
#2135 = CARTESIAN_POINT('',(1.6,-0.8,0.));
#2136 = DIRECTION('',(1.,0.,0.));
#2137 = DIRECTION('',(0.,0.,1.));
#2138 = ( GEOMETRIC_REPRESENTATION_CONTEXT(3) 
GLOBAL_UNCERTAINTY_ASSIGNED_CONTEXT((#2142)) 
GLOBAL_UNIT_ASSIGNED_CONTEXT((#2139,#2140,#2141)) REPRESENTATION_CONTEXT
('Context #1','3D Context with UNIT and UNCERTAINTY') );
#2139 = ( LENGTH_UNIT() NAMED_UNIT(*) SI_UNIT(.MILLI.,.METRE.) );
#2140 = ( NAMED_UNIT(*) PLANE_ANGLE_UNIT() SI_UNIT($,.RADIAN.) );
#2141 = ( NAMED_UNIT(*) SI_UNIT($,.STERADIAN.) SOLID_ANGLE_UNIT() );
#2142 = UNCERTAINTY_MEASURE_WITH_UNIT(LENGTH_MEASURE(1.E-07),#2139,
  'distance_accuracy_value','confusion accuracy');
#2143 = CONTEXT_DEPENDENT_SHAPE_REPRESENTATION(#2144,#2146);
#2144 = ( REPRESENTATION_RELATIONSHIP('','',#1283,#10) 
REPRESENTATION_RELATIONSHIP_WITH_TRANSFORMATION(#2145) 
SHAPE_REPRESENTATION_RELATIONSHIP() );
#2145 = ITEM_DEFINED_TRANSFORMATION('','',#11,#19);
#2146 = PRODUCT_DEFINITION_SHAPE('Placement','Placement of an item',
  #2147);
#2147 = NEXT_ASSEMBLY_USAGE_OCCURRENCE('2','C1','',#5,#1278,$);
#2148 = PRODUCT_RELATED_PRODUCT_CATEGORY('part',$,(#1280));
#2149 = SHAPE_DEFINITION_REPRESENTATION(#2150,#2156);
#2150 = PRODUCT_DEFINITION_SHAPE('','',#2151);
#2151 = PRODUCT_DEFINITION('design','',#2152,#2155);
#2152 = PRODUCT_DEFINITION_FORMATION('','',#2153);
#2153 = PRODUCT('Fuse_1206_3216Metric','Fuse_1206_3216Metric','',(#2154)
  );
#2154 = PRODUCT_CONTEXT('',#2,'mechanical');
#2155 = PRODUCT_DEFINITION_CONTEXT('part definition',#2,'design');
#2156 = ADVANCED_BREP_SHAPE_REPRESENTATION('',(#11,#2157),#2947);
#2157 = MANIFOLD_SOLID_BREP('',#2158);
#2158 = CLOSED_SHELL('',(#2159,#2199,#2282,#2307,#2332,#2399,#2416,#2433
    ,#2482,#2504,#2516,#2565,#2582,#2651,#2682,#2706,#2775,#2799,#2816,
    #2833,#2850,#2867,#2884,#2901,#2918,#2935));
#2159 = ADVANCED_FACE('',(#2160),#2194,.F.);
#2160 = FACE_BOUND('',#2161,.F.);
#2161 = EDGE_LOOP('',(#2162,#2172,#2180,#2188));
#2162 = ORIENTED_EDGE('',*,*,#2163,.F.);
#2163 = EDGE_CURVE('',#2164,#2166,#2168,.T.);
#2164 = VERTEX_POINT('',#2165);
#2165 = CARTESIAN_POINT('',(-1.6,-0.8,5.5E-02));
#2166 = VERTEX_POINT('',#2167);
#2167 = CARTESIAN_POINT('',(-1.6,-0.8,0.495));
#2168 = LINE('',#2169,#2170);
#2169 = CARTESIAN_POINT('',(-1.6,-0.8,0.));
#2170 = VECTOR('',#2171,1.);
#2171 = DIRECTION('',(0.,0.,1.));
#2172 = ORIENTED_EDGE('',*,*,#2173,.T.);
#2173 = EDGE_CURVE('',#2164,#2174,#2176,.T.);
#2174 = VERTEX_POINT('',#2175);
#2175 = CARTESIAN_POINT('',(-1.6,0.8,5.5E-02));
#2176 = LINE('',#2177,#2178);
#2177 = CARTESIAN_POINT('',(-1.6,-0.8,5.5E-02));
#2178 = VECTOR('',#2179,1.);
#2179 = DIRECTION('',(0.,1.,0.));
#2180 = ORIENTED_EDGE('',*,*,#2181,.T.);
#2181 = EDGE_CURVE('',#2174,#2182,#2184,.T.);
#2182 = VERTEX_POINT('',#2183);
#2183 = CARTESIAN_POINT('',(-1.6,0.8,0.495));
#2184 = LINE('',#2185,#2186);
#2185 = CARTESIAN_POINT('',(-1.6,0.8,0.));
#2186 = VECTOR('',#2187,1.);
#2187 = DIRECTION('',(0.,0.,1.));
#2188 = ORIENTED_EDGE('',*,*,#2189,.F.);
#2189 = EDGE_CURVE('',#2166,#2182,#2190,.T.);
#2190 = LINE('',#2191,#2192);
#2191 = CARTESIAN_POINT('',(-1.6,-0.8,0.495));
#2192 = VECTOR('',#2193,1.);
#2193 = DIRECTION('',(0.,1.,0.));
#2194 = PLANE('',#2195);
#2195 = AXIS2_PLACEMENT_3D('',#2196,#2197,#2198);
#2196 = CARTESIAN_POINT('',(-1.6,-0.8,0.));
#2197 = DIRECTION('',(1.,0.,0.));
#2198 = DIRECTION('',(0.,0.,1.));
#2199 = ADVANCED_FACE('',(#2200),#2277,.F.);
#2200 = FACE_BOUND('',#2201,.F.);
#2201 = EDGE_LOOP('',(#2202,#2212,#2219,#2220,#2229,#2237,#2246,#2254,
    #2262,#2270));
#2202 = ORIENTED_EDGE('',*,*,#2203,.F.);
#2203 = EDGE_CURVE('',#2204,#2206,#2208,.T.);
#2204 = VERTEX_POINT('',#2205);
#2205 = CARTESIAN_POINT('',(-1.545,-0.8,0.));
#2206 = VERTEX_POINT('',#2207);
#2207 = CARTESIAN_POINT('',(-1.155,-0.8,0.));
#2208 = LINE('',#2209,#2210);
#2209 = CARTESIAN_POINT('',(-1.6,-0.8,0.));
#2210 = VECTOR('',#2211,1.);
#2211 = DIRECTION('',(1.,0.,0.));
#2212 = ORIENTED_EDGE('',*,*,#2213,.F.);
#2213 = EDGE_CURVE('',#2164,#2204,#2214,.T.);
#2214 = CIRCLE('',#2215,5.5E-02);
#2215 = AXIS2_PLACEMENT_3D('',#2216,#2217,#2218);
#2216 = CARTESIAN_POINT('',(-1.545,-0.8,5.5E-02));
#2217 = DIRECTION('',(0.,-1.,0.));
#2218 = DIRECTION('',(0.,0.,1.));
#2219 = ORIENTED_EDGE('',*,*,#2163,.T.);
#2220 = ORIENTED_EDGE('',*,*,#2221,.T.);
#2221 = EDGE_CURVE('',#2166,#2222,#2224,.T.);
#2222 = VERTEX_POINT('',#2223);
#2223 = CARTESIAN_POINT('',(-1.545,-0.8,0.55));
#2224 = CIRCLE('',#2225,5.5E-02);
#2225 = AXIS2_PLACEMENT_3D('',#2226,#2227,#2228);
#2226 = CARTESIAN_POINT('',(-1.545,-0.8,0.495));
#2227 = DIRECTION('',(0.,1.,0.));
#2228 = DIRECTION('',(0.,-0.,1.));
#2229 = ORIENTED_EDGE('',*,*,#2230,.T.);
#2230 = EDGE_CURVE('',#2222,#2231,#2233,.T.);
#2231 = VERTEX_POINT('',#2232);
#2232 = CARTESIAN_POINT('',(-1.155,-0.8,0.55));
#2233 = LINE('',#2234,#2235);
#2234 = CARTESIAN_POINT('',(-1.6,-0.8,0.55));
#2235 = VECTOR('',#2236,1.);
#2236 = DIRECTION('',(1.,0.,0.));
#2237 = ORIENTED_EDGE('',*,*,#2238,.F.);
#2238 = EDGE_CURVE('',#2239,#2231,#2241,.T.);
#2239 = VERTEX_POINT('',#2240);
#2240 = CARTESIAN_POINT('',(-1.1,-0.8,0.495));
#2241 = CIRCLE('',#2242,5.5E-02);
#2242 = AXIS2_PLACEMENT_3D('',#2243,#2244,#2245);
#2243 = CARTESIAN_POINT('',(-1.155,-0.8,0.495));
#2244 = DIRECTION('',(0.,-1.,0.));
#2245 = DIRECTION('',(0.,0.,1.));
#2246 = ORIENTED_EDGE('',*,*,#2247,.F.);
#2247 = EDGE_CURVE('',#2248,#2239,#2250,.T.);
#2248 = VERTEX_POINT('',#2249);
#2249 = CARTESIAN_POINT('',(-1.545,-0.8,0.495));
#2250 = LINE('',#2251,#2252);
#2251 = CARTESIAN_POINT('',(-1.545,-0.8,0.495));
#2252 = VECTOR('',#2253,1.);
#2253 = DIRECTION('',(1.,0.,0.));
#2254 = ORIENTED_EDGE('',*,*,#2255,.F.);
#2255 = EDGE_CURVE('',#2256,#2248,#2258,.T.);
#2256 = VERTEX_POINT('',#2257);
#2257 = CARTESIAN_POINT('',(-1.545,-0.8,5.5E-02));
#2258 = LINE('',#2259,#2260);
#2259 = CARTESIAN_POINT('',(-1.545,-0.8,5.5E-02));
#2260 = VECTOR('',#2261,1.);
#2261 = DIRECTION('',(0.,0.,1.));
#2262 = ORIENTED_EDGE('',*,*,#2263,.T.);
#2263 = EDGE_CURVE('',#2256,#2264,#2266,.T.);
#2264 = VERTEX_POINT('',#2265);
#2265 = CARTESIAN_POINT('',(-1.1,-0.8,5.5E-02));
#2266 = LINE('',#2267,#2268);
#2267 = CARTESIAN_POINT('',(-1.545,-0.8,5.5E-02));
#2268 = VECTOR('',#2269,1.);
#2269 = DIRECTION('',(1.,0.,0.));
#2270 = ORIENTED_EDGE('',*,*,#2271,.T.);
#2271 = EDGE_CURVE('',#2264,#2206,#2272,.T.);
#2272 = CIRCLE('',#2273,5.5E-02);
#2273 = AXIS2_PLACEMENT_3D('',#2274,#2275,#2276);
#2274 = CARTESIAN_POINT('',(-1.155,-0.8,5.5E-02));
#2275 = DIRECTION('',(0.,1.,0.));
#2276 = DIRECTION('',(0.,-0.,1.));
#2277 = PLANE('',#2278);
#2278 = AXIS2_PLACEMENT_3D('',#2279,#2280,#2281);
#2279 = CARTESIAN_POINT('',(-1.6,-0.8,0.));
#2280 = DIRECTION('',(0.,1.,0.));
#2281 = DIRECTION('',(0.,-0.,1.));
#2282 = ADVANCED_FACE('',(#2283),#2302,.T.);
#2283 = FACE_BOUND('',#2284,.T.);
#2284 = EDGE_LOOP('',(#2285,#2286,#2295,#2301));
#2285 = ORIENTED_EDGE('',*,*,#2173,.T.);
#2286 = ORIENTED_EDGE('',*,*,#2287,.T.);
#2287 = EDGE_CURVE('',#2174,#2288,#2290,.T.);
#2288 = VERTEX_POINT('',#2289);
#2289 = CARTESIAN_POINT('',(-1.545,0.8,0.));
#2290 = CIRCLE('',#2291,5.5E-02);
#2291 = AXIS2_PLACEMENT_3D('',#2292,#2293,#2294);
#2292 = CARTESIAN_POINT('',(-1.545,0.8,5.5E-02));
#2293 = DIRECTION('',(0.,-1.,0.));
#2294 = DIRECTION('',(0.,0.,1.));
#2295 = ORIENTED_EDGE('',*,*,#2296,.F.);
#2296 = EDGE_CURVE('',#2204,#2288,#2297,.T.);
#2297 = LINE('',#2298,#2299);
#2298 = CARTESIAN_POINT('',(-1.545,-0.8,0.));
#2299 = VECTOR('',#2300,1.);
#2300 = DIRECTION('',(0.,1.,0.));
#2301 = ORIENTED_EDGE('',*,*,#2213,.F.);
#2302 = CYLINDRICAL_SURFACE('',#2303,5.5E-02);
#2303 = AXIS2_PLACEMENT_3D('',#2304,#2305,#2306);
#2304 = CARTESIAN_POINT('',(-1.545,-0.8,5.5E-02));
#2305 = DIRECTION('',(0.,1.,0.));
#2306 = DIRECTION('',(-1.,0.,0.));
#2307 = ADVANCED_FACE('',(#2308),#2327,.T.);
#2308 = FACE_BOUND('',#2309,.T.);
#2309 = EDGE_LOOP('',(#2310,#2311,#2319,#2326));
#2310 = ORIENTED_EDGE('',*,*,#2221,.T.);
#2311 = ORIENTED_EDGE('',*,*,#2312,.T.);
#2312 = EDGE_CURVE('',#2222,#2313,#2315,.T.);
#2313 = VERTEX_POINT('',#2314);
#2314 = CARTESIAN_POINT('',(-1.545,0.8,0.55));
#2315 = LINE('',#2316,#2317);
#2316 = CARTESIAN_POINT('',(-1.545,-0.8,0.55));
#2317 = VECTOR('',#2318,1.);
#2318 = DIRECTION('',(0.,1.,0.));
#2319 = ORIENTED_EDGE('',*,*,#2320,.F.);
#2320 = EDGE_CURVE('',#2182,#2313,#2321,.T.);
#2321 = CIRCLE('',#2322,5.5E-02);
#2322 = AXIS2_PLACEMENT_3D('',#2323,#2324,#2325);
#2323 = CARTESIAN_POINT('',(-1.545,0.8,0.495));
#2324 = DIRECTION('',(0.,1.,0.));
#2325 = DIRECTION('',(0.,-0.,1.));
#2326 = ORIENTED_EDGE('',*,*,#2189,.F.);
#2327 = CYLINDRICAL_SURFACE('',#2328,5.5E-02);
#2328 = AXIS2_PLACEMENT_3D('',#2329,#2330,#2331);
#2329 = CARTESIAN_POINT('',(-1.545,-0.8,0.495));
#2330 = DIRECTION('',(0.,1.,0.));
#2331 = DIRECTION('',(-1.,0.,0.));
#2332 = ADVANCED_FACE('',(#2333),#2394,.T.);
#2333 = FACE_BOUND('',#2334,.T.);
#2334 = EDGE_LOOP('',(#2335,#2343,#2344,#2345,#2346,#2354,#2363,#2371,
    #2379,#2387));
#2335 = ORIENTED_EDGE('',*,*,#2336,.F.);
#2336 = EDGE_CURVE('',#2288,#2337,#2339,.T.);
#2337 = VERTEX_POINT('',#2338);
#2338 = CARTESIAN_POINT('',(-1.155,0.8,0.));
#2339 = LINE('',#2340,#2341);
#2340 = CARTESIAN_POINT('',(-1.6,0.8,0.));
#2341 = VECTOR('',#2342,1.);
#2342 = DIRECTION('',(1.,0.,0.));
#2343 = ORIENTED_EDGE('',*,*,#2287,.F.);
#2344 = ORIENTED_EDGE('',*,*,#2181,.T.);
#2345 = ORIENTED_EDGE('',*,*,#2320,.T.);
#2346 = ORIENTED_EDGE('',*,*,#2347,.T.);
#2347 = EDGE_CURVE('',#2313,#2348,#2350,.T.);
#2348 = VERTEX_POINT('',#2349);
#2349 = CARTESIAN_POINT('',(-1.155,0.8,0.55));
#2350 = LINE('',#2351,#2352);
#2351 = CARTESIAN_POINT('',(-1.6,0.8,0.55));
#2352 = VECTOR('',#2353,1.);
#2353 = DIRECTION('',(1.,0.,0.));
#2354 = ORIENTED_EDGE('',*,*,#2355,.F.);
#2355 = EDGE_CURVE('',#2356,#2348,#2358,.T.);
#2356 = VERTEX_POINT('',#2357);
#2357 = CARTESIAN_POINT('',(-1.1,0.8,0.495));
#2358 = CIRCLE('',#2359,5.5E-02);
#2359 = AXIS2_PLACEMENT_3D('',#2360,#2361,#2362);
#2360 = CARTESIAN_POINT('',(-1.155,0.8,0.495));
#2361 = DIRECTION('',(0.,-1.,0.));
#2362 = DIRECTION('',(0.,0.,1.));
#2363 = ORIENTED_EDGE('',*,*,#2364,.F.);
#2364 = EDGE_CURVE('',#2365,#2356,#2367,.T.);
#2365 = VERTEX_POINT('',#2366);
#2366 = CARTESIAN_POINT('',(-1.545,0.8,0.495));
#2367 = LINE('',#2368,#2369);
#2368 = CARTESIAN_POINT('',(-1.545,0.8,0.495));
#2369 = VECTOR('',#2370,1.);
#2370 = DIRECTION('',(1.,0.,0.));
#2371 = ORIENTED_EDGE('',*,*,#2372,.F.);
#2372 = EDGE_CURVE('',#2373,#2365,#2375,.T.);
#2373 = VERTEX_POINT('',#2374);
#2374 = CARTESIAN_POINT('',(-1.545,0.8,5.5E-02));
#2375 = LINE('',#2376,#2377);
#2376 = CARTESIAN_POINT('',(-1.545,0.8,5.5E-02));
#2377 = VECTOR('',#2378,1.);
#2378 = DIRECTION('',(0.,0.,1.));
#2379 = ORIENTED_EDGE('',*,*,#2380,.T.);
#2380 = EDGE_CURVE('',#2373,#2381,#2383,.T.);
#2381 = VERTEX_POINT('',#2382);
#2382 = CARTESIAN_POINT('',(-1.1,0.8,5.5E-02));
#2383 = LINE('',#2384,#2385);
#2384 = CARTESIAN_POINT('',(-1.545,0.8,5.5E-02));
#2385 = VECTOR('',#2386,1.);
#2386 = DIRECTION('',(1.,0.,0.));
#2387 = ORIENTED_EDGE('',*,*,#2388,.T.);
#2388 = EDGE_CURVE('',#2381,#2337,#2389,.T.);
#2389 = CIRCLE('',#2390,5.5E-02);
#2390 = AXIS2_PLACEMENT_3D('',#2391,#2392,#2393);
#2391 = CARTESIAN_POINT('',(-1.155,0.8,5.5E-02));
#2392 = DIRECTION('',(0.,1.,0.));
#2393 = DIRECTION('',(0.,-0.,1.));
#2394 = PLANE('',#2395);
#2395 = AXIS2_PLACEMENT_3D('',#2396,#2397,#2398);
#2396 = CARTESIAN_POINT('',(-1.6,0.8,0.));
#2397 = DIRECTION('',(0.,1.,0.));
#2398 = DIRECTION('',(0.,-0.,1.));
#2399 = ADVANCED_FACE('',(#2400),#2411,.F.);
#2400 = FACE_BOUND('',#2401,.F.);
#2401 = EDGE_LOOP('',(#2402,#2403,#2404,#2405));
#2402 = ORIENTED_EDGE('',*,*,#2336,.F.);
#2403 = ORIENTED_EDGE('',*,*,#2296,.F.);
#2404 = ORIENTED_EDGE('',*,*,#2203,.T.);
#2405 = ORIENTED_EDGE('',*,*,#2406,.T.);
#2406 = EDGE_CURVE('',#2206,#2337,#2407,.T.);
#2407 = LINE('',#2408,#2409);
#2408 = CARTESIAN_POINT('',(-1.155,-0.8,0.));
#2409 = VECTOR('',#2410,1.);
#2410 = DIRECTION('',(0.,1.,0.));
#2411 = PLANE('',#2412);
#2412 = AXIS2_PLACEMENT_3D('',#2413,#2414,#2415);
#2413 = CARTESIAN_POINT('',(-1.6,-0.8,0.));
#2414 = DIRECTION('',(0.,0.,1.));
#2415 = DIRECTION('',(1.,0.,-0.));
#2416 = ADVANCED_FACE('',(#2417),#2428,.T.);
#2417 = FACE_BOUND('',#2418,.T.);
#2418 = EDGE_LOOP('',(#2419,#2420,#2421,#2422));
#2419 = ORIENTED_EDGE('',*,*,#2271,.T.);
#2420 = ORIENTED_EDGE('',*,*,#2406,.T.);
#2421 = ORIENTED_EDGE('',*,*,#2388,.F.);
#2422 = ORIENTED_EDGE('',*,*,#2423,.F.);
#2423 = EDGE_CURVE('',#2264,#2381,#2424,.T.);
#2424 = LINE('',#2425,#2426);
#2425 = CARTESIAN_POINT('',(-1.1,-0.8,5.5E-02));
#2426 = VECTOR('',#2427,1.);
#2427 = DIRECTION('',(0.,1.,0.));
#2428 = CYLINDRICAL_SURFACE('',#2429,5.5E-02);
#2429 = AXIS2_PLACEMENT_3D('',#2430,#2431,#2432);
#2430 = CARTESIAN_POINT('',(-1.155,-0.8,5.5E-02));
#2431 = DIRECTION('',(0.,1.,0.));
#2432 = DIRECTION('',(1.,0.,0.));
#2433 = ADVANCED_FACE('',(#2434),#2477,.F.);
#2434 = FACE_BOUND('',#2435,.F.);
#2435 = EDGE_LOOP('',(#2436,#2437,#2438,#2439,#2447,#2455,#2463,#2471));
#2436 = ORIENTED_EDGE('',*,*,#2263,.F.);
#2437 = ORIENTED_EDGE('',*,*,#2255,.T.);
#2438 = ORIENTED_EDGE('',*,*,#2247,.T.);
#2439 = ORIENTED_EDGE('',*,*,#2440,.T.);
#2440 = EDGE_CURVE('',#2239,#2441,#2443,.T.);
#2441 = VERTEX_POINT('',#2442);
#2442 = CARTESIAN_POINT('',(1.1,-0.8,0.495));
#2443 = LINE('',#2444,#2445);
#2444 = CARTESIAN_POINT('',(-1.1,-0.8,0.495));
#2445 = VECTOR('',#2446,1.);
#2446 = DIRECTION('',(1.,0.,0.));
#2447 = ORIENTED_EDGE('',*,*,#2448,.T.);
#2448 = EDGE_CURVE('',#2441,#2449,#2451,.T.);
#2449 = VERTEX_POINT('',#2450);
#2450 = CARTESIAN_POINT('',(1.545,-0.8,0.495));
#2451 = LINE('',#2452,#2453);
#2452 = CARTESIAN_POINT('',(-1.545,-0.8,0.495));
#2453 = VECTOR('',#2454,1.);
#2454 = DIRECTION('',(1.,0.,0.));
#2455 = ORIENTED_EDGE('',*,*,#2456,.F.);
#2456 = EDGE_CURVE('',#2457,#2449,#2459,.T.);
#2457 = VERTEX_POINT('',#2458);
#2458 = CARTESIAN_POINT('',(1.545,-0.8,5.5E-02));
#2459 = LINE('',#2460,#2461);
#2460 = CARTESIAN_POINT('',(1.545,-0.8,5.5E-02));
#2461 = VECTOR('',#2462,1.);
#2462 = DIRECTION('',(0.,0.,1.));
#2463 = ORIENTED_EDGE('',*,*,#2464,.F.);
#2464 = EDGE_CURVE('',#2465,#2457,#2467,.T.);
#2465 = VERTEX_POINT('',#2466);
#2466 = CARTESIAN_POINT('',(1.1,-0.8,5.5E-02));
#2467 = LINE('',#2468,#2469);
#2468 = CARTESIAN_POINT('',(-1.545,-0.8,5.5E-02));
#2469 = VECTOR('',#2470,1.);
#2470 = DIRECTION('',(1.,0.,0.));
#2471 = ORIENTED_EDGE('',*,*,#2472,.F.);
#2472 = EDGE_CURVE('',#2264,#2465,#2473,.T.);
#2473 = LINE('',#2474,#2475);
#2474 = CARTESIAN_POINT('',(-1.545,-0.8,5.5E-02));
#2475 = VECTOR('',#2476,1.);
#2476 = DIRECTION('',(1.,0.,0.));
#2477 = PLANE('',#2478);
#2478 = AXIS2_PLACEMENT_3D('',#2479,#2480,#2481);
#2479 = CARTESIAN_POINT('',(-1.545,-0.8,5.5E-02));
#2480 = DIRECTION('',(0.,1.,0.));
#2481 = DIRECTION('',(0.,-0.,1.));
#2482 = ADVANCED_FACE('',(#2483),#2499,.T.);
#2483 = FACE_BOUND('',#2484,.T.);
#2484 = EDGE_LOOP('',(#2485,#2491,#2492,#2498));
#2485 = ORIENTED_EDGE('',*,*,#2486,.T.);
#2486 = EDGE_CURVE('',#2239,#2356,#2487,.T.);
#2487 = LINE('',#2488,#2489);
#2488 = CARTESIAN_POINT('',(-1.1,-0.8,0.495));
#2489 = VECTOR('',#2490,1.);
#2490 = DIRECTION('',(0.,1.,0.));
#2491 = ORIENTED_EDGE('',*,*,#2355,.T.);
#2492 = ORIENTED_EDGE('',*,*,#2493,.F.);
#2493 = EDGE_CURVE('',#2231,#2348,#2494,.T.);
#2494 = LINE('',#2495,#2496);
#2495 = CARTESIAN_POINT('',(-1.155,-0.8,0.55));
#2496 = VECTOR('',#2497,1.);
#2497 = DIRECTION('',(0.,1.,0.));
#2498 = ORIENTED_EDGE('',*,*,#2238,.F.);
#2499 = CYLINDRICAL_SURFACE('',#2500,5.5E-02);
#2500 = AXIS2_PLACEMENT_3D('',#2501,#2502,#2503);
#2501 = CARTESIAN_POINT('',(-1.155,-0.8,0.495));
#2502 = DIRECTION('',(0.,1.,0.));
#2503 = DIRECTION('',(1.,0.,0.));
#2504 = ADVANCED_FACE('',(#2505),#2511,.T.);
#2505 = FACE_BOUND('',#2506,.T.);
#2506 = EDGE_LOOP('',(#2507,#2508,#2509,#2510));
#2507 = ORIENTED_EDGE('',*,*,#2347,.F.);
#2508 = ORIENTED_EDGE('',*,*,#2312,.F.);
#2509 = ORIENTED_EDGE('',*,*,#2230,.T.);
#2510 = ORIENTED_EDGE('',*,*,#2493,.T.);
#2511 = PLANE('',#2512);
#2512 = AXIS2_PLACEMENT_3D('',#2513,#2514,#2515);
#2513 = CARTESIAN_POINT('',(-1.6,-0.8,0.55));
#2514 = DIRECTION('',(0.,0.,1.));
#2515 = DIRECTION('',(1.,0.,-0.));
#2516 = ADVANCED_FACE('',(#2517),#2560,.T.);
#2517 = FACE_BOUND('',#2518,.T.);
#2518 = EDGE_LOOP('',(#2519,#2520,#2521,#2522,#2530,#2538,#2546,#2554));
#2519 = ORIENTED_EDGE('',*,*,#2380,.F.);
#2520 = ORIENTED_EDGE('',*,*,#2372,.T.);
#2521 = ORIENTED_EDGE('',*,*,#2364,.T.);
#2522 = ORIENTED_EDGE('',*,*,#2523,.T.);
#2523 = EDGE_CURVE('',#2356,#2524,#2526,.T.);
#2524 = VERTEX_POINT('',#2525);
#2525 = CARTESIAN_POINT('',(1.1,0.8,0.495));
#2526 = LINE('',#2527,#2528);
#2527 = CARTESIAN_POINT('',(-1.1,0.8,0.495));
#2528 = VECTOR('',#2529,1.);
#2529 = DIRECTION('',(1.,0.,0.));
#2530 = ORIENTED_EDGE('',*,*,#2531,.T.);
#2531 = EDGE_CURVE('',#2524,#2532,#2534,.T.);
#2532 = VERTEX_POINT('',#2533);
#2533 = CARTESIAN_POINT('',(1.545,0.8,0.495));
#2534 = LINE('',#2535,#2536);
#2535 = CARTESIAN_POINT('',(-1.545,0.8,0.495));
#2536 = VECTOR('',#2537,1.);
#2537 = DIRECTION('',(1.,0.,0.));
#2538 = ORIENTED_EDGE('',*,*,#2539,.F.);
#2539 = EDGE_CURVE('',#2540,#2532,#2542,.T.);
#2540 = VERTEX_POINT('',#2541);
#2541 = CARTESIAN_POINT('',(1.545,0.8,5.5E-02));
#2542 = LINE('',#2543,#2544);
#2543 = CARTESIAN_POINT('',(1.545,0.8,5.5E-02));
#2544 = VECTOR('',#2545,1.);
#2545 = DIRECTION('',(0.,0.,1.));
#2546 = ORIENTED_EDGE('',*,*,#2547,.F.);
#2547 = EDGE_CURVE('',#2548,#2540,#2550,.T.);
#2548 = VERTEX_POINT('',#2549);
#2549 = CARTESIAN_POINT('',(1.1,0.8,5.5E-02));
#2550 = LINE('',#2551,#2552);
#2551 = CARTESIAN_POINT('',(-1.545,0.8,5.5E-02));
#2552 = VECTOR('',#2553,1.);
#2553 = DIRECTION('',(1.,0.,0.));
#2554 = ORIENTED_EDGE('',*,*,#2555,.F.);
#2555 = EDGE_CURVE('',#2381,#2548,#2556,.T.);
#2556 = LINE('',#2557,#2558);
#2557 = CARTESIAN_POINT('',(-1.545,0.8,5.5E-02));
#2558 = VECTOR('',#2559,1.);
#2559 = DIRECTION('',(1.,0.,0.));
#2560 = PLANE('',#2561);
#2561 = AXIS2_PLACEMENT_3D('',#2562,#2563,#2564);
#2562 = CARTESIAN_POINT('',(-1.545,0.8,5.5E-02));
#2563 = DIRECTION('',(0.,1.,0.));
#2564 = DIRECTION('',(0.,-0.,1.));
#2565 = ADVANCED_FACE('',(#2566),#2577,.F.);
#2566 = FACE_BOUND('',#2567,.F.);
#2567 = EDGE_LOOP('',(#2568,#2569,#2570,#2576));
#2568 = ORIENTED_EDGE('',*,*,#2423,.F.);
#2569 = ORIENTED_EDGE('',*,*,#2472,.T.);
#2570 = ORIENTED_EDGE('',*,*,#2571,.T.);
#2571 = EDGE_CURVE('',#2465,#2548,#2572,.T.);
#2572 = LINE('',#2573,#2574);
#2573 = CARTESIAN_POINT('',(1.1,-0.8,5.5E-02));
#2574 = VECTOR('',#2575,1.);
#2575 = DIRECTION('',(0.,1.,0.));
#2576 = ORIENTED_EDGE('',*,*,#2555,.F.);
#2577 = PLANE('',#2578);
#2578 = AXIS2_PLACEMENT_3D('',#2579,#2580,#2581);
#2579 = CARTESIAN_POINT('',(-1.545,-0.8,5.5E-02));
#2580 = DIRECTION('',(0.,0.,1.));
#2581 = DIRECTION('',(1.,0.,-0.));
#2582 = ADVANCED_FACE('',(#2583),#2646,.F.);
#2583 = FACE_BOUND('',#2584,.F.);
#2584 = EDGE_LOOP('',(#2585,#2595,#2602,#2603,#2604,#2605,#2614,#2622,
    #2631,#2639));
#2585 = ORIENTED_EDGE('',*,*,#2586,.F.);
#2586 = EDGE_CURVE('',#2587,#2589,#2591,.T.);
#2587 = VERTEX_POINT('',#2588);
#2588 = CARTESIAN_POINT('',(1.155,-0.8,0.));
#2589 = VERTEX_POINT('',#2590);
#2590 = CARTESIAN_POINT('',(1.545,-0.8,0.));
#2591 = LINE('',#2592,#2593);
#2592 = CARTESIAN_POINT('',(1.1,-0.8,0.));
#2593 = VECTOR('',#2594,1.);
#2594 = DIRECTION('',(1.,0.,0.));
#2595 = ORIENTED_EDGE('',*,*,#2596,.F.);
#2596 = EDGE_CURVE('',#2465,#2587,#2597,.T.);
#2597 = CIRCLE('',#2598,5.5E-02);
#2598 = AXIS2_PLACEMENT_3D('',#2599,#2600,#2601);
#2599 = CARTESIAN_POINT('',(1.155,-0.8,5.5E-02));
#2600 = DIRECTION('',(0.,-1.,0.));
#2601 = DIRECTION('',(0.,0.,1.));
#2602 = ORIENTED_EDGE('',*,*,#2464,.T.);
#2603 = ORIENTED_EDGE('',*,*,#2456,.T.);
#2604 = ORIENTED_EDGE('',*,*,#2448,.F.);
#2605 = ORIENTED_EDGE('',*,*,#2606,.T.);
#2606 = EDGE_CURVE('',#2441,#2607,#2609,.T.);
#2607 = VERTEX_POINT('',#2608);
#2608 = CARTESIAN_POINT('',(1.155,-0.8,0.55));
#2609 = CIRCLE('',#2610,5.5E-02);
#2610 = AXIS2_PLACEMENT_3D('',#2611,#2612,#2613);
#2611 = CARTESIAN_POINT('',(1.155,-0.8,0.495));
#2612 = DIRECTION('',(0.,1.,0.));
#2613 = DIRECTION('',(0.,-0.,1.));
#2614 = ORIENTED_EDGE('',*,*,#2615,.T.);
#2615 = EDGE_CURVE('',#2607,#2616,#2618,.T.);
#2616 = VERTEX_POINT('',#2617);
#2617 = CARTESIAN_POINT('',(1.545,-0.8,0.55));
#2618 = LINE('',#2619,#2620);
#2619 = CARTESIAN_POINT('',(1.1,-0.8,0.55));
#2620 = VECTOR('',#2621,1.);
#2621 = DIRECTION('',(1.,0.,0.));
#2622 = ORIENTED_EDGE('',*,*,#2623,.F.);
#2623 = EDGE_CURVE('',#2624,#2616,#2626,.T.);
#2624 = VERTEX_POINT('',#2625);
#2625 = CARTESIAN_POINT('',(1.6,-0.8,0.495));
#2626 = CIRCLE('',#2627,5.5E-02);
#2627 = AXIS2_PLACEMENT_3D('',#2628,#2629,#2630);
#2628 = CARTESIAN_POINT('',(1.545,-0.8,0.495));
#2629 = DIRECTION('',(0.,-1.,0.));
#2630 = DIRECTION('',(0.,0.,1.));
#2631 = ORIENTED_EDGE('',*,*,#2632,.F.);
#2632 = EDGE_CURVE('',#2633,#2624,#2635,.T.);
#2633 = VERTEX_POINT('',#2634);
#2634 = CARTESIAN_POINT('',(1.6,-0.8,5.5E-02));
#2635 = LINE('',#2636,#2637);
#2636 = CARTESIAN_POINT('',(1.6,-0.8,0.));
#2637 = VECTOR('',#2638,1.);
#2638 = DIRECTION('',(0.,0.,1.));
#2639 = ORIENTED_EDGE('',*,*,#2640,.T.);
#2640 = EDGE_CURVE('',#2633,#2589,#2641,.T.);
#2641 = CIRCLE('',#2642,5.5E-02);
#2642 = AXIS2_PLACEMENT_3D('',#2643,#2644,#2645);
#2643 = CARTESIAN_POINT('',(1.545,-0.8,5.5E-02));
#2644 = DIRECTION('',(0.,1.,0.));
#2645 = DIRECTION('',(0.,-0.,1.));
#2646 = PLANE('',#2647);
#2647 = AXIS2_PLACEMENT_3D('',#2648,#2649,#2650);
#2648 = CARTESIAN_POINT('',(1.1,-0.8,0.));
#2649 = DIRECTION('',(0.,1.,0.));
#2650 = DIRECTION('',(0.,-0.,1.));
#2651 = ADVANCED_FACE('',(#2652),#2677,.F.);
#2652 = FACE_BOUND('',#2653,.F.);
#2653 = EDGE_LOOP('',(#2654,#2655,#2663,#2671));
#2654 = ORIENTED_EDGE('',*,*,#2440,.F.);
#2655 = ORIENTED_EDGE('',*,*,#2656,.T.);
#2656 = EDGE_CURVE('',#2239,#2657,#2659,.T.);
#2657 = VERTEX_POINT('',#2658);
#2658 = CARTESIAN_POINT('',(-1.1,-0.8,0.55));
#2659 = LINE('',#2660,#2661);
#2660 = CARTESIAN_POINT('',(-1.1,-0.8,0.495));
#2661 = VECTOR('',#2662,1.);
#2662 = DIRECTION('',(0.,0.,1.));
#2663 = ORIENTED_EDGE('',*,*,#2664,.T.);
#2664 = EDGE_CURVE('',#2657,#2665,#2667,.T.);
#2665 = VERTEX_POINT('',#2666);
#2666 = CARTESIAN_POINT('',(1.1,-0.8,0.55));
#2667 = LINE('',#2668,#2669);
#2668 = CARTESIAN_POINT('',(-1.1,-0.8,0.55));
#2669 = VECTOR('',#2670,1.);
#2670 = DIRECTION('',(1.,0.,0.));
#2671 = ORIENTED_EDGE('',*,*,#2672,.F.);
#2672 = EDGE_CURVE('',#2441,#2665,#2673,.T.);
#2673 = LINE('',#2674,#2675);
#2674 = CARTESIAN_POINT('',(1.1,-0.8,0.495));
#2675 = VECTOR('',#2676,1.);
#2676 = DIRECTION('',(0.,0.,1.));
#2677 = PLANE('',#2678);
#2678 = AXIS2_PLACEMENT_3D('',#2679,#2680,#2681);
#2679 = CARTESIAN_POINT('',(-1.1,-0.8,0.495));
#2680 = DIRECTION('',(0.,1.,0.));
#2681 = DIRECTION('',(0.,-0.,1.));
#2682 = ADVANCED_FACE('',(#2683),#2701,.F.);
#2683 = FACE_BOUND('',#2684,.F.);
#2684 = EDGE_LOOP('',(#2685,#2686,#2687,#2695));
#2685 = ORIENTED_EDGE('',*,*,#2656,.F.);
#2686 = ORIENTED_EDGE('',*,*,#2486,.T.);
#2687 = ORIENTED_EDGE('',*,*,#2688,.T.);
#2688 = EDGE_CURVE('',#2356,#2689,#2691,.T.);
#2689 = VERTEX_POINT('',#2690);
#2690 = CARTESIAN_POINT('',(-1.1,0.8,0.55));
#2691 = LINE('',#2692,#2693);
#2692 = CARTESIAN_POINT('',(-1.1,0.8,0.495));
#2693 = VECTOR('',#2694,1.);
#2694 = DIRECTION('',(0.,0.,1.));
#2695 = ORIENTED_EDGE('',*,*,#2696,.F.);
#2696 = EDGE_CURVE('',#2657,#2689,#2697,.T.);
#2697 = LINE('',#2698,#2699);
#2698 = CARTESIAN_POINT('',(-1.1,-0.8,0.55));
#2699 = VECTOR('',#2700,1.);
#2700 = DIRECTION('',(0.,1.,0.));
#2701 = PLANE('',#2702);
#2702 = AXIS2_PLACEMENT_3D('',#2703,#2704,#2705);
#2703 = CARTESIAN_POINT('',(-1.1,-0.8,0.495));
#2704 = DIRECTION('',(1.,0.,0.));
#2705 = DIRECTION('',(0.,0.,1.));
#2706 = ADVANCED_FACE('',(#2707),#2770,.T.);
#2707 = FACE_BOUND('',#2708,.T.);
#2708 = EDGE_LOOP('',(#2709,#2719,#2726,#2727,#2728,#2729,#2738,#2746,
    #2755,#2763));
#2709 = ORIENTED_EDGE('',*,*,#2710,.F.);
#2710 = EDGE_CURVE('',#2711,#2713,#2715,.T.);
#2711 = VERTEX_POINT('',#2712);
#2712 = CARTESIAN_POINT('',(1.155,0.8,0.));
#2713 = VERTEX_POINT('',#2714);
#2714 = CARTESIAN_POINT('',(1.545,0.8,0.));
#2715 = LINE('',#2716,#2717);
#2716 = CARTESIAN_POINT('',(1.1,0.8,0.));
#2717 = VECTOR('',#2718,1.);
#2718 = DIRECTION('',(1.,0.,0.));
#2719 = ORIENTED_EDGE('',*,*,#2720,.F.);
#2720 = EDGE_CURVE('',#2548,#2711,#2721,.T.);
#2721 = CIRCLE('',#2722,5.5E-02);
#2722 = AXIS2_PLACEMENT_3D('',#2723,#2724,#2725);
#2723 = CARTESIAN_POINT('',(1.155,0.8,5.5E-02));
#2724 = DIRECTION('',(0.,-1.,0.));
#2725 = DIRECTION('',(0.,0.,1.));
#2726 = ORIENTED_EDGE('',*,*,#2547,.T.);
#2727 = ORIENTED_EDGE('',*,*,#2539,.T.);
#2728 = ORIENTED_EDGE('',*,*,#2531,.F.);
#2729 = ORIENTED_EDGE('',*,*,#2730,.T.);
#2730 = EDGE_CURVE('',#2524,#2731,#2733,.T.);
#2731 = VERTEX_POINT('',#2732);
#2732 = CARTESIAN_POINT('',(1.155,0.8,0.55));
#2733 = CIRCLE('',#2734,5.5E-02);
#2734 = AXIS2_PLACEMENT_3D('',#2735,#2736,#2737);
#2735 = CARTESIAN_POINT('',(1.155,0.8,0.495));
#2736 = DIRECTION('',(0.,1.,0.));
#2737 = DIRECTION('',(0.,-0.,1.));
#2738 = ORIENTED_EDGE('',*,*,#2739,.T.);
#2739 = EDGE_CURVE('',#2731,#2740,#2742,.T.);
#2740 = VERTEX_POINT('',#2741);
#2741 = CARTESIAN_POINT('',(1.545,0.8,0.55));
#2742 = LINE('',#2743,#2744);
#2743 = CARTESIAN_POINT('',(1.1,0.8,0.55));
#2744 = VECTOR('',#2745,1.);
#2745 = DIRECTION('',(1.,0.,0.));
#2746 = ORIENTED_EDGE('',*,*,#2747,.F.);
#2747 = EDGE_CURVE('',#2748,#2740,#2750,.T.);
#2748 = VERTEX_POINT('',#2749);
#2749 = CARTESIAN_POINT('',(1.6,0.8,0.495));
#2750 = CIRCLE('',#2751,5.5E-02);
#2751 = AXIS2_PLACEMENT_3D('',#2752,#2753,#2754);
#2752 = CARTESIAN_POINT('',(1.545,0.8,0.495));
#2753 = DIRECTION('',(0.,-1.,0.));
#2754 = DIRECTION('',(0.,0.,1.));
#2755 = ORIENTED_EDGE('',*,*,#2756,.F.);
#2756 = EDGE_CURVE('',#2757,#2748,#2759,.T.);
#2757 = VERTEX_POINT('',#2758);
#2758 = CARTESIAN_POINT('',(1.6,0.8,5.5E-02));
#2759 = LINE('',#2760,#2761);
#2760 = CARTESIAN_POINT('',(1.6,0.8,0.));
#2761 = VECTOR('',#2762,1.);
#2762 = DIRECTION('',(0.,0.,1.));
#2763 = ORIENTED_EDGE('',*,*,#2764,.T.);
#2764 = EDGE_CURVE('',#2757,#2713,#2765,.T.);
#2765 = CIRCLE('',#2766,5.5E-02);
#2766 = AXIS2_PLACEMENT_3D('',#2767,#2768,#2769);
#2767 = CARTESIAN_POINT('',(1.545,0.8,5.5E-02));
#2768 = DIRECTION('',(0.,1.,0.));
#2769 = DIRECTION('',(0.,-0.,1.));
#2770 = PLANE('',#2771);
#2771 = AXIS2_PLACEMENT_3D('',#2772,#2773,#2774);
#2772 = CARTESIAN_POINT('',(1.1,0.8,0.));
#2773 = DIRECTION('',(0.,1.,0.));
#2774 = DIRECTION('',(0.,-0.,1.));
#2775 = ADVANCED_FACE('',(#2776),#2794,.T.);
#2776 = FACE_BOUND('',#2777,.T.);
#2777 = EDGE_LOOP('',(#2778,#2779,#2780,#2788));
#2778 = ORIENTED_EDGE('',*,*,#2523,.F.);
#2779 = ORIENTED_EDGE('',*,*,#2688,.T.);
#2780 = ORIENTED_EDGE('',*,*,#2781,.T.);
#2781 = EDGE_CURVE('',#2689,#2782,#2784,.T.);
#2782 = VERTEX_POINT('',#2783);
#2783 = CARTESIAN_POINT('',(1.1,0.8,0.55));
#2784 = LINE('',#2785,#2786);
#2785 = CARTESIAN_POINT('',(-1.1,0.8,0.55));
#2786 = VECTOR('',#2787,1.);
#2787 = DIRECTION('',(1.,0.,0.));
#2788 = ORIENTED_EDGE('',*,*,#2789,.F.);
#2789 = EDGE_CURVE('',#2524,#2782,#2790,.T.);
#2790 = LINE('',#2791,#2792);
#2791 = CARTESIAN_POINT('',(1.1,0.8,0.495));
#2792 = VECTOR('',#2793,1.);
#2793 = DIRECTION('',(0.,0.,1.));
#2794 = PLANE('',#2795);
#2795 = AXIS2_PLACEMENT_3D('',#2796,#2797,#2798);
#2796 = CARTESIAN_POINT('',(-1.1,0.8,0.495));
#2797 = DIRECTION('',(0.,1.,0.));
#2798 = DIRECTION('',(0.,-0.,1.));
#2799 = ADVANCED_FACE('',(#2800),#2811,.T.);
#2800 = FACE_BOUND('',#2801,.T.);
#2801 = EDGE_LOOP('',(#2802,#2803,#2804,#2810));
#2802 = ORIENTED_EDGE('',*,*,#2571,.T.);
#2803 = ORIENTED_EDGE('',*,*,#2720,.T.);
#2804 = ORIENTED_EDGE('',*,*,#2805,.F.);
#2805 = EDGE_CURVE('',#2587,#2711,#2806,.T.);
#2806 = LINE('',#2807,#2808);
#2807 = CARTESIAN_POINT('',(1.155,-0.8,0.));
#2808 = VECTOR('',#2809,1.);
#2809 = DIRECTION('',(0.,1.,0.));
#2810 = ORIENTED_EDGE('',*,*,#2596,.F.);
#2811 = CYLINDRICAL_SURFACE('',#2812,5.5E-02);
#2812 = AXIS2_PLACEMENT_3D('',#2813,#2814,#2815);
#2813 = CARTESIAN_POINT('',(1.155,-0.8,5.5E-02));
#2814 = DIRECTION('',(0.,1.,0.));
#2815 = DIRECTION('',(-1.,0.,0.));
#2816 = ADVANCED_FACE('',(#2817),#2828,.F.);
#2817 = FACE_BOUND('',#2818,.F.);
#2818 = EDGE_LOOP('',(#2819,#2820,#2821,#2822));
#2819 = ORIENTED_EDGE('',*,*,#2710,.F.);
#2820 = ORIENTED_EDGE('',*,*,#2805,.F.);
#2821 = ORIENTED_EDGE('',*,*,#2586,.T.);
#2822 = ORIENTED_EDGE('',*,*,#2823,.T.);
#2823 = EDGE_CURVE('',#2589,#2713,#2824,.T.);
#2824 = LINE('',#2825,#2826);
#2825 = CARTESIAN_POINT('',(1.545,-0.8,0.));
#2826 = VECTOR('',#2827,1.);
#2827 = DIRECTION('',(0.,1.,0.));
#2828 = PLANE('',#2829);
#2829 = AXIS2_PLACEMENT_3D('',#2830,#2831,#2832);
#2830 = CARTESIAN_POINT('',(1.1,-0.8,0.));
#2831 = DIRECTION('',(0.,0.,1.));
#2832 = DIRECTION('',(1.,0.,-0.));
#2833 = ADVANCED_FACE('',(#2834),#2845,.T.);
#2834 = FACE_BOUND('',#2835,.T.);
#2835 = EDGE_LOOP('',(#2836,#2837,#2838,#2839));
#2836 = ORIENTED_EDGE('',*,*,#2640,.T.);
#2837 = ORIENTED_EDGE('',*,*,#2823,.T.);
#2838 = ORIENTED_EDGE('',*,*,#2764,.F.);
#2839 = ORIENTED_EDGE('',*,*,#2840,.F.);
#2840 = EDGE_CURVE('',#2633,#2757,#2841,.T.);
#2841 = LINE('',#2842,#2843);
#2842 = CARTESIAN_POINT('',(1.6,-0.8,5.5E-02));
#2843 = VECTOR('',#2844,1.);
#2844 = DIRECTION('',(0.,1.,0.));
#2845 = CYLINDRICAL_SURFACE('',#2846,5.5E-02);
#2846 = AXIS2_PLACEMENT_3D('',#2847,#2848,#2849);
#2847 = CARTESIAN_POINT('',(1.545,-0.8,5.5E-02));
#2848 = DIRECTION('',(0.,1.,0.));
#2849 = DIRECTION('',(1.,0.,0.));
#2850 = ADVANCED_FACE('',(#2851),#2862,.T.);
#2851 = FACE_BOUND('',#2852,.T.);
#2852 = EDGE_LOOP('',(#2853,#2854,#2855,#2856));
#2853 = ORIENTED_EDGE('',*,*,#2632,.F.);
#2854 = ORIENTED_EDGE('',*,*,#2840,.T.);
#2855 = ORIENTED_EDGE('',*,*,#2756,.T.);
#2856 = ORIENTED_EDGE('',*,*,#2857,.F.);
#2857 = EDGE_CURVE('',#2624,#2748,#2858,.T.);
#2858 = LINE('',#2859,#2860);
#2859 = CARTESIAN_POINT('',(1.6,-0.8,0.495));
#2860 = VECTOR('',#2861,1.);
#2861 = DIRECTION('',(0.,1.,0.));
#2862 = PLANE('',#2863);
#2863 = AXIS2_PLACEMENT_3D('',#2864,#2865,#2866);
#2864 = CARTESIAN_POINT('',(1.6,-0.8,0.));
#2865 = DIRECTION('',(1.,0.,0.));
#2866 = DIRECTION('',(0.,0.,1.));
#2867 = ADVANCED_FACE('',(#2868),#2879,.T.);
#2868 = FACE_BOUND('',#2869,.T.);
#2869 = EDGE_LOOP('',(#2870,#2871,#2872,#2878));
#2870 = ORIENTED_EDGE('',*,*,#2857,.T.);
#2871 = ORIENTED_EDGE('',*,*,#2747,.T.);
#2872 = ORIENTED_EDGE('',*,*,#2873,.F.);
#2873 = EDGE_CURVE('',#2616,#2740,#2874,.T.);
#2874 = LINE('',#2875,#2876);
#2875 = CARTESIAN_POINT('',(1.545,-0.8,0.55));
#2876 = VECTOR('',#2877,1.);
#2877 = DIRECTION('',(0.,1.,0.));
#2878 = ORIENTED_EDGE('',*,*,#2623,.F.);
#2879 = CYLINDRICAL_SURFACE('',#2880,5.5E-02);
#2880 = AXIS2_PLACEMENT_3D('',#2881,#2882,#2883);
#2881 = CARTESIAN_POINT('',(1.545,-0.8,0.495));
#2882 = DIRECTION('',(0.,1.,0.));
#2883 = DIRECTION('',(1.,0.,0.));
#2884 = ADVANCED_FACE('',(#2885),#2896,.T.);
#2885 = FACE_BOUND('',#2886,.T.);
#2886 = EDGE_LOOP('',(#2887,#2888,#2894,#2895));
#2887 = ORIENTED_EDGE('',*,*,#2739,.F.);
#2888 = ORIENTED_EDGE('',*,*,#2889,.F.);
#2889 = EDGE_CURVE('',#2607,#2731,#2890,.T.);
#2890 = LINE('',#2891,#2892);
#2891 = CARTESIAN_POINT('',(1.155,-0.8,0.55));
#2892 = VECTOR('',#2893,1.);
#2893 = DIRECTION('',(0.,1.,0.));
#2894 = ORIENTED_EDGE('',*,*,#2615,.T.);
#2895 = ORIENTED_EDGE('',*,*,#2873,.T.);
#2896 = PLANE('',#2897);
#2897 = AXIS2_PLACEMENT_3D('',#2898,#2899,#2900);
#2898 = CARTESIAN_POINT('',(1.1,-0.8,0.55));
#2899 = DIRECTION('',(0.,0.,1.));
#2900 = DIRECTION('',(1.,0.,-0.));
#2901 = ADVANCED_FACE('',(#2902),#2913,.T.);
#2902 = FACE_BOUND('',#2903,.T.);
#2903 = EDGE_LOOP('',(#2904,#2905,#2906,#2907));
#2904 = ORIENTED_EDGE('',*,*,#2606,.T.);
#2905 = ORIENTED_EDGE('',*,*,#2889,.T.);
#2906 = ORIENTED_EDGE('',*,*,#2730,.F.);
#2907 = ORIENTED_EDGE('',*,*,#2908,.F.);
#2908 = EDGE_CURVE('',#2441,#2524,#2909,.T.);
#2909 = LINE('',#2910,#2911);
#2910 = CARTESIAN_POINT('',(1.1,-0.8,0.495));
#2911 = VECTOR('',#2912,1.);
#2912 = DIRECTION('',(0.,1.,0.));
#2913 = CYLINDRICAL_SURFACE('',#2914,5.5E-02);
#2914 = AXIS2_PLACEMENT_3D('',#2915,#2916,#2917);
#2915 = CARTESIAN_POINT('',(1.155,-0.8,0.495));
#2916 = DIRECTION('',(0.,1.,0.));
#2917 = DIRECTION('',(-1.,0.,0.));
#2918 = ADVANCED_FACE('',(#2919),#2930,.T.);
#2919 = FACE_BOUND('',#2920,.T.);
#2920 = EDGE_LOOP('',(#2921,#2922,#2923,#2924));
#2921 = ORIENTED_EDGE('',*,*,#2672,.F.);
#2922 = ORIENTED_EDGE('',*,*,#2908,.T.);
#2923 = ORIENTED_EDGE('',*,*,#2789,.T.);
#2924 = ORIENTED_EDGE('',*,*,#2925,.F.);
#2925 = EDGE_CURVE('',#2665,#2782,#2926,.T.);
#2926 = LINE('',#2927,#2928);
#2927 = CARTESIAN_POINT('',(1.1,-0.8,0.55));
#2928 = VECTOR('',#2929,1.);
#2929 = DIRECTION('',(0.,1.,0.));
#2930 = PLANE('',#2931);
#2931 = AXIS2_PLACEMENT_3D('',#2932,#2933,#2934);
#2932 = CARTESIAN_POINT('',(1.1,-0.8,0.495));
#2933 = DIRECTION('',(1.,0.,0.));
#2934 = DIRECTION('',(0.,0.,1.));
#2935 = ADVANCED_FACE('',(#2936),#2942,.T.);
#2936 = FACE_BOUND('',#2937,.T.);
#2937 = EDGE_LOOP('',(#2938,#2939,#2940,#2941));
#2938 = ORIENTED_EDGE('',*,*,#2696,.F.);
#2939 = ORIENTED_EDGE('',*,*,#2664,.T.);
#2940 = ORIENTED_EDGE('',*,*,#2925,.T.);
#2941 = ORIENTED_EDGE('',*,*,#2781,.F.);
#2942 = PLANE('',#2943);
#2943 = AXIS2_PLACEMENT_3D('',#2944,#2945,#2946);
#2944 = CARTESIAN_POINT('',(-1.1,-0.8,0.55));
#2945 = DIRECTION('',(0.,0.,1.));
#2946 = DIRECTION('',(1.,0.,-0.));
#2947 = ( GEOMETRIC_REPRESENTATION_CONTEXT(3) 
GLOBAL_UNCERTAINTY_ASSIGNED_CONTEXT((#2951)) 
GLOBAL_UNIT_ASSIGNED_CONTEXT((#2948,#2949,#2950)) REPRESENTATION_CONTEXT
('Context #1','3D Context with UNIT and UNCERTAINTY') );
#2948 = ( LENGTH_UNIT() NAMED_UNIT(*) SI_UNIT(.MILLI.,.METRE.) );
#2949 = ( NAMED_UNIT(*) PLANE_ANGLE_UNIT() SI_UNIT($,.RADIAN.) );
#2950 = ( NAMED_UNIT(*) SI_UNIT($,.STERADIAN.) SOLID_ANGLE_UNIT() );
#2951 = UNCERTAINTY_MEASURE_WITH_UNIT(LENGTH_MEASURE(1.E-07),#2948,
  'distance_accuracy_value','confusion accuracy');
#2952 = CONTEXT_DEPENDENT_SHAPE_REPRESENTATION(#2953,#2955);
#2953 = ( REPRESENTATION_RELATIONSHIP('','',#2156,#10) 
REPRESENTATION_RELATIONSHIP_WITH_TRANSFORMATION(#2954) 
SHAPE_REPRESENTATION_RELATIONSHIP() );
#2954 = ITEM_DEFINED_TRANSFORMATION('','',#11,#23);
#2955 = PRODUCT_DEFINITION_SHAPE('Placement','Placement of an item',
  #2956);
#2956 = NEXT_ASSEMBLY_USAGE_OCCURRENCE('3','F1','',#5,#2151,$);
#2957 = PRODUCT_RELATED_PRODUCT_CATEGORY('part',$,(#2153));
#2958 = SHAPE_DEFINITION_REPRESENTATION(#2959,#2965);
#2959 = PRODUCT_DEFINITION_SHAPE('','',#2960);
#2960 = PRODUCT_DEFINITION('design','',#2961,#2964);
#2961 = PRODUCT_DEFINITION_FORMATION('','',#2962);
#2962 = PRODUCT('R_2512_6332Metric','R_2512_6332Metric','',(#2963));
#2963 = PRODUCT_CONTEXT('',#2,'mechanical');
#2964 = PRODUCT_DEFINITION_CONTEXT('part definition',#2,'design');
#2965 = ADVANCED_BREP_SHAPE_REPRESENTATION('',(#11,#2966),#3756);
#2966 = MANIFOLD_SOLID_BREP('',#2967);
#2967 = CLOSED_SHELL('',(#2968,#3008,#3091,#3116,#3141,#3208,#3225,#3242
    ,#3291,#3308,#3325,#3374,#3391,#3460,#3491,#3515,#3584,#3608,#3625,
    #3642,#3659,#3676,#3693,#3710,#3727,#3744));
#2968 = ADVANCED_FACE('',(#2969),#3003,.F.);
#2969 = FACE_BOUND('',#2970,.F.);
#2970 = EDGE_LOOP('',(#2971,#2981,#2989,#2997));
#2971 = ORIENTED_EDGE('',*,*,#2972,.F.);
#2972 = EDGE_CURVE('',#2973,#2975,#2977,.T.);
#2973 = VERTEX_POINT('',#2974);
#2974 = CARTESIAN_POINT('',(-3.15,-1.6,6.E-02));
#2975 = VERTEX_POINT('',#2976);
#2976 = CARTESIAN_POINT('',(-3.15,-1.6,0.54));
#2977 = LINE('',#2978,#2979);
#2978 = CARTESIAN_POINT('',(-3.15,-1.6,0.));
#2979 = VECTOR('',#2980,1.);
#2980 = DIRECTION('',(0.,0.,1.));
#2981 = ORIENTED_EDGE('',*,*,#2982,.T.);
#2982 = EDGE_CURVE('',#2973,#2983,#2985,.T.);
#2983 = VERTEX_POINT('',#2984);
#2984 = CARTESIAN_POINT('',(-3.15,1.6,6.E-02));
#2985 = LINE('',#2986,#2987);
#2986 = CARTESIAN_POINT('',(-3.15,-1.6,6.E-02));
#2987 = VECTOR('',#2988,1.);
#2988 = DIRECTION('',(0.,1.,0.));
#2989 = ORIENTED_EDGE('',*,*,#2990,.T.);
#2990 = EDGE_CURVE('',#2983,#2991,#2993,.T.);
#2991 = VERTEX_POINT('',#2992);
#2992 = CARTESIAN_POINT('',(-3.15,1.6,0.54));
#2993 = LINE('',#2994,#2995);
#2994 = CARTESIAN_POINT('',(-3.15,1.6,0.));
#2995 = VECTOR('',#2996,1.);
#2996 = DIRECTION('',(0.,0.,1.));
#2997 = ORIENTED_EDGE('',*,*,#2998,.F.);
#2998 = EDGE_CURVE('',#2975,#2991,#2999,.T.);
#2999 = LINE('',#3000,#3001);
#3000 = CARTESIAN_POINT('',(-3.15,-1.6,0.54));
#3001 = VECTOR('',#3002,1.);
#3002 = DIRECTION('',(0.,1.,0.));
#3003 = PLANE('',#3004);
#3004 = AXIS2_PLACEMENT_3D('',#3005,#3006,#3007);
#3005 = CARTESIAN_POINT('',(-3.15,-1.6,0.));
#3006 = DIRECTION('',(1.,0.,0.));
#3007 = DIRECTION('',(0.,0.,1.));
#3008 = ADVANCED_FACE('',(#3009),#3086,.F.);
#3009 = FACE_BOUND('',#3010,.F.);
#3010 = EDGE_LOOP('',(#3011,#3021,#3028,#3029,#3038,#3046,#3055,#3063,
    #3071,#3079));
#3011 = ORIENTED_EDGE('',*,*,#3012,.F.);
#3012 = EDGE_CURVE('',#3013,#3015,#3017,.T.);
#3013 = VERTEX_POINT('',#3014);
#3014 = CARTESIAN_POINT('',(-3.09,-1.6,0.));
#3015 = VERTEX_POINT('',#3016);
#3016 = CARTESIAN_POINT('',(-2.61,-1.6,0.));
#3017 = LINE('',#3018,#3019);
#3018 = CARTESIAN_POINT('',(-3.15,-1.6,0.));
#3019 = VECTOR('',#3020,1.);
#3020 = DIRECTION('',(1.,0.,0.));
#3021 = ORIENTED_EDGE('',*,*,#3022,.F.);
#3022 = EDGE_CURVE('',#2973,#3013,#3023,.T.);
#3023 = CIRCLE('',#3024,6.E-02);
#3024 = AXIS2_PLACEMENT_3D('',#3025,#3026,#3027);
#3025 = CARTESIAN_POINT('',(-3.09,-1.6,6.E-02));
#3026 = DIRECTION('',(0.,-1.,0.));
#3027 = DIRECTION('',(0.,0.,1.));
#3028 = ORIENTED_EDGE('',*,*,#2972,.T.);
#3029 = ORIENTED_EDGE('',*,*,#3030,.T.);
#3030 = EDGE_CURVE('',#2975,#3031,#3033,.T.);
#3031 = VERTEX_POINT('',#3032);
#3032 = CARTESIAN_POINT('',(-3.09,-1.6,0.6));
#3033 = CIRCLE('',#3034,6.E-02);
#3034 = AXIS2_PLACEMENT_3D('',#3035,#3036,#3037);
#3035 = CARTESIAN_POINT('',(-3.09,-1.6,0.54));
#3036 = DIRECTION('',(0.,1.,0.));
#3037 = DIRECTION('',(0.,-0.,1.));
#3038 = ORIENTED_EDGE('',*,*,#3039,.T.);
#3039 = EDGE_CURVE('',#3031,#3040,#3042,.T.);
#3040 = VERTEX_POINT('',#3041);
#3041 = CARTESIAN_POINT('',(-2.61,-1.6,0.6));
#3042 = LINE('',#3043,#3044);
#3043 = CARTESIAN_POINT('',(-3.15,-1.6,0.6));
#3044 = VECTOR('',#3045,1.);
#3045 = DIRECTION('',(1.,0.,0.));
#3046 = ORIENTED_EDGE('',*,*,#3047,.F.);
#3047 = EDGE_CURVE('',#3048,#3040,#3050,.T.);
#3048 = VERTEX_POINT('',#3049);
#3049 = CARTESIAN_POINT('',(-2.55,-1.6,0.54));
#3050 = CIRCLE('',#3051,6.E-02);
#3051 = AXIS2_PLACEMENT_3D('',#3052,#3053,#3054);
#3052 = CARTESIAN_POINT('',(-2.61,-1.6,0.54));
#3053 = DIRECTION('',(0.,-1.,0.));
#3054 = DIRECTION('',(0.,0.,1.));
#3055 = ORIENTED_EDGE('',*,*,#3056,.F.);
#3056 = EDGE_CURVE('',#3057,#3048,#3059,.T.);
#3057 = VERTEX_POINT('',#3058);
#3058 = CARTESIAN_POINT('',(-3.09,-1.6,0.54));
#3059 = LINE('',#3060,#3061);
#3060 = CARTESIAN_POINT('',(-3.09,-1.6,0.54));
#3061 = VECTOR('',#3062,1.);
#3062 = DIRECTION('',(1.,0.,0.));
#3063 = ORIENTED_EDGE('',*,*,#3064,.F.);
#3064 = EDGE_CURVE('',#3065,#3057,#3067,.T.);
#3065 = VERTEX_POINT('',#3066);
#3066 = CARTESIAN_POINT('',(-3.09,-1.6,6.E-02));
#3067 = LINE('',#3068,#3069);
#3068 = CARTESIAN_POINT('',(-3.09,-1.6,6.E-02));
#3069 = VECTOR('',#3070,1.);
#3070 = DIRECTION('',(0.,0.,1.));
#3071 = ORIENTED_EDGE('',*,*,#3072,.T.);
#3072 = EDGE_CURVE('',#3065,#3073,#3075,.T.);
#3073 = VERTEX_POINT('',#3074);
#3074 = CARTESIAN_POINT('',(-2.55,-1.6,6.E-02));
#3075 = LINE('',#3076,#3077);
#3076 = CARTESIAN_POINT('',(-3.09,-1.6,6.E-02));
#3077 = VECTOR('',#3078,1.);
#3078 = DIRECTION('',(1.,0.,0.));
#3079 = ORIENTED_EDGE('',*,*,#3080,.T.);
#3080 = EDGE_CURVE('',#3073,#3015,#3081,.T.);
#3081 = CIRCLE('',#3082,6.E-02);
#3082 = AXIS2_PLACEMENT_3D('',#3083,#3084,#3085);
#3083 = CARTESIAN_POINT('',(-2.61,-1.6,6.E-02));
#3084 = DIRECTION('',(0.,1.,0.));
#3085 = DIRECTION('',(0.,-0.,1.));
#3086 = PLANE('',#3087);
#3087 = AXIS2_PLACEMENT_3D('',#3088,#3089,#3090);
#3088 = CARTESIAN_POINT('',(-3.15,-1.6,0.));
#3089 = DIRECTION('',(0.,1.,0.));
#3090 = DIRECTION('',(0.,-0.,1.));
#3091 = ADVANCED_FACE('',(#3092),#3111,.T.);
#3092 = FACE_BOUND('',#3093,.T.);
#3093 = EDGE_LOOP('',(#3094,#3095,#3104,#3110));
#3094 = ORIENTED_EDGE('',*,*,#2982,.T.);
#3095 = ORIENTED_EDGE('',*,*,#3096,.T.);
#3096 = EDGE_CURVE('',#2983,#3097,#3099,.T.);
#3097 = VERTEX_POINT('',#3098);
#3098 = CARTESIAN_POINT('',(-3.09,1.6,0.));
#3099 = CIRCLE('',#3100,6.E-02);
#3100 = AXIS2_PLACEMENT_3D('',#3101,#3102,#3103);
#3101 = CARTESIAN_POINT('',(-3.09,1.6,6.E-02));
#3102 = DIRECTION('',(0.,-1.,0.));
#3103 = DIRECTION('',(0.,0.,1.));
#3104 = ORIENTED_EDGE('',*,*,#3105,.F.);
#3105 = EDGE_CURVE('',#3013,#3097,#3106,.T.);
#3106 = LINE('',#3107,#3108);
#3107 = CARTESIAN_POINT('',(-3.09,-1.6,0.));
#3108 = VECTOR('',#3109,1.);
#3109 = DIRECTION('',(0.,1.,0.));
#3110 = ORIENTED_EDGE('',*,*,#3022,.F.);
#3111 = CYLINDRICAL_SURFACE('',#3112,6.E-02);
#3112 = AXIS2_PLACEMENT_3D('',#3113,#3114,#3115);
#3113 = CARTESIAN_POINT('',(-3.09,-1.6,6.E-02));
#3114 = DIRECTION('',(0.,1.,0.));
#3115 = DIRECTION('',(-1.,0.,0.));
#3116 = ADVANCED_FACE('',(#3117),#3136,.T.);
#3117 = FACE_BOUND('',#3118,.T.);
#3118 = EDGE_LOOP('',(#3119,#3120,#3128,#3135));
#3119 = ORIENTED_EDGE('',*,*,#3030,.T.);
#3120 = ORIENTED_EDGE('',*,*,#3121,.T.);
#3121 = EDGE_CURVE('',#3031,#3122,#3124,.T.);
#3122 = VERTEX_POINT('',#3123);
#3123 = CARTESIAN_POINT('',(-3.09,1.6,0.6));
#3124 = LINE('',#3125,#3126);
#3125 = CARTESIAN_POINT('',(-3.09,-1.6,0.6));
#3126 = VECTOR('',#3127,1.);
#3127 = DIRECTION('',(0.,1.,0.));
#3128 = ORIENTED_EDGE('',*,*,#3129,.F.);
#3129 = EDGE_CURVE('',#2991,#3122,#3130,.T.);
#3130 = CIRCLE('',#3131,6.E-02);
#3131 = AXIS2_PLACEMENT_3D('',#3132,#3133,#3134);
#3132 = CARTESIAN_POINT('',(-3.09,1.6,0.54));
#3133 = DIRECTION('',(0.,1.,0.));
#3134 = DIRECTION('',(0.,-0.,1.));
#3135 = ORIENTED_EDGE('',*,*,#2998,.F.);
#3136 = CYLINDRICAL_SURFACE('',#3137,6.E-02);
#3137 = AXIS2_PLACEMENT_3D('',#3138,#3139,#3140);
#3138 = CARTESIAN_POINT('',(-3.09,-1.6,0.54));
#3139 = DIRECTION('',(0.,1.,0.));
#3140 = DIRECTION('',(-1.,0.,0.));
#3141 = ADVANCED_FACE('',(#3142),#3203,.T.);
#3142 = FACE_BOUND('',#3143,.T.);
#3143 = EDGE_LOOP('',(#3144,#3152,#3153,#3154,#3155,#3163,#3172,#3180,
    #3188,#3196));
#3144 = ORIENTED_EDGE('',*,*,#3145,.F.);
#3145 = EDGE_CURVE('',#3097,#3146,#3148,.T.);
#3146 = VERTEX_POINT('',#3147);
#3147 = CARTESIAN_POINT('',(-2.61,1.6,0.));
#3148 = LINE('',#3149,#3150);
#3149 = CARTESIAN_POINT('',(-3.15,1.6,0.));
#3150 = VECTOR('',#3151,1.);
#3151 = DIRECTION('',(1.,0.,0.));
#3152 = ORIENTED_EDGE('',*,*,#3096,.F.);
#3153 = ORIENTED_EDGE('',*,*,#2990,.T.);
#3154 = ORIENTED_EDGE('',*,*,#3129,.T.);
#3155 = ORIENTED_EDGE('',*,*,#3156,.T.);
#3156 = EDGE_CURVE('',#3122,#3157,#3159,.T.);
#3157 = VERTEX_POINT('',#3158);
#3158 = CARTESIAN_POINT('',(-2.61,1.6,0.6));
#3159 = LINE('',#3160,#3161);
#3160 = CARTESIAN_POINT('',(-3.15,1.6,0.6));
#3161 = VECTOR('',#3162,1.);
#3162 = DIRECTION('',(1.,0.,0.));
#3163 = ORIENTED_EDGE('',*,*,#3164,.F.);
#3164 = EDGE_CURVE('',#3165,#3157,#3167,.T.);
#3165 = VERTEX_POINT('',#3166);
#3166 = CARTESIAN_POINT('',(-2.55,1.6,0.54));
#3167 = CIRCLE('',#3168,6.E-02);
#3168 = AXIS2_PLACEMENT_3D('',#3169,#3170,#3171);
#3169 = CARTESIAN_POINT('',(-2.61,1.6,0.54));
#3170 = DIRECTION('',(0.,-1.,0.));
#3171 = DIRECTION('',(0.,0.,1.));
#3172 = ORIENTED_EDGE('',*,*,#3173,.F.);
#3173 = EDGE_CURVE('',#3174,#3165,#3176,.T.);
#3174 = VERTEX_POINT('',#3175);
#3175 = CARTESIAN_POINT('',(-3.09,1.6,0.54));
#3176 = LINE('',#3177,#3178);
#3177 = CARTESIAN_POINT('',(-3.09,1.6,0.54));
#3178 = VECTOR('',#3179,1.);
#3179 = DIRECTION('',(1.,0.,0.));
#3180 = ORIENTED_EDGE('',*,*,#3181,.F.);
#3181 = EDGE_CURVE('',#3182,#3174,#3184,.T.);
#3182 = VERTEX_POINT('',#3183);
#3183 = CARTESIAN_POINT('',(-3.09,1.6,6.E-02));
#3184 = LINE('',#3185,#3186);
#3185 = CARTESIAN_POINT('',(-3.09,1.6,6.E-02));
#3186 = VECTOR('',#3187,1.);
#3187 = DIRECTION('',(0.,0.,1.));
#3188 = ORIENTED_EDGE('',*,*,#3189,.T.);
#3189 = EDGE_CURVE('',#3182,#3190,#3192,.T.);
#3190 = VERTEX_POINT('',#3191);
#3191 = CARTESIAN_POINT('',(-2.55,1.6,6.E-02));
#3192 = LINE('',#3193,#3194);
#3193 = CARTESIAN_POINT('',(-3.09,1.6,6.E-02));
#3194 = VECTOR('',#3195,1.);
#3195 = DIRECTION('',(1.,0.,0.));
#3196 = ORIENTED_EDGE('',*,*,#3197,.T.);
#3197 = EDGE_CURVE('',#3190,#3146,#3198,.T.);
#3198 = CIRCLE('',#3199,6.E-02);
#3199 = AXIS2_PLACEMENT_3D('',#3200,#3201,#3202);
#3200 = CARTESIAN_POINT('',(-2.61,1.6,6.E-02));
#3201 = DIRECTION('',(0.,1.,0.));
#3202 = DIRECTION('',(0.,-0.,1.));
#3203 = PLANE('',#3204);
#3204 = AXIS2_PLACEMENT_3D('',#3205,#3206,#3207);
#3205 = CARTESIAN_POINT('',(-3.15,1.6,0.));
#3206 = DIRECTION('',(0.,1.,0.));
#3207 = DIRECTION('',(0.,-0.,1.));
#3208 = ADVANCED_FACE('',(#3209),#3220,.F.);
#3209 = FACE_BOUND('',#3210,.F.);
#3210 = EDGE_LOOP('',(#3211,#3212,#3213,#3214));
#3211 = ORIENTED_EDGE('',*,*,#3145,.F.);
#3212 = ORIENTED_EDGE('',*,*,#3105,.F.);
#3213 = ORIENTED_EDGE('',*,*,#3012,.T.);
#3214 = ORIENTED_EDGE('',*,*,#3215,.T.);
#3215 = EDGE_CURVE('',#3015,#3146,#3216,.T.);
#3216 = LINE('',#3217,#3218);
#3217 = CARTESIAN_POINT('',(-2.61,-1.6,0.));
#3218 = VECTOR('',#3219,1.);
#3219 = DIRECTION('',(0.,1.,0.));
#3220 = PLANE('',#3221);
#3221 = AXIS2_PLACEMENT_3D('',#3222,#3223,#3224);
#3222 = CARTESIAN_POINT('',(-3.15,-1.6,0.));
#3223 = DIRECTION('',(0.,0.,1.));
#3224 = DIRECTION('',(1.,0.,-0.));
#3225 = ADVANCED_FACE('',(#3226),#3237,.T.);
#3226 = FACE_BOUND('',#3227,.T.);
#3227 = EDGE_LOOP('',(#3228,#3229,#3230,#3231));
#3228 = ORIENTED_EDGE('',*,*,#3080,.T.);
#3229 = ORIENTED_EDGE('',*,*,#3215,.T.);
#3230 = ORIENTED_EDGE('',*,*,#3197,.F.);
#3231 = ORIENTED_EDGE('',*,*,#3232,.F.);
#3232 = EDGE_CURVE('',#3073,#3190,#3233,.T.);
#3233 = LINE('',#3234,#3235);
#3234 = CARTESIAN_POINT('',(-2.55,-1.6,6.E-02));
#3235 = VECTOR('',#3236,1.);
#3236 = DIRECTION('',(0.,1.,0.));
#3237 = CYLINDRICAL_SURFACE('',#3238,6.E-02);
#3238 = AXIS2_PLACEMENT_3D('',#3239,#3240,#3241);
#3239 = CARTESIAN_POINT('',(-2.61,-1.6,6.E-02));
#3240 = DIRECTION('',(0.,1.,0.));
#3241 = DIRECTION('',(1.,0.,0.));
#3242 = ADVANCED_FACE('',(#3243),#3286,.F.);
#3243 = FACE_BOUND('',#3244,.F.);
#3244 = EDGE_LOOP('',(#3245,#3246,#3247,#3248,#3256,#3264,#3272,#3280));
#3245 = ORIENTED_EDGE('',*,*,#3072,.F.);
#3246 = ORIENTED_EDGE('',*,*,#3064,.T.);
#3247 = ORIENTED_EDGE('',*,*,#3056,.T.);
#3248 = ORIENTED_EDGE('',*,*,#3249,.T.);
#3249 = EDGE_CURVE('',#3048,#3250,#3252,.T.);
#3250 = VERTEX_POINT('',#3251);
#3251 = CARTESIAN_POINT('',(2.55,-1.6,0.54));
#3252 = LINE('',#3253,#3254);
#3253 = CARTESIAN_POINT('',(-2.55,-1.6,0.54));
#3254 = VECTOR('',#3255,1.);
#3255 = DIRECTION('',(1.,0.,0.));
#3256 = ORIENTED_EDGE('',*,*,#3257,.T.);
#3257 = EDGE_CURVE('',#3250,#3258,#3260,.T.);
#3258 = VERTEX_POINT('',#3259);
#3259 = CARTESIAN_POINT('',(3.09,-1.6,0.54));
#3260 = LINE('',#3261,#3262);
#3261 = CARTESIAN_POINT('',(-3.09,-1.6,0.54));
#3262 = VECTOR('',#3263,1.);
#3263 = DIRECTION('',(1.,0.,0.));
#3264 = ORIENTED_EDGE('',*,*,#3265,.F.);
#3265 = EDGE_CURVE('',#3266,#3258,#3268,.T.);
#3266 = VERTEX_POINT('',#3267);
#3267 = CARTESIAN_POINT('',(3.09,-1.6,6.E-02));
#3268 = LINE('',#3269,#3270);
#3269 = CARTESIAN_POINT('',(3.09,-1.6,6.E-02));
#3270 = VECTOR('',#3271,1.);
#3271 = DIRECTION('',(0.,0.,1.));
#3272 = ORIENTED_EDGE('',*,*,#3273,.F.);
#3273 = EDGE_CURVE('',#3274,#3266,#3276,.T.);
#3274 = VERTEX_POINT('',#3275);
#3275 = CARTESIAN_POINT('',(2.55,-1.6,6.E-02));
#3276 = LINE('',#3277,#3278);
#3277 = CARTESIAN_POINT('',(-3.09,-1.6,6.E-02));
#3278 = VECTOR('',#3279,1.);
#3279 = DIRECTION('',(1.,0.,0.));
#3280 = ORIENTED_EDGE('',*,*,#3281,.F.);
#3281 = EDGE_CURVE('',#3073,#3274,#3282,.T.);
#3282 = LINE('',#3283,#3284);
#3283 = CARTESIAN_POINT('',(-3.09,-1.6,6.E-02));
#3284 = VECTOR('',#3285,1.);
#3285 = DIRECTION('',(1.,0.,0.));
#3286 = PLANE('',#3287);
#3287 = AXIS2_PLACEMENT_3D('',#3288,#3289,#3290);
#3288 = CARTESIAN_POINT('',(-3.09,-1.6,6.E-02));
#3289 = DIRECTION('',(0.,1.,0.));
#3290 = DIRECTION('',(0.,-0.,1.));
#3291 = ADVANCED_FACE('',(#3292),#3303,.T.);
#3292 = FACE_BOUND('',#3293,.T.);
#3293 = EDGE_LOOP('',(#3294,#3295,#3296,#3297));
#3294 = ORIENTED_EDGE('',*,*,#3156,.F.);
#3295 = ORIENTED_EDGE('',*,*,#3121,.F.);
#3296 = ORIENTED_EDGE('',*,*,#3039,.T.);
#3297 = ORIENTED_EDGE('',*,*,#3298,.T.);
#3298 = EDGE_CURVE('',#3040,#3157,#3299,.T.);
#3299 = LINE('',#3300,#3301);
#3300 = CARTESIAN_POINT('',(-2.61,-1.6,0.6));
#3301 = VECTOR('',#3302,1.);
#3302 = DIRECTION('',(0.,1.,0.));
#3303 = PLANE('',#3304);
#3304 = AXIS2_PLACEMENT_3D('',#3305,#3306,#3307);
#3305 = CARTESIAN_POINT('',(-3.15,-1.6,0.6));
#3306 = DIRECTION('',(0.,0.,1.));
#3307 = DIRECTION('',(1.,0.,-0.));
#3308 = ADVANCED_FACE('',(#3309),#3320,.T.);
#3309 = FACE_BOUND('',#3310,.T.);
#3310 = EDGE_LOOP('',(#3311,#3317,#3318,#3319));
#3311 = ORIENTED_EDGE('',*,*,#3312,.T.);
#3312 = EDGE_CURVE('',#3048,#3165,#3313,.T.);
#3313 = LINE('',#3314,#3315);
#3314 = CARTESIAN_POINT('',(-2.55,-1.6,0.54));
#3315 = VECTOR('',#3316,1.);
#3316 = DIRECTION('',(0.,1.,0.));
#3317 = ORIENTED_EDGE('',*,*,#3164,.T.);
#3318 = ORIENTED_EDGE('',*,*,#3298,.F.);
#3319 = ORIENTED_EDGE('',*,*,#3047,.F.);
#3320 = CYLINDRICAL_SURFACE('',#3321,6.E-02);
#3321 = AXIS2_PLACEMENT_3D('',#3322,#3323,#3324);
#3322 = CARTESIAN_POINT('',(-2.61,-1.6,0.54));
#3323 = DIRECTION('',(0.,1.,0.));
#3324 = DIRECTION('',(1.,0.,0.));
#3325 = ADVANCED_FACE('',(#3326),#3369,.T.);
#3326 = FACE_BOUND('',#3327,.T.);
#3327 = EDGE_LOOP('',(#3328,#3329,#3330,#3331,#3339,#3347,#3355,#3363));
#3328 = ORIENTED_EDGE('',*,*,#3189,.F.);
#3329 = ORIENTED_EDGE('',*,*,#3181,.T.);
#3330 = ORIENTED_EDGE('',*,*,#3173,.T.);
#3331 = ORIENTED_EDGE('',*,*,#3332,.T.);
#3332 = EDGE_CURVE('',#3165,#3333,#3335,.T.);
#3333 = VERTEX_POINT('',#3334);
#3334 = CARTESIAN_POINT('',(2.55,1.6,0.54));
#3335 = LINE('',#3336,#3337);
#3336 = CARTESIAN_POINT('',(-2.55,1.6,0.54));
#3337 = VECTOR('',#3338,1.);
#3338 = DIRECTION('',(1.,0.,0.));
#3339 = ORIENTED_EDGE('',*,*,#3340,.T.);
#3340 = EDGE_CURVE('',#3333,#3341,#3343,.T.);
#3341 = VERTEX_POINT('',#3342);
#3342 = CARTESIAN_POINT('',(3.09,1.6,0.54));
#3343 = LINE('',#3344,#3345);
#3344 = CARTESIAN_POINT('',(-3.09,1.6,0.54));
#3345 = VECTOR('',#3346,1.);
#3346 = DIRECTION('',(1.,0.,0.));
#3347 = ORIENTED_EDGE('',*,*,#3348,.F.);
#3348 = EDGE_CURVE('',#3349,#3341,#3351,.T.);
#3349 = VERTEX_POINT('',#3350);
#3350 = CARTESIAN_POINT('',(3.09,1.6,6.E-02));
#3351 = LINE('',#3352,#3353);
#3352 = CARTESIAN_POINT('',(3.09,1.6,6.E-02));
#3353 = VECTOR('',#3354,1.);
#3354 = DIRECTION('',(0.,0.,1.));
#3355 = ORIENTED_EDGE('',*,*,#3356,.F.);
#3356 = EDGE_CURVE('',#3357,#3349,#3359,.T.);
#3357 = VERTEX_POINT('',#3358);
#3358 = CARTESIAN_POINT('',(2.55,1.6,6.E-02));
#3359 = LINE('',#3360,#3361);
#3360 = CARTESIAN_POINT('',(-3.09,1.6,6.E-02));
#3361 = VECTOR('',#3362,1.);
#3362 = DIRECTION('',(1.,0.,0.));
#3363 = ORIENTED_EDGE('',*,*,#3364,.F.);
#3364 = EDGE_CURVE('',#3190,#3357,#3365,.T.);
#3365 = LINE('',#3366,#3367);
#3366 = CARTESIAN_POINT('',(-3.09,1.6,6.E-02));
#3367 = VECTOR('',#3368,1.);
#3368 = DIRECTION('',(1.,0.,0.));
#3369 = PLANE('',#3370);
#3370 = AXIS2_PLACEMENT_3D('',#3371,#3372,#3373);
#3371 = CARTESIAN_POINT('',(-3.09,1.6,6.E-02));
#3372 = DIRECTION('',(0.,1.,0.));
#3373 = DIRECTION('',(0.,-0.,1.));
#3374 = ADVANCED_FACE('',(#3375),#3386,.F.);
#3375 = FACE_BOUND('',#3376,.F.);
#3376 = EDGE_LOOP('',(#3377,#3378,#3379,#3385));
#3377 = ORIENTED_EDGE('',*,*,#3232,.F.);
#3378 = ORIENTED_EDGE('',*,*,#3281,.T.);
#3379 = ORIENTED_EDGE('',*,*,#3380,.T.);
#3380 = EDGE_CURVE('',#3274,#3357,#3381,.T.);
#3381 = LINE('',#3382,#3383);
#3382 = CARTESIAN_POINT('',(2.55,-1.6,6.E-02));
#3383 = VECTOR('',#3384,1.);
#3384 = DIRECTION('',(0.,1.,0.));
#3385 = ORIENTED_EDGE('',*,*,#3364,.F.);
#3386 = PLANE('',#3387);
#3387 = AXIS2_PLACEMENT_3D('',#3388,#3389,#3390);
#3388 = CARTESIAN_POINT('',(-3.09,-1.6,6.E-02));
#3389 = DIRECTION('',(0.,0.,1.));
#3390 = DIRECTION('',(1.,0.,-0.));
#3391 = ADVANCED_FACE('',(#3392),#3455,.F.);
#3392 = FACE_BOUND('',#3393,.F.);
#3393 = EDGE_LOOP('',(#3394,#3404,#3411,#3412,#3413,#3414,#3423,#3431,
    #3440,#3448));
#3394 = ORIENTED_EDGE('',*,*,#3395,.F.);
#3395 = EDGE_CURVE('',#3396,#3398,#3400,.T.);
#3396 = VERTEX_POINT('',#3397);
#3397 = CARTESIAN_POINT('',(2.61,-1.6,0.));
#3398 = VERTEX_POINT('',#3399);
#3399 = CARTESIAN_POINT('',(3.09,-1.6,0.));
#3400 = LINE('',#3401,#3402);
#3401 = CARTESIAN_POINT('',(2.55,-1.6,0.));
#3402 = VECTOR('',#3403,1.);
#3403 = DIRECTION('',(1.,0.,0.));
#3404 = ORIENTED_EDGE('',*,*,#3405,.F.);
#3405 = EDGE_CURVE('',#3274,#3396,#3406,.T.);
#3406 = CIRCLE('',#3407,6.E-02);
#3407 = AXIS2_PLACEMENT_3D('',#3408,#3409,#3410);
#3408 = CARTESIAN_POINT('',(2.61,-1.6,6.E-02));
#3409 = DIRECTION('',(0.,-1.,0.));
#3410 = DIRECTION('',(0.,0.,1.));
#3411 = ORIENTED_EDGE('',*,*,#3273,.T.);
#3412 = ORIENTED_EDGE('',*,*,#3265,.T.);
#3413 = ORIENTED_EDGE('',*,*,#3257,.F.);
#3414 = ORIENTED_EDGE('',*,*,#3415,.T.);
#3415 = EDGE_CURVE('',#3250,#3416,#3418,.T.);
#3416 = VERTEX_POINT('',#3417);
#3417 = CARTESIAN_POINT('',(2.61,-1.6,0.6));
#3418 = CIRCLE('',#3419,6.E-02);
#3419 = AXIS2_PLACEMENT_3D('',#3420,#3421,#3422);
#3420 = CARTESIAN_POINT('',(2.61,-1.6,0.54));
#3421 = DIRECTION('',(0.,1.,0.));
#3422 = DIRECTION('',(0.,-0.,1.));
#3423 = ORIENTED_EDGE('',*,*,#3424,.T.);
#3424 = EDGE_CURVE('',#3416,#3425,#3427,.T.);
#3425 = VERTEX_POINT('',#3426);
#3426 = CARTESIAN_POINT('',(3.09,-1.6,0.6));
#3427 = LINE('',#3428,#3429);
#3428 = CARTESIAN_POINT('',(2.55,-1.6,0.6));
#3429 = VECTOR('',#3430,1.);
#3430 = DIRECTION('',(1.,0.,0.));
#3431 = ORIENTED_EDGE('',*,*,#3432,.F.);
#3432 = EDGE_CURVE('',#3433,#3425,#3435,.T.);
#3433 = VERTEX_POINT('',#3434);
#3434 = CARTESIAN_POINT('',(3.15,-1.6,0.54));
#3435 = CIRCLE('',#3436,6.E-02);
#3436 = AXIS2_PLACEMENT_3D('',#3437,#3438,#3439);
#3437 = CARTESIAN_POINT('',(3.09,-1.6,0.54));
#3438 = DIRECTION('',(0.,-1.,0.));
#3439 = DIRECTION('',(0.,0.,1.));
#3440 = ORIENTED_EDGE('',*,*,#3441,.F.);
#3441 = EDGE_CURVE('',#3442,#3433,#3444,.T.);
#3442 = VERTEX_POINT('',#3443);
#3443 = CARTESIAN_POINT('',(3.15,-1.6,6.E-02));
#3444 = LINE('',#3445,#3446);
#3445 = CARTESIAN_POINT('',(3.15,-1.6,0.));
#3446 = VECTOR('',#3447,1.);
#3447 = DIRECTION('',(0.,0.,1.));
#3448 = ORIENTED_EDGE('',*,*,#3449,.T.);
#3449 = EDGE_CURVE('',#3442,#3398,#3450,.T.);
#3450 = CIRCLE('',#3451,6.E-02);
#3451 = AXIS2_PLACEMENT_3D('',#3452,#3453,#3454);
#3452 = CARTESIAN_POINT('',(3.09,-1.6,6.E-02));
#3453 = DIRECTION('',(0.,1.,0.));
#3454 = DIRECTION('',(0.,-0.,1.));
#3455 = PLANE('',#3456);
#3456 = AXIS2_PLACEMENT_3D('',#3457,#3458,#3459);
#3457 = CARTESIAN_POINT('',(2.55,-1.6,0.));
#3458 = DIRECTION('',(0.,1.,0.));
#3459 = DIRECTION('',(0.,-0.,1.));
#3460 = ADVANCED_FACE('',(#3461),#3486,.F.);
#3461 = FACE_BOUND('',#3462,.F.);
#3462 = EDGE_LOOP('',(#3463,#3464,#3472,#3480));
#3463 = ORIENTED_EDGE('',*,*,#3249,.F.);
#3464 = ORIENTED_EDGE('',*,*,#3465,.T.);
#3465 = EDGE_CURVE('',#3048,#3466,#3468,.T.);
#3466 = VERTEX_POINT('',#3467);
#3467 = CARTESIAN_POINT('',(-2.55,-1.6,0.6));
#3468 = LINE('',#3469,#3470);
#3469 = CARTESIAN_POINT('',(-2.55,-1.6,0.54));
#3470 = VECTOR('',#3471,1.);
#3471 = DIRECTION('',(0.,0.,1.));
#3472 = ORIENTED_EDGE('',*,*,#3473,.T.);
#3473 = EDGE_CURVE('',#3466,#3474,#3476,.T.);
#3474 = VERTEX_POINT('',#3475);
#3475 = CARTESIAN_POINT('',(2.55,-1.6,0.6));
#3476 = LINE('',#3477,#3478);
#3477 = CARTESIAN_POINT('',(-2.55,-1.6,0.6));
#3478 = VECTOR('',#3479,1.);
#3479 = DIRECTION('',(1.,0.,0.));
#3480 = ORIENTED_EDGE('',*,*,#3481,.F.);
#3481 = EDGE_CURVE('',#3250,#3474,#3482,.T.);
#3482 = LINE('',#3483,#3484);
#3483 = CARTESIAN_POINT('',(2.55,-1.6,0.54));
#3484 = VECTOR('',#3485,1.);
#3485 = DIRECTION('',(0.,0.,1.));
#3486 = PLANE('',#3487);
#3487 = AXIS2_PLACEMENT_3D('',#3488,#3489,#3490);
#3488 = CARTESIAN_POINT('',(-2.55,-1.6,0.54));
#3489 = DIRECTION('',(0.,1.,0.));
#3490 = DIRECTION('',(0.,-0.,1.));
#3491 = ADVANCED_FACE('',(#3492),#3510,.F.);
#3492 = FACE_BOUND('',#3493,.F.);
#3493 = EDGE_LOOP('',(#3494,#3495,#3496,#3504));
#3494 = ORIENTED_EDGE('',*,*,#3465,.F.);
#3495 = ORIENTED_EDGE('',*,*,#3312,.T.);
#3496 = ORIENTED_EDGE('',*,*,#3497,.T.);
#3497 = EDGE_CURVE('',#3165,#3498,#3500,.T.);
#3498 = VERTEX_POINT('',#3499);
#3499 = CARTESIAN_POINT('',(-2.55,1.6,0.6));
#3500 = LINE('',#3501,#3502);
#3501 = CARTESIAN_POINT('',(-2.55,1.6,0.54));
#3502 = VECTOR('',#3503,1.);
#3503 = DIRECTION('',(0.,0.,1.));
#3504 = ORIENTED_EDGE('',*,*,#3505,.F.);
#3505 = EDGE_CURVE('',#3466,#3498,#3506,.T.);
#3506 = LINE('',#3507,#3508);
#3507 = CARTESIAN_POINT('',(-2.55,-1.6,0.6));
#3508 = VECTOR('',#3509,1.);
#3509 = DIRECTION('',(0.,1.,0.));
#3510 = PLANE('',#3511);
#3511 = AXIS2_PLACEMENT_3D('',#3512,#3513,#3514);
#3512 = CARTESIAN_POINT('',(-2.55,-1.6,0.54));
#3513 = DIRECTION('',(1.,0.,0.));
#3514 = DIRECTION('',(0.,0.,1.));
#3515 = ADVANCED_FACE('',(#3516),#3579,.T.);
#3516 = FACE_BOUND('',#3517,.T.);
#3517 = EDGE_LOOP('',(#3518,#3528,#3535,#3536,#3537,#3538,#3547,#3555,
    #3564,#3572));
#3518 = ORIENTED_EDGE('',*,*,#3519,.F.);
#3519 = EDGE_CURVE('',#3520,#3522,#3524,.T.);
#3520 = VERTEX_POINT('',#3521);
#3521 = CARTESIAN_POINT('',(2.61,1.6,0.));
#3522 = VERTEX_POINT('',#3523);
#3523 = CARTESIAN_POINT('',(3.09,1.6,0.));
#3524 = LINE('',#3525,#3526);
#3525 = CARTESIAN_POINT('',(2.55,1.6,0.));
#3526 = VECTOR('',#3527,1.);
#3527 = DIRECTION('',(1.,0.,0.));
#3528 = ORIENTED_EDGE('',*,*,#3529,.F.);
#3529 = EDGE_CURVE('',#3357,#3520,#3530,.T.);
#3530 = CIRCLE('',#3531,6.E-02);
#3531 = AXIS2_PLACEMENT_3D('',#3532,#3533,#3534);
#3532 = CARTESIAN_POINT('',(2.61,1.6,6.E-02));
#3533 = DIRECTION('',(0.,-1.,0.));
#3534 = DIRECTION('',(0.,0.,1.));
#3535 = ORIENTED_EDGE('',*,*,#3356,.T.);
#3536 = ORIENTED_EDGE('',*,*,#3348,.T.);
#3537 = ORIENTED_EDGE('',*,*,#3340,.F.);
#3538 = ORIENTED_EDGE('',*,*,#3539,.T.);
#3539 = EDGE_CURVE('',#3333,#3540,#3542,.T.);
#3540 = VERTEX_POINT('',#3541);
#3541 = CARTESIAN_POINT('',(2.61,1.6,0.6));
#3542 = CIRCLE('',#3543,6.E-02);
#3543 = AXIS2_PLACEMENT_3D('',#3544,#3545,#3546);
#3544 = CARTESIAN_POINT('',(2.61,1.6,0.54));
#3545 = DIRECTION('',(0.,1.,0.));
#3546 = DIRECTION('',(0.,-0.,1.));
#3547 = ORIENTED_EDGE('',*,*,#3548,.T.);
#3548 = EDGE_CURVE('',#3540,#3549,#3551,.T.);
#3549 = VERTEX_POINT('',#3550);
#3550 = CARTESIAN_POINT('',(3.09,1.6,0.6));
#3551 = LINE('',#3552,#3553);
#3552 = CARTESIAN_POINT('',(2.55,1.6,0.6));
#3553 = VECTOR('',#3554,1.);
#3554 = DIRECTION('',(1.,0.,0.));
#3555 = ORIENTED_EDGE('',*,*,#3556,.F.);
#3556 = EDGE_CURVE('',#3557,#3549,#3559,.T.);
#3557 = VERTEX_POINT('',#3558);
#3558 = CARTESIAN_POINT('',(3.15,1.6,0.54));
#3559 = CIRCLE('',#3560,6.E-02);
#3560 = AXIS2_PLACEMENT_3D('',#3561,#3562,#3563);
#3561 = CARTESIAN_POINT('',(3.09,1.6,0.54));
#3562 = DIRECTION('',(0.,-1.,0.));
#3563 = DIRECTION('',(0.,0.,1.));
#3564 = ORIENTED_EDGE('',*,*,#3565,.F.);
#3565 = EDGE_CURVE('',#3566,#3557,#3568,.T.);
#3566 = VERTEX_POINT('',#3567);
#3567 = CARTESIAN_POINT('',(3.15,1.6,6.E-02));
#3568 = LINE('',#3569,#3570);
#3569 = CARTESIAN_POINT('',(3.15,1.6,0.));
#3570 = VECTOR('',#3571,1.);
#3571 = DIRECTION('',(0.,0.,1.));
#3572 = ORIENTED_EDGE('',*,*,#3573,.T.);
#3573 = EDGE_CURVE('',#3566,#3522,#3574,.T.);
#3574 = CIRCLE('',#3575,6.E-02);
#3575 = AXIS2_PLACEMENT_3D('',#3576,#3577,#3578);
#3576 = CARTESIAN_POINT('',(3.09,1.6,6.E-02));
#3577 = DIRECTION('',(0.,1.,0.));
#3578 = DIRECTION('',(0.,-0.,1.));
#3579 = PLANE('',#3580);
#3580 = AXIS2_PLACEMENT_3D('',#3581,#3582,#3583);
#3581 = CARTESIAN_POINT('',(2.55,1.6,0.));
#3582 = DIRECTION('',(0.,1.,0.));
#3583 = DIRECTION('',(0.,-0.,1.));
#3584 = ADVANCED_FACE('',(#3585),#3603,.T.);
#3585 = FACE_BOUND('',#3586,.T.);
#3586 = EDGE_LOOP('',(#3587,#3588,#3589,#3597));
#3587 = ORIENTED_EDGE('',*,*,#3332,.F.);
#3588 = ORIENTED_EDGE('',*,*,#3497,.T.);
#3589 = ORIENTED_EDGE('',*,*,#3590,.T.);
#3590 = EDGE_CURVE('',#3498,#3591,#3593,.T.);
#3591 = VERTEX_POINT('',#3592);
#3592 = CARTESIAN_POINT('',(2.55,1.6,0.6));
#3593 = LINE('',#3594,#3595);
#3594 = CARTESIAN_POINT('',(-2.55,1.6,0.6));
#3595 = VECTOR('',#3596,1.);
#3596 = DIRECTION('',(1.,0.,0.));
#3597 = ORIENTED_EDGE('',*,*,#3598,.F.);
#3598 = EDGE_CURVE('',#3333,#3591,#3599,.T.);
#3599 = LINE('',#3600,#3601);
#3600 = CARTESIAN_POINT('',(2.55,1.6,0.54));
#3601 = VECTOR('',#3602,1.);
#3602 = DIRECTION('',(0.,0.,1.));
#3603 = PLANE('',#3604);
#3604 = AXIS2_PLACEMENT_3D('',#3605,#3606,#3607);
#3605 = CARTESIAN_POINT('',(-2.55,1.6,0.54));
#3606 = DIRECTION('',(0.,1.,0.));
#3607 = DIRECTION('',(0.,-0.,1.));
#3608 = ADVANCED_FACE('',(#3609),#3620,.T.);
#3609 = FACE_BOUND('',#3610,.T.);
#3610 = EDGE_LOOP('',(#3611,#3612,#3613,#3619));
#3611 = ORIENTED_EDGE('',*,*,#3380,.T.);
#3612 = ORIENTED_EDGE('',*,*,#3529,.T.);
#3613 = ORIENTED_EDGE('',*,*,#3614,.F.);
#3614 = EDGE_CURVE('',#3396,#3520,#3615,.T.);
#3615 = LINE('',#3616,#3617);
#3616 = CARTESIAN_POINT('',(2.61,-1.6,0.));
#3617 = VECTOR('',#3618,1.);
#3618 = DIRECTION('',(0.,1.,0.));
#3619 = ORIENTED_EDGE('',*,*,#3405,.F.);
#3620 = CYLINDRICAL_SURFACE('',#3621,6.E-02);
#3621 = AXIS2_PLACEMENT_3D('',#3622,#3623,#3624);
#3622 = CARTESIAN_POINT('',(2.61,-1.6,6.E-02));
#3623 = DIRECTION('',(0.,1.,0.));
#3624 = DIRECTION('',(-1.,0.,0.));
#3625 = ADVANCED_FACE('',(#3626),#3637,.F.);
#3626 = FACE_BOUND('',#3627,.F.);
#3627 = EDGE_LOOP('',(#3628,#3629,#3630,#3631));
#3628 = ORIENTED_EDGE('',*,*,#3519,.F.);
#3629 = ORIENTED_EDGE('',*,*,#3614,.F.);
#3630 = ORIENTED_EDGE('',*,*,#3395,.T.);
#3631 = ORIENTED_EDGE('',*,*,#3632,.T.);
#3632 = EDGE_CURVE('',#3398,#3522,#3633,.T.);
#3633 = LINE('',#3634,#3635);
#3634 = CARTESIAN_POINT('',(3.09,-1.6,0.));
#3635 = VECTOR('',#3636,1.);
#3636 = DIRECTION('',(0.,1.,0.));
#3637 = PLANE('',#3638);
#3638 = AXIS2_PLACEMENT_3D('',#3639,#3640,#3641);
#3639 = CARTESIAN_POINT('',(2.55,-1.6,0.));
#3640 = DIRECTION('',(0.,0.,1.));
#3641 = DIRECTION('',(1.,0.,-0.));
#3642 = ADVANCED_FACE('',(#3643),#3654,.T.);
#3643 = FACE_BOUND('',#3644,.T.);
#3644 = EDGE_LOOP('',(#3645,#3646,#3647,#3648));
#3645 = ORIENTED_EDGE('',*,*,#3449,.T.);
#3646 = ORIENTED_EDGE('',*,*,#3632,.T.);
#3647 = ORIENTED_EDGE('',*,*,#3573,.F.);
#3648 = ORIENTED_EDGE('',*,*,#3649,.F.);
#3649 = EDGE_CURVE('',#3442,#3566,#3650,.T.);
#3650 = LINE('',#3651,#3652);
#3651 = CARTESIAN_POINT('',(3.15,-1.6,6.E-02));
#3652 = VECTOR('',#3653,1.);
#3653 = DIRECTION('',(0.,1.,0.));
#3654 = CYLINDRICAL_SURFACE('',#3655,6.E-02);
#3655 = AXIS2_PLACEMENT_3D('',#3656,#3657,#3658);
#3656 = CARTESIAN_POINT('',(3.09,-1.6,6.E-02));
#3657 = DIRECTION('',(0.,1.,0.));
#3658 = DIRECTION('',(1.,0.,0.));
#3659 = ADVANCED_FACE('',(#3660),#3671,.T.);
#3660 = FACE_BOUND('',#3661,.T.);
#3661 = EDGE_LOOP('',(#3662,#3663,#3664,#3665));
#3662 = ORIENTED_EDGE('',*,*,#3441,.F.);
#3663 = ORIENTED_EDGE('',*,*,#3649,.T.);
#3664 = ORIENTED_EDGE('',*,*,#3565,.T.);
#3665 = ORIENTED_EDGE('',*,*,#3666,.F.);
#3666 = EDGE_CURVE('',#3433,#3557,#3667,.T.);
#3667 = LINE('',#3668,#3669);
#3668 = CARTESIAN_POINT('',(3.15,-1.6,0.54));
#3669 = VECTOR('',#3670,1.);
#3670 = DIRECTION('',(0.,1.,0.));
#3671 = PLANE('',#3672);
#3672 = AXIS2_PLACEMENT_3D('',#3673,#3674,#3675);
#3673 = CARTESIAN_POINT('',(3.15,-1.6,0.));
#3674 = DIRECTION('',(1.,0.,0.));
#3675 = DIRECTION('',(0.,0.,1.));
#3676 = ADVANCED_FACE('',(#3677),#3688,.T.);
#3677 = FACE_BOUND('',#3678,.T.);
#3678 = EDGE_LOOP('',(#3679,#3680,#3681,#3687));
#3679 = ORIENTED_EDGE('',*,*,#3666,.T.);
#3680 = ORIENTED_EDGE('',*,*,#3556,.T.);
#3681 = ORIENTED_EDGE('',*,*,#3682,.F.);
#3682 = EDGE_CURVE('',#3425,#3549,#3683,.T.);
#3683 = LINE('',#3684,#3685);
#3684 = CARTESIAN_POINT('',(3.09,-1.6,0.6));
#3685 = VECTOR('',#3686,1.);
#3686 = DIRECTION('',(0.,1.,0.));
#3687 = ORIENTED_EDGE('',*,*,#3432,.F.);
#3688 = CYLINDRICAL_SURFACE('',#3689,6.E-02);
#3689 = AXIS2_PLACEMENT_3D('',#3690,#3691,#3692);
#3690 = CARTESIAN_POINT('',(3.09,-1.6,0.54));
#3691 = DIRECTION('',(0.,1.,0.));
#3692 = DIRECTION('',(1.,0.,0.));
#3693 = ADVANCED_FACE('',(#3694),#3705,.T.);
#3694 = FACE_BOUND('',#3695,.T.);
#3695 = EDGE_LOOP('',(#3696,#3697,#3703,#3704));
#3696 = ORIENTED_EDGE('',*,*,#3548,.F.);
#3697 = ORIENTED_EDGE('',*,*,#3698,.F.);
#3698 = EDGE_CURVE('',#3416,#3540,#3699,.T.);
#3699 = LINE('',#3700,#3701);
#3700 = CARTESIAN_POINT('',(2.61,-1.6,0.6));
#3701 = VECTOR('',#3702,1.);
#3702 = DIRECTION('',(0.,1.,0.));
#3703 = ORIENTED_EDGE('',*,*,#3424,.T.);
#3704 = ORIENTED_EDGE('',*,*,#3682,.T.);
#3705 = PLANE('',#3706);
#3706 = AXIS2_PLACEMENT_3D('',#3707,#3708,#3709);
#3707 = CARTESIAN_POINT('',(2.55,-1.6,0.6));
#3708 = DIRECTION('',(0.,0.,1.));
#3709 = DIRECTION('',(1.,0.,-0.));
#3710 = ADVANCED_FACE('',(#3711),#3722,.T.);
#3711 = FACE_BOUND('',#3712,.T.);
#3712 = EDGE_LOOP('',(#3713,#3714,#3715,#3716));
#3713 = ORIENTED_EDGE('',*,*,#3415,.T.);
#3714 = ORIENTED_EDGE('',*,*,#3698,.T.);
#3715 = ORIENTED_EDGE('',*,*,#3539,.F.);
#3716 = ORIENTED_EDGE('',*,*,#3717,.F.);
#3717 = EDGE_CURVE('',#3250,#3333,#3718,.T.);
#3718 = LINE('',#3719,#3720);
#3719 = CARTESIAN_POINT('',(2.55,-1.6,0.54));
#3720 = VECTOR('',#3721,1.);
#3721 = DIRECTION('',(0.,1.,0.));
#3722 = CYLINDRICAL_SURFACE('',#3723,6.E-02);
#3723 = AXIS2_PLACEMENT_3D('',#3724,#3725,#3726);
#3724 = CARTESIAN_POINT('',(2.61,-1.6,0.54));
#3725 = DIRECTION('',(0.,1.,0.));
#3726 = DIRECTION('',(-1.,0.,0.));
#3727 = ADVANCED_FACE('',(#3728),#3739,.T.);
#3728 = FACE_BOUND('',#3729,.T.);
#3729 = EDGE_LOOP('',(#3730,#3731,#3732,#3733));
#3730 = ORIENTED_EDGE('',*,*,#3481,.F.);
#3731 = ORIENTED_EDGE('',*,*,#3717,.T.);
#3732 = ORIENTED_EDGE('',*,*,#3598,.T.);
#3733 = ORIENTED_EDGE('',*,*,#3734,.F.);
#3734 = EDGE_CURVE('',#3474,#3591,#3735,.T.);
#3735 = LINE('',#3736,#3737);
#3736 = CARTESIAN_POINT('',(2.55,-1.6,0.6));
#3737 = VECTOR('',#3738,1.);
#3738 = DIRECTION('',(0.,1.,0.));
#3739 = PLANE('',#3740);
#3740 = AXIS2_PLACEMENT_3D('',#3741,#3742,#3743);
#3741 = CARTESIAN_POINT('',(2.55,-1.6,0.54));
#3742 = DIRECTION('',(1.,0.,0.));
#3743 = DIRECTION('',(0.,0.,1.));
#3744 = ADVANCED_FACE('',(#3745),#3751,.T.);
#3745 = FACE_BOUND('',#3746,.T.);
#3746 = EDGE_LOOP('',(#3747,#3748,#3749,#3750));
#3747 = ORIENTED_EDGE('',*,*,#3505,.F.);
#3748 = ORIENTED_EDGE('',*,*,#3473,.T.);
#3749 = ORIENTED_EDGE('',*,*,#3734,.T.);
#3750 = ORIENTED_EDGE('',*,*,#3590,.F.);
#3751 = PLANE('',#3752);
#3752 = AXIS2_PLACEMENT_3D('',#3753,#3754,#3755);
#3753 = CARTESIAN_POINT('',(-2.55,-1.6,0.6));
#3754 = DIRECTION('',(0.,0.,1.));
#3755 = DIRECTION('',(1.,0.,-0.));
#3756 = ( GEOMETRIC_REPRESENTATION_CONTEXT(3) 
GLOBAL_UNCERTAINTY_ASSIGNED_CONTEXT((#3760)) 
GLOBAL_UNIT_ASSIGNED_CONTEXT((#3757,#3758,#3759)) REPRESENTATION_CONTEXT
('Context #1','3D Context with UNIT and UNCERTAINTY') );
#3757 = ( LENGTH_UNIT() NAMED_UNIT(*) SI_UNIT(.MILLI.,.METRE.) );
#3758 = ( NAMED_UNIT(*) PLANE_ANGLE_UNIT() SI_UNIT($,.RADIAN.) );
#3759 = ( NAMED_UNIT(*) SI_UNIT($,.STERADIAN.) SOLID_ANGLE_UNIT() );
#3760 = UNCERTAINTY_MEASURE_WITH_UNIT(LENGTH_MEASURE(1.E-07),#3757,
  'distance_accuracy_value','confusion accuracy');
#3761 = CONTEXT_DEPENDENT_SHAPE_REPRESENTATION(#3762,#3764);
#3762 = ( REPRESENTATION_RELATIONSHIP('','',#2965,#10) 
REPRESENTATION_RELATIONSHIP_WITH_TRANSFORMATION(#3763) 
SHAPE_REPRESENTATION_RELATIONSHIP() );
#3763 = ITEM_DEFINED_TRANSFORMATION('','',#11,#27);
#3764 = PRODUCT_DEFINITION_SHAPE('Placement','Placement of an item',
  #3765);
#3765 = NEXT_ASSEMBLY_USAGE_OCCURRENCE('4','R3','',#5,#2960,$);
#3766 = PRODUCT_RELATED_PRODUCT_CATEGORY('part',$,(#2962));
#3767 = SHAPE_DEFINITION_REPRESENTATION(#3768,#3774);
#3768 = PRODUCT_DEFINITION_SHAPE('','',#3769);
#3769 = PRODUCT_DEFINITION('design','',#3770,#3773);
#3770 = PRODUCT_DEFINITION_FORMATION('','',#3771);
#3771 = PRODUCT('rollhooplight_RSL_PCB_pad','rollhooplight_RSL_PCB_pad',
  '',(#3772));
#3772 = PRODUCT_CONTEXT('',#2,'mechanical');
#3773 = PRODUCT_DEFINITION_CONTEXT('part definition',#2,'design');
#3774 = SHAPE_REPRESENTATION('',(#11,#3775,#3925,#4075,#4225,#4515,#4607
    ,#4699,#4791,#5081,#5173,#5265,#5357,#5647,#5797,#6087,#6377,#6667,
    #6957,#7107,#7257,#7407,#7557,#7707),#7997);
#3775 = MANIFOLD_SOLID_BREP('',#3776);
#3776 = CLOSED_SHELL('',(#3777,#3817,#3848,#3879,#3901,#3913));
#3777 = ADVANCED_FACE('',(#3778),#3812,.T.);
#3778 = FACE_BOUND('',#3779,.T.);
#3779 = EDGE_LOOP('',(#3780,#3790,#3798,#3806));
#3780 = ORIENTED_EDGE('',*,*,#3781,.T.);
#3781 = EDGE_CURVE('',#3782,#3784,#3786,.T.);
#3782 = VERTEX_POINT('',#3783);
#3783 = CARTESIAN_POINT('',(83.9125,-46.02185,1.51));
#3784 = VERTEX_POINT('',#3785);
#3785 = CARTESIAN_POINT('',(83.9125,-46.02185,1.55));
#3786 = LINE('',#3787,#3788);
#3787 = CARTESIAN_POINT('',(83.9125,-46.02185,1.51));
#3788 = VECTOR('',#3789,1.);
#3789 = DIRECTION('',(0.,0.,1.));
#3790 = ORIENTED_EDGE('',*,*,#3791,.T.);
#3791 = EDGE_CURVE('',#3784,#3792,#3794,.T.);
#3792 = VERTEX_POINT('',#3793);
#3793 = CARTESIAN_POINT('',(83.9125,-43.32945,1.55));
#3794 = LINE('',#3795,#3796);
#3795 = CARTESIAN_POINT('',(83.9125,-46.02185,1.55));
#3796 = VECTOR('',#3797,1.);
#3797 = DIRECTION('',(0.,1.,0.));
#3798 = ORIENTED_EDGE('',*,*,#3799,.F.);
#3799 = EDGE_CURVE('',#3800,#3792,#3802,.T.);
#3800 = VERTEX_POINT('',#3801);
#3801 = CARTESIAN_POINT('',(83.9125,-43.32945,1.51));
#3802 = LINE('',#3803,#3804);
#3803 = CARTESIAN_POINT('',(83.9125,-43.32945,1.51));
#3804 = VECTOR('',#3805,1.);
#3805 = DIRECTION('',(0.,0.,1.));
#3806 = ORIENTED_EDGE('',*,*,#3807,.F.);
#3807 = EDGE_CURVE('',#3782,#3800,#3808,.T.);
#3808 = LINE('',#3809,#3810);
#3809 = CARTESIAN_POINT('',(83.9125,-46.02185,1.51));
#3810 = VECTOR('',#3811,1.);
#3811 = DIRECTION('',(0.,1.,0.));
#3812 = PLANE('',#3813);
#3813 = AXIS2_PLACEMENT_3D('',#3814,#3815,#3816);
#3814 = CARTESIAN_POINT('',(83.9125,-46.02185,1.51));
#3815 = DIRECTION('',(-1.,0.,0.));
#3816 = DIRECTION('',(0.,1.,0.));
#3817 = ADVANCED_FACE('',(#3818),#3843,.T.);
#3818 = FACE_BOUND('',#3819,.T.);
#3819 = EDGE_LOOP('',(#3820,#3821,#3829,#3837));
#3820 = ORIENTED_EDGE('',*,*,#3799,.T.);
#3821 = ORIENTED_EDGE('',*,*,#3822,.T.);
#3822 = EDGE_CURVE('',#3792,#3823,#3825,.T.);
#3823 = VERTEX_POINT('',#3824);
#3824 = CARTESIAN_POINT('',(84.9031,-43.32945,1.55));
#3825 = LINE('',#3826,#3827);
#3826 = CARTESIAN_POINT('',(83.9125,-43.32945,1.55));
#3827 = VECTOR('',#3828,1.);
#3828 = DIRECTION('',(1.,0.,0.));
#3829 = ORIENTED_EDGE('',*,*,#3830,.F.);
#3830 = EDGE_CURVE('',#3831,#3823,#3833,.T.);
#3831 = VERTEX_POINT('',#3832);
#3832 = CARTESIAN_POINT('',(84.9031,-43.32945,1.51));
#3833 = LINE('',#3834,#3835);
#3834 = CARTESIAN_POINT('',(84.9031,-43.32945,1.51));
#3835 = VECTOR('',#3836,1.);
#3836 = DIRECTION('',(0.,0.,1.));
#3837 = ORIENTED_EDGE('',*,*,#3838,.F.);
#3838 = EDGE_CURVE('',#3800,#3831,#3839,.T.);
#3839 = LINE('',#3840,#3841);
#3840 = CARTESIAN_POINT('',(83.9125,-43.32945,1.51));
#3841 = VECTOR('',#3842,1.);
#3842 = DIRECTION('',(1.,0.,0.));
#3843 = PLANE('',#3844);
#3844 = AXIS2_PLACEMENT_3D('',#3845,#3846,#3847);
#3845 = CARTESIAN_POINT('',(83.9125,-43.32945,1.51));
#3846 = DIRECTION('',(0.,1.,0.));
#3847 = DIRECTION('',(1.,0.,0.));
#3848 = ADVANCED_FACE('',(#3849),#3874,.T.);
#3849 = FACE_BOUND('',#3850,.T.);
#3850 = EDGE_LOOP('',(#3851,#3852,#3860,#3868));
#3851 = ORIENTED_EDGE('',*,*,#3830,.T.);
#3852 = ORIENTED_EDGE('',*,*,#3853,.T.);
#3853 = EDGE_CURVE('',#3823,#3854,#3856,.T.);
#3854 = VERTEX_POINT('',#3855);
#3855 = CARTESIAN_POINT('',(84.9031,-46.02185,1.55));
#3856 = LINE('',#3857,#3858);
#3857 = CARTESIAN_POINT('',(84.9031,-43.32945,1.55));
#3858 = VECTOR('',#3859,1.);
#3859 = DIRECTION('',(0.,-1.,0.));
#3860 = ORIENTED_EDGE('',*,*,#3861,.F.);
#3861 = EDGE_CURVE('',#3862,#3854,#3864,.T.);
#3862 = VERTEX_POINT('',#3863);
#3863 = CARTESIAN_POINT('',(84.9031,-46.02185,1.51));
#3864 = LINE('',#3865,#3866);
#3865 = CARTESIAN_POINT('',(84.9031,-46.02185,1.51));
#3866 = VECTOR('',#3867,1.);
#3867 = DIRECTION('',(0.,0.,1.));
#3868 = ORIENTED_EDGE('',*,*,#3869,.F.);
#3869 = EDGE_CURVE('',#3831,#3862,#3870,.T.);
#3870 = LINE('',#3871,#3872);
#3871 = CARTESIAN_POINT('',(84.9031,-43.32945,1.51));
#3872 = VECTOR('',#3873,1.);
#3873 = DIRECTION('',(0.,-1.,0.));
#3874 = PLANE('',#3875);
#3875 = AXIS2_PLACEMENT_3D('',#3876,#3877,#3878);
#3876 = CARTESIAN_POINT('',(84.9031,-43.32945,1.51));
#3877 = DIRECTION('',(1.,0.,-0.));
#3878 = DIRECTION('',(0.,-1.,0.));
#3879 = ADVANCED_FACE('',(#3880),#3896,.T.);
#3880 = FACE_BOUND('',#3881,.T.);
#3881 = EDGE_LOOP('',(#3882,#3883,#3889,#3890));
#3882 = ORIENTED_EDGE('',*,*,#3861,.T.);
#3883 = ORIENTED_EDGE('',*,*,#3884,.T.);
#3884 = EDGE_CURVE('',#3854,#3784,#3885,.T.);
#3885 = LINE('',#3886,#3887);
#3886 = CARTESIAN_POINT('',(84.9031,-46.02185,1.55));
#3887 = VECTOR('',#3888,1.);
#3888 = DIRECTION('',(-1.,0.,0.));
#3889 = ORIENTED_EDGE('',*,*,#3781,.F.);
#3890 = ORIENTED_EDGE('',*,*,#3891,.F.);
#3891 = EDGE_CURVE('',#3862,#3782,#3892,.T.);
#3892 = LINE('',#3893,#3894);
#3893 = CARTESIAN_POINT('',(84.9031,-46.02185,1.51));
#3894 = VECTOR('',#3895,1.);
#3895 = DIRECTION('',(-1.,0.,0.));
#3896 = PLANE('',#3897);
#3897 = AXIS2_PLACEMENT_3D('',#3898,#3899,#3900);
#3898 = CARTESIAN_POINT('',(84.9031,-46.02185,1.51));
#3899 = DIRECTION('',(0.,-1.,0.));
#3900 = DIRECTION('',(-1.,0.,0.));
#3901 = ADVANCED_FACE('',(#3902),#3908,.F.);
#3902 = FACE_BOUND('',#3903,.T.);
#3903 = EDGE_LOOP('',(#3904,#3905,#3906,#3907));
#3904 = ORIENTED_EDGE('',*,*,#3807,.T.);
#3905 = ORIENTED_EDGE('',*,*,#3838,.T.);
#3906 = ORIENTED_EDGE('',*,*,#3869,.T.);
#3907 = ORIENTED_EDGE('',*,*,#3891,.T.);
#3908 = PLANE('',#3909);
#3909 = AXIS2_PLACEMENT_3D('',#3910,#3911,#3912);
#3910 = CARTESIAN_POINT('',(0.,0.,1.51));
#3911 = DIRECTION('',(0.,0.,1.));
#3912 = DIRECTION('',(1.,0.,-0.));
#3913 = ADVANCED_FACE('',(#3914),#3920,.T.);
#3914 = FACE_BOUND('',#3915,.F.);
#3915 = EDGE_LOOP('',(#3916,#3917,#3918,#3919));
#3916 = ORIENTED_EDGE('',*,*,#3791,.T.);
#3917 = ORIENTED_EDGE('',*,*,#3822,.T.);
#3918 = ORIENTED_EDGE('',*,*,#3853,.T.);
#3919 = ORIENTED_EDGE('',*,*,#3884,.T.);
#3920 = PLANE('',#3921);
#3921 = AXIS2_PLACEMENT_3D('',#3922,#3923,#3924);
#3922 = CARTESIAN_POINT('',(0.,0.,1.55));
#3923 = DIRECTION('',(0.,0.,1.));
#3924 = DIRECTION('',(1.,0.,-0.));
#3925 = MANIFOLD_SOLID_BREP('',#3926);
#3926 = CLOSED_SHELL('',(#3927,#3967,#3998,#4029,#4051,#4063));
#3927 = ADVANCED_FACE('',(#3928),#3962,.T.);
#3928 = FACE_BOUND('',#3929,.T.);
#3929 = EDGE_LOOP('',(#3930,#3940,#3948,#3956));
#3930 = ORIENTED_EDGE('',*,*,#3931,.T.);
#3931 = EDGE_CURVE('',#3932,#3934,#3936,.T.);
#3932 = VERTEX_POINT('',#3933);
#3933 = CARTESIAN_POINT('',(92.9125,-46.02185,1.51));
#3934 = VERTEX_POINT('',#3935);
#3935 = CARTESIAN_POINT('',(92.9125,-46.02185,1.55));
#3936 = LINE('',#3937,#3938);
#3937 = CARTESIAN_POINT('',(92.9125,-46.02185,1.51));
#3938 = VECTOR('',#3939,1.);
#3939 = DIRECTION('',(0.,0.,1.));
#3940 = ORIENTED_EDGE('',*,*,#3941,.T.);
#3941 = EDGE_CURVE('',#3934,#3942,#3944,.T.);
#3942 = VERTEX_POINT('',#3943);
#3943 = CARTESIAN_POINT('',(92.9125,-43.32945,1.55));
#3944 = LINE('',#3945,#3946);
#3945 = CARTESIAN_POINT('',(92.9125,-46.02185,1.55));
#3946 = VECTOR('',#3947,1.);
#3947 = DIRECTION('',(0.,1.,0.));
#3948 = ORIENTED_EDGE('',*,*,#3949,.F.);
#3949 = EDGE_CURVE('',#3950,#3942,#3952,.T.);
#3950 = VERTEX_POINT('',#3951);
#3951 = CARTESIAN_POINT('',(92.9125,-43.32945,1.51));
#3952 = LINE('',#3953,#3954);
#3953 = CARTESIAN_POINT('',(92.9125,-43.32945,1.51));
#3954 = VECTOR('',#3955,1.);
#3955 = DIRECTION('',(0.,0.,1.));
#3956 = ORIENTED_EDGE('',*,*,#3957,.F.);
#3957 = EDGE_CURVE('',#3932,#3950,#3958,.T.);
#3958 = LINE('',#3959,#3960);
#3959 = CARTESIAN_POINT('',(92.9125,-46.02185,1.51));
#3960 = VECTOR('',#3961,1.);
#3961 = DIRECTION('',(0.,1.,0.));
#3962 = PLANE('',#3963);
#3963 = AXIS2_PLACEMENT_3D('',#3964,#3965,#3966);
#3964 = CARTESIAN_POINT('',(92.9125,-46.02185,1.51));
#3965 = DIRECTION('',(-1.,0.,0.));
#3966 = DIRECTION('',(0.,1.,0.));
#3967 = ADVANCED_FACE('',(#3968),#3993,.T.);
#3968 = FACE_BOUND('',#3969,.T.);
#3969 = EDGE_LOOP('',(#3970,#3971,#3979,#3987));
#3970 = ORIENTED_EDGE('',*,*,#3949,.T.);
#3971 = ORIENTED_EDGE('',*,*,#3972,.T.);
#3972 = EDGE_CURVE('',#3942,#3973,#3975,.T.);
#3973 = VERTEX_POINT('',#3974);
#3974 = CARTESIAN_POINT('',(93.9031,-43.32945,1.55));
#3975 = LINE('',#3976,#3977);
#3976 = CARTESIAN_POINT('',(92.9125,-43.32945,1.55));
#3977 = VECTOR('',#3978,1.);
#3978 = DIRECTION('',(1.,0.,0.));
#3979 = ORIENTED_EDGE('',*,*,#3980,.F.);
#3980 = EDGE_CURVE('',#3981,#3973,#3983,.T.);
#3981 = VERTEX_POINT('',#3982);
#3982 = CARTESIAN_POINT('',(93.9031,-43.32945,1.51));
#3983 = LINE('',#3984,#3985);
#3984 = CARTESIAN_POINT('',(93.9031,-43.32945,1.51));
#3985 = VECTOR('',#3986,1.);
#3986 = DIRECTION('',(0.,0.,1.));
#3987 = ORIENTED_EDGE('',*,*,#3988,.F.);
#3988 = EDGE_CURVE('',#3950,#3981,#3989,.T.);
#3989 = LINE('',#3990,#3991);
#3990 = CARTESIAN_POINT('',(92.9125,-43.32945,1.51));
#3991 = VECTOR('',#3992,1.);
#3992 = DIRECTION('',(1.,0.,0.));
#3993 = PLANE('',#3994);
#3994 = AXIS2_PLACEMENT_3D('',#3995,#3996,#3997);
#3995 = CARTESIAN_POINT('',(92.9125,-43.32945,1.51));
#3996 = DIRECTION('',(0.,1.,0.));
#3997 = DIRECTION('',(1.,0.,0.));
#3998 = ADVANCED_FACE('',(#3999),#4024,.T.);
#3999 = FACE_BOUND('',#4000,.T.);
#4000 = EDGE_LOOP('',(#4001,#4002,#4010,#4018));
#4001 = ORIENTED_EDGE('',*,*,#3980,.T.);
#4002 = ORIENTED_EDGE('',*,*,#4003,.T.);
#4003 = EDGE_CURVE('',#3973,#4004,#4006,.T.);
#4004 = VERTEX_POINT('',#4005);
#4005 = CARTESIAN_POINT('',(93.9031,-46.02185,1.55));
#4006 = LINE('',#4007,#4008);
#4007 = CARTESIAN_POINT('',(93.9031,-43.32945,1.55));
#4008 = VECTOR('',#4009,1.);
#4009 = DIRECTION('',(0.,-1.,0.));
#4010 = ORIENTED_EDGE('',*,*,#4011,.F.);
#4011 = EDGE_CURVE('',#4012,#4004,#4014,.T.);
#4012 = VERTEX_POINT('',#4013);
#4013 = CARTESIAN_POINT('',(93.9031,-46.02185,1.51));
#4014 = LINE('',#4015,#4016);
#4015 = CARTESIAN_POINT('',(93.9031,-46.02185,1.51));
#4016 = VECTOR('',#4017,1.);
#4017 = DIRECTION('',(0.,0.,1.));
#4018 = ORIENTED_EDGE('',*,*,#4019,.F.);
#4019 = EDGE_CURVE('',#3981,#4012,#4020,.T.);
#4020 = LINE('',#4021,#4022);
#4021 = CARTESIAN_POINT('',(93.9031,-43.32945,1.51));
#4022 = VECTOR('',#4023,1.);
#4023 = DIRECTION('',(0.,-1.,0.));
#4024 = PLANE('',#4025);
#4025 = AXIS2_PLACEMENT_3D('',#4026,#4027,#4028);
#4026 = CARTESIAN_POINT('',(93.9031,-43.32945,1.51));
#4027 = DIRECTION('',(1.,0.,-0.));
#4028 = DIRECTION('',(0.,-1.,0.));
#4029 = ADVANCED_FACE('',(#4030),#4046,.T.);
#4030 = FACE_BOUND('',#4031,.T.);
#4031 = EDGE_LOOP('',(#4032,#4033,#4039,#4040));
#4032 = ORIENTED_EDGE('',*,*,#4011,.T.);
#4033 = ORIENTED_EDGE('',*,*,#4034,.T.);
#4034 = EDGE_CURVE('',#4004,#3934,#4035,.T.);
#4035 = LINE('',#4036,#4037);
#4036 = CARTESIAN_POINT('',(93.9031,-46.02185,1.55));
#4037 = VECTOR('',#4038,1.);
#4038 = DIRECTION('',(-1.,0.,0.));
#4039 = ORIENTED_EDGE('',*,*,#3931,.F.);
#4040 = ORIENTED_EDGE('',*,*,#4041,.F.);
#4041 = EDGE_CURVE('',#4012,#3932,#4042,.T.);
#4042 = LINE('',#4043,#4044);
#4043 = CARTESIAN_POINT('',(93.9031,-46.02185,1.51));
#4044 = VECTOR('',#4045,1.);
#4045 = DIRECTION('',(-1.,0.,0.));
#4046 = PLANE('',#4047);
#4047 = AXIS2_PLACEMENT_3D('',#4048,#4049,#4050);
#4048 = CARTESIAN_POINT('',(93.9031,-46.02185,1.51));
#4049 = DIRECTION('',(0.,-1.,0.));
#4050 = DIRECTION('',(-1.,0.,0.));
#4051 = ADVANCED_FACE('',(#4052),#4058,.F.);
#4052 = FACE_BOUND('',#4053,.T.);
#4053 = EDGE_LOOP('',(#4054,#4055,#4056,#4057));
#4054 = ORIENTED_EDGE('',*,*,#3957,.T.);
#4055 = ORIENTED_EDGE('',*,*,#3988,.T.);
#4056 = ORIENTED_EDGE('',*,*,#4019,.T.);
#4057 = ORIENTED_EDGE('',*,*,#4041,.T.);
#4058 = PLANE('',#4059);
#4059 = AXIS2_PLACEMENT_3D('',#4060,#4061,#4062);
#4060 = CARTESIAN_POINT('',(0.,0.,1.51));
#4061 = DIRECTION('',(0.,0.,1.));
#4062 = DIRECTION('',(1.,0.,-0.));
#4063 = ADVANCED_FACE('',(#4064),#4070,.T.);
#4064 = FACE_BOUND('',#4065,.F.);
#4065 = EDGE_LOOP('',(#4066,#4067,#4068,#4069));
#4066 = ORIENTED_EDGE('',*,*,#3941,.T.);
#4067 = ORIENTED_EDGE('',*,*,#3972,.T.);
#4068 = ORIENTED_EDGE('',*,*,#4003,.T.);
#4069 = ORIENTED_EDGE('',*,*,#4034,.T.);
#4070 = PLANE('',#4071);
#4071 = AXIS2_PLACEMENT_3D('',#4072,#4073,#4074);
#4072 = CARTESIAN_POINT('',(0.,0.,1.55));
#4073 = DIRECTION('',(0.,0.,1.));
#4074 = DIRECTION('',(1.,0.,-0.));
#4075 = MANIFOLD_SOLID_BREP('',#4076);
#4076 = CLOSED_SHELL('',(#4077,#4117,#4148,#4179,#4201,#4213));
#4077 = ADVANCED_FACE('',(#4078),#4112,.T.);
#4078 = FACE_BOUND('',#4079,.T.);
#4079 = EDGE_LOOP('',(#4080,#4090,#4098,#4106));
#4080 = ORIENTED_EDGE('',*,*,#4081,.T.);
#4081 = EDGE_CURVE('',#4082,#4084,#4086,.T.);
#4082 = VERTEX_POINT('',#4083);
#4083 = CARTESIAN_POINT('',(74.0047,-46.02185,1.51));
#4084 = VERTEX_POINT('',#4085);
#4085 = CARTESIAN_POINT('',(74.0047,-46.02185,1.55));
#4086 = LINE('',#4087,#4088);
#4087 = CARTESIAN_POINT('',(74.0047,-46.02185,1.51));
#4088 = VECTOR('',#4089,1.);
#4089 = DIRECTION('',(0.,0.,1.));
#4090 = ORIENTED_EDGE('',*,*,#4091,.T.);
#4091 = EDGE_CURVE('',#4084,#4092,#4094,.T.);
#4092 = VERTEX_POINT('',#4093);
#4093 = CARTESIAN_POINT('',(74.0047,-43.32945,1.55));
#4094 = LINE('',#4095,#4096);
#4095 = CARTESIAN_POINT('',(74.0047,-46.02185,1.55));
#4096 = VECTOR('',#4097,1.);
#4097 = DIRECTION('',(0.,1.,0.));
#4098 = ORIENTED_EDGE('',*,*,#4099,.F.);
#4099 = EDGE_CURVE('',#4100,#4092,#4102,.T.);
#4100 = VERTEX_POINT('',#4101);
#4101 = CARTESIAN_POINT('',(74.0047,-43.32945,1.51));
#4102 = LINE('',#4103,#4104);
#4103 = CARTESIAN_POINT('',(74.0047,-43.32945,1.51));
#4104 = VECTOR('',#4105,1.);
#4105 = DIRECTION('',(0.,0.,1.));
#4106 = ORIENTED_EDGE('',*,*,#4107,.F.);
#4107 = EDGE_CURVE('',#4082,#4100,#4108,.T.);
#4108 = LINE('',#4109,#4110);
#4109 = CARTESIAN_POINT('',(74.0047,-46.02185,1.51));
#4110 = VECTOR('',#4111,1.);
#4111 = DIRECTION('',(0.,1.,0.));
#4112 = PLANE('',#4113);
#4113 = AXIS2_PLACEMENT_3D('',#4114,#4115,#4116);
#4114 = CARTESIAN_POINT('',(74.0047,-46.02185,1.51));
#4115 = DIRECTION('',(-1.,0.,0.));
#4116 = DIRECTION('',(0.,1.,0.));
#4117 = ADVANCED_FACE('',(#4118),#4143,.T.);
#4118 = FACE_BOUND('',#4119,.T.);
#4119 = EDGE_LOOP('',(#4120,#4121,#4129,#4137));
#4120 = ORIENTED_EDGE('',*,*,#4099,.T.);
#4121 = ORIENTED_EDGE('',*,*,#4122,.T.);
#4122 = EDGE_CURVE('',#4092,#4123,#4125,.T.);
#4123 = VERTEX_POINT('',#4124);
#4124 = CARTESIAN_POINT('',(74.9953,-43.32945,1.55));
#4125 = LINE('',#4126,#4127);
#4126 = CARTESIAN_POINT('',(74.0047,-43.32945,1.55));
#4127 = VECTOR('',#4128,1.);
#4128 = DIRECTION('',(1.,0.,0.));
#4129 = ORIENTED_EDGE('',*,*,#4130,.F.);
#4130 = EDGE_CURVE('',#4131,#4123,#4133,.T.);
#4131 = VERTEX_POINT('',#4132);
#4132 = CARTESIAN_POINT('',(74.9953,-43.32945,1.51));
#4133 = LINE('',#4134,#4135);
#4134 = CARTESIAN_POINT('',(74.9953,-43.32945,1.51));
#4135 = VECTOR('',#4136,1.);
#4136 = DIRECTION('',(0.,0.,1.));
#4137 = ORIENTED_EDGE('',*,*,#4138,.F.);
#4138 = EDGE_CURVE('',#4100,#4131,#4139,.T.);
#4139 = LINE('',#4140,#4141);
#4140 = CARTESIAN_POINT('',(74.0047,-43.32945,1.51));
#4141 = VECTOR('',#4142,1.);
#4142 = DIRECTION('',(1.,0.,0.));
#4143 = PLANE('',#4144);
#4144 = AXIS2_PLACEMENT_3D('',#4145,#4146,#4147);
#4145 = CARTESIAN_POINT('',(74.0047,-43.32945,1.51));
#4146 = DIRECTION('',(0.,1.,0.));
#4147 = DIRECTION('',(1.,0.,0.));
#4148 = ADVANCED_FACE('',(#4149),#4174,.T.);
#4149 = FACE_BOUND('',#4150,.T.);
#4150 = EDGE_LOOP('',(#4151,#4152,#4160,#4168));
#4151 = ORIENTED_EDGE('',*,*,#4130,.T.);
#4152 = ORIENTED_EDGE('',*,*,#4153,.T.);
#4153 = EDGE_CURVE('',#4123,#4154,#4156,.T.);
#4154 = VERTEX_POINT('',#4155);
#4155 = CARTESIAN_POINT('',(74.9953,-46.02185,1.55));
#4156 = LINE('',#4157,#4158);
#4157 = CARTESIAN_POINT('',(74.9953,-43.32945,1.55));
#4158 = VECTOR('',#4159,1.);
#4159 = DIRECTION('',(0.,-1.,0.));
#4160 = ORIENTED_EDGE('',*,*,#4161,.F.);
#4161 = EDGE_CURVE('',#4162,#4154,#4164,.T.);
#4162 = VERTEX_POINT('',#4163);
#4163 = CARTESIAN_POINT('',(74.9953,-46.02185,1.51));
#4164 = LINE('',#4165,#4166);
#4165 = CARTESIAN_POINT('',(74.9953,-46.02185,1.51));
#4166 = VECTOR('',#4167,1.);
#4167 = DIRECTION('',(0.,0.,1.));
#4168 = ORIENTED_EDGE('',*,*,#4169,.F.);
#4169 = EDGE_CURVE('',#4131,#4162,#4170,.T.);
#4170 = LINE('',#4171,#4172);
#4171 = CARTESIAN_POINT('',(74.9953,-43.32945,1.51));
#4172 = VECTOR('',#4173,1.);
#4173 = DIRECTION('',(0.,-1.,0.));
#4174 = PLANE('',#4175);
#4175 = AXIS2_PLACEMENT_3D('',#4176,#4177,#4178);
#4176 = CARTESIAN_POINT('',(74.9953,-43.32945,1.51));
#4177 = DIRECTION('',(1.,0.,-0.));
#4178 = DIRECTION('',(0.,-1.,0.));
#4179 = ADVANCED_FACE('',(#4180),#4196,.T.);
#4180 = FACE_BOUND('',#4181,.T.);
#4181 = EDGE_LOOP('',(#4182,#4183,#4189,#4190));
#4182 = ORIENTED_EDGE('',*,*,#4161,.T.);
#4183 = ORIENTED_EDGE('',*,*,#4184,.T.);
#4184 = EDGE_CURVE('',#4154,#4084,#4185,.T.);
#4185 = LINE('',#4186,#4187);
#4186 = CARTESIAN_POINT('',(74.9953,-46.02185,1.55));
#4187 = VECTOR('',#4188,1.);
#4188 = DIRECTION('',(-1.,0.,0.));
#4189 = ORIENTED_EDGE('',*,*,#4081,.F.);
#4190 = ORIENTED_EDGE('',*,*,#4191,.F.);
#4191 = EDGE_CURVE('',#4162,#4082,#4192,.T.);
#4192 = LINE('',#4193,#4194);
#4193 = CARTESIAN_POINT('',(74.9953,-46.02185,1.51));
#4194 = VECTOR('',#4195,1.);
#4195 = DIRECTION('',(-1.,0.,0.));
#4196 = PLANE('',#4197);
#4197 = AXIS2_PLACEMENT_3D('',#4198,#4199,#4200);
#4198 = CARTESIAN_POINT('',(74.9953,-46.02185,1.51));
#4199 = DIRECTION('',(0.,-1.,0.));
#4200 = DIRECTION('',(-1.,0.,0.));
#4201 = ADVANCED_FACE('',(#4202),#4208,.F.);
#4202 = FACE_BOUND('',#4203,.T.);
#4203 = EDGE_LOOP('',(#4204,#4205,#4206,#4207));
#4204 = ORIENTED_EDGE('',*,*,#4107,.T.);
#4205 = ORIENTED_EDGE('',*,*,#4138,.T.);
#4206 = ORIENTED_EDGE('',*,*,#4169,.T.);
#4207 = ORIENTED_EDGE('',*,*,#4191,.T.);
#4208 = PLANE('',#4209);
#4209 = AXIS2_PLACEMENT_3D('',#4210,#4211,#4212);
#4210 = CARTESIAN_POINT('',(0.,0.,1.51));
#4211 = DIRECTION('',(0.,0.,1.));
#4212 = DIRECTION('',(1.,0.,-0.));
#4213 = ADVANCED_FACE('',(#4214),#4220,.T.);
#4214 = FACE_BOUND('',#4215,.F.);
#4215 = EDGE_LOOP('',(#4216,#4217,#4218,#4219));
#4216 = ORIENTED_EDGE('',*,*,#4091,.T.);
#4217 = ORIENTED_EDGE('',*,*,#4122,.T.);
#4218 = ORIENTED_EDGE('',*,*,#4153,.T.);
#4219 = ORIENTED_EDGE('',*,*,#4184,.T.);
#4220 = PLANE('',#4221);
#4221 = AXIS2_PLACEMENT_3D('',#4222,#4223,#4224);
#4222 = CARTESIAN_POINT('',(0.,0.,1.55));
#4223 = DIRECTION('',(0.,0.,1.));
#4224 = DIRECTION('',(1.,0.,-0.));
#4225 = MANIFOLD_SOLID_BREP('',#4226);
#4226 = CLOSED_SHELL('',(#4227,#4269,#4300,#4333,#4364,#4397,#4428,#4461
    ,#4483,#4499));
#4227 = ADVANCED_FACE('',(#4228),#4264,.T.);
#4228 = FACE_BOUND('',#4229,.T.);
#4229 = EDGE_LOOP('',(#4230,#4240,#4249,#4257));
#4230 = ORIENTED_EDGE('',*,*,#4231,.T.);
#4231 = EDGE_CURVE('',#4232,#4234,#4236,.T.);
#4232 = VERTEX_POINT('',#4233);
#4233 = CARTESIAN_POINT('',(67.7828,-39.55065,1.51));
#4234 = VERTEX_POINT('',#4235);
#4235 = CARTESIAN_POINT('',(67.7828,-39.55065,1.55));
#4236 = LINE('',#4237,#4238);
#4237 = CARTESIAN_POINT('',(67.7828,-39.55065,1.51));
#4238 = VECTOR('',#4239,1.);
#4239 = DIRECTION('',(0.,0.,1.));
#4240 = ORIENTED_EDGE('',*,*,#4241,.T.);
#4241 = EDGE_CURVE('',#4234,#4242,#4244,.T.);
#4242 = VERTEX_POINT('',#4243);
#4243 = CARTESIAN_POINT('',(68.0328,-39.30065,1.55));
#4244 = CIRCLE('',#4245,0.249998959685);
#4245 = AXIS2_PLACEMENT_3D('',#4246,#4247,#4248);
#4246 = CARTESIAN_POINT('',(68.032798959683,-39.55064895968,1.55));
#4247 = DIRECTION('',(0.,0.,-1.));
#4248 = DIRECTION('',(-0.999999999991,-4.161285808644E-06,-0.));
#4249 = ORIENTED_EDGE('',*,*,#4250,.F.);
#4250 = EDGE_CURVE('',#4251,#4242,#4253,.T.);
#4251 = VERTEX_POINT('',#4252);
#4252 = CARTESIAN_POINT('',(68.0328,-39.30065,1.51));
#4253 = LINE('',#4254,#4255);
#4254 = CARTESIAN_POINT('',(68.0328,-39.30065,1.51));
#4255 = VECTOR('',#4256,1.);
#4256 = DIRECTION('',(0.,0.,1.));
#4257 = ORIENTED_EDGE('',*,*,#4258,.F.);
#4258 = EDGE_CURVE('',#4232,#4251,#4259,.T.);
#4259 = CIRCLE('',#4260,0.249998959685);
#4260 = AXIS2_PLACEMENT_3D('',#4261,#4262,#4263);
#4261 = CARTESIAN_POINT('',(68.032798959683,-39.55064895968,1.51));
#4262 = DIRECTION('',(0.,0.,-1.));
#4263 = DIRECTION('',(-0.999999999991,-4.161285808644E-06,-0.));
#4264 = CYLINDRICAL_SURFACE('',#4265,0.249998959685);
#4265 = AXIS2_PLACEMENT_3D('',#4266,#4267,#4268);
#4266 = CARTESIAN_POINT('',(68.032798959683,-39.55064895968,1.51));
#4267 = DIRECTION('',(0.,0.,-1.));
#4268 = DIRECTION('',(-0.999999999991,-4.161285808644E-06,-0.));
#4269 = ADVANCED_FACE('',(#4270),#4295,.T.);
#4270 = FACE_BOUND('',#4271,.T.);
#4271 = EDGE_LOOP('',(#4272,#4273,#4281,#4289));
#4272 = ORIENTED_EDGE('',*,*,#4250,.T.);
#4273 = ORIENTED_EDGE('',*,*,#4274,.T.);
#4274 = EDGE_CURVE('',#4242,#4275,#4277,.T.);
#4275 = VERTEX_POINT('',#4276);
#4276 = CARTESIAN_POINT('',(68.7828,-39.30065,1.55));
#4277 = LINE('',#4278,#4279);
#4278 = CARTESIAN_POINT('',(68.0328,-39.30065,1.55));
#4279 = VECTOR('',#4280,1.);
#4280 = DIRECTION('',(1.,0.,0.));
#4281 = ORIENTED_EDGE('',*,*,#4282,.F.);
#4282 = EDGE_CURVE('',#4283,#4275,#4285,.T.);
#4283 = VERTEX_POINT('',#4284);
#4284 = CARTESIAN_POINT('',(68.7828,-39.30065,1.51));
#4285 = LINE('',#4286,#4287);
#4286 = CARTESIAN_POINT('',(68.7828,-39.30065,1.51));
#4287 = VECTOR('',#4288,1.);
#4288 = DIRECTION('',(0.,0.,1.));
#4289 = ORIENTED_EDGE('',*,*,#4290,.F.);
#4290 = EDGE_CURVE('',#4251,#4283,#4291,.T.);
#4291 = LINE('',#4292,#4293);
#4292 = CARTESIAN_POINT('',(68.0328,-39.30065,1.51));
#4293 = VECTOR('',#4294,1.);
#4294 = DIRECTION('',(1.,0.,0.));
#4295 = PLANE('',#4296);
#4296 = AXIS2_PLACEMENT_3D('',#4297,#4298,#4299);
#4297 = CARTESIAN_POINT('',(68.0328,-39.30065,1.51));
#4298 = DIRECTION('',(0.,1.,0.));
#4299 = DIRECTION('',(1.,0.,0.));
#4300 = ADVANCED_FACE('',(#4301),#4328,.T.);
#4301 = FACE_BOUND('',#4302,.T.);
#4302 = EDGE_LOOP('',(#4303,#4304,#4313,#4321));
#4303 = ORIENTED_EDGE('',*,*,#4282,.T.);
#4304 = ORIENTED_EDGE('',*,*,#4305,.T.);
#4305 = EDGE_CURVE('',#4275,#4306,#4308,.T.);
#4306 = VERTEX_POINT('',#4307);
#4307 = CARTESIAN_POINT('',(69.0328,-39.55065,1.55));
#4308 = CIRCLE('',#4309,0.249998959685);
#4309 = AXIS2_PLACEMENT_3D('',#4310,#4311,#4312);
#4310 = CARTESIAN_POINT('',(68.782801040317,-39.55064895968,1.55));
#4311 = DIRECTION('',(0.,0.,-1.));
#4312 = DIRECTION('',(-4.161285780223E-06,0.999999999991,0.));
#4313 = ORIENTED_EDGE('',*,*,#4314,.F.);
#4314 = EDGE_CURVE('',#4315,#4306,#4317,.T.);
#4315 = VERTEX_POINT('',#4316);
#4316 = CARTESIAN_POINT('',(69.0328,-39.55065,1.51));
#4317 = LINE('',#4318,#4319);
#4318 = CARTESIAN_POINT('',(69.0328,-39.55065,1.51));
#4319 = VECTOR('',#4320,1.);
#4320 = DIRECTION('',(0.,0.,1.));
#4321 = ORIENTED_EDGE('',*,*,#4322,.F.);
#4322 = EDGE_CURVE('',#4283,#4315,#4323,.T.);
#4323 = CIRCLE('',#4324,0.249998959685);
#4324 = AXIS2_PLACEMENT_3D('',#4325,#4326,#4327);
#4325 = CARTESIAN_POINT('',(68.782801040317,-39.55064895968,1.51));
#4326 = DIRECTION('',(0.,0.,-1.));
#4327 = DIRECTION('',(-4.161285780223E-06,0.999999999991,0.));
#4328 = CYLINDRICAL_SURFACE('',#4329,0.249998959685);
#4329 = AXIS2_PLACEMENT_3D('',#4330,#4331,#4332);
#4330 = CARTESIAN_POINT('',(68.782801040317,-39.55064895968,1.51));
#4331 = DIRECTION('',(0.,0.,-1.));
#4332 = DIRECTION('',(-4.161285780223E-06,0.999999999991,0.));
#4333 = ADVANCED_FACE('',(#4334),#4359,.T.);
#4334 = FACE_BOUND('',#4335,.T.);
#4335 = EDGE_LOOP('',(#4336,#4337,#4345,#4353));
#4336 = ORIENTED_EDGE('',*,*,#4314,.T.);
#4337 = ORIENTED_EDGE('',*,*,#4338,.T.);
#4338 = EDGE_CURVE('',#4306,#4339,#4341,.T.);
#4339 = VERTEX_POINT('',#4340);
#4340 = CARTESIAN_POINT('',(69.0328,-40.80065,1.55));
#4341 = LINE('',#4342,#4343);
#4342 = CARTESIAN_POINT('',(69.0328,-39.55065,1.55));
#4343 = VECTOR('',#4344,1.);
#4344 = DIRECTION('',(0.,-1.,0.));
#4345 = ORIENTED_EDGE('',*,*,#4346,.F.);
#4346 = EDGE_CURVE('',#4347,#4339,#4349,.T.);
#4347 = VERTEX_POINT('',#4348);
#4348 = CARTESIAN_POINT('',(69.0328,-40.80065,1.51));
#4349 = LINE('',#4350,#4351);
#4350 = CARTESIAN_POINT('',(69.0328,-40.80065,1.51));
#4351 = VECTOR('',#4352,1.);
#4352 = DIRECTION('',(0.,0.,1.));
#4353 = ORIENTED_EDGE('',*,*,#4354,.F.);
#4354 = EDGE_CURVE('',#4315,#4347,#4355,.T.);
#4355 = LINE('',#4356,#4357);
#4356 = CARTESIAN_POINT('',(69.0328,-39.55065,1.51));
#4357 = VECTOR('',#4358,1.);
#4358 = DIRECTION('',(0.,-1.,0.));
#4359 = PLANE('',#4360);
#4360 = AXIS2_PLACEMENT_3D('',#4361,#4362,#4363);
#4361 = CARTESIAN_POINT('',(69.0328,-39.55065,1.51));
#4362 = DIRECTION('',(1.,0.,-0.));
#4363 = DIRECTION('',(0.,-1.,0.));
#4364 = ADVANCED_FACE('',(#4365),#4392,.T.);
#4365 = FACE_BOUND('',#4366,.T.);
#4366 = EDGE_LOOP('',(#4367,#4368,#4377,#4385));
#4367 = ORIENTED_EDGE('',*,*,#4346,.T.);
#4368 = ORIENTED_EDGE('',*,*,#4369,.T.);
#4369 = EDGE_CURVE('',#4339,#4370,#4372,.T.);
#4370 = VERTEX_POINT('',#4371);
#4371 = CARTESIAN_POINT('',(68.7828,-41.05065,1.55));
#4372 = CIRCLE('',#4373,0.249998959685);
#4373 = AXIS2_PLACEMENT_3D('',#4374,#4375,#4376);
#4374 = CARTESIAN_POINT('',(68.782801040317,-40.80065104031,1.55));
#4375 = DIRECTION('',(0.,0.,-1.));
#4376 = DIRECTION('',(0.999999999991,4.161285837066E-06,0.));
#4377 = ORIENTED_EDGE('',*,*,#4378,.F.);
#4378 = EDGE_CURVE('',#4379,#4370,#4381,.T.);
#4379 = VERTEX_POINT('',#4380);
#4380 = CARTESIAN_POINT('',(68.7828,-41.05065,1.51));
#4381 = LINE('',#4382,#4383);
#4382 = CARTESIAN_POINT('',(68.7828,-41.05065,1.51));
#4383 = VECTOR('',#4384,1.);
#4384 = DIRECTION('',(0.,0.,1.));
#4385 = ORIENTED_EDGE('',*,*,#4386,.F.);
#4386 = EDGE_CURVE('',#4347,#4379,#4387,.T.);
#4387 = CIRCLE('',#4388,0.249998959685);
#4388 = AXIS2_PLACEMENT_3D('',#4389,#4390,#4391);
#4389 = CARTESIAN_POINT('',(68.782801040317,-40.80065104031,1.51));
#4390 = DIRECTION('',(0.,0.,-1.));
#4391 = DIRECTION('',(0.999999999991,4.161285837066E-06,0.));
#4392 = CYLINDRICAL_SURFACE('',#4393,0.249998959685);
#4393 = AXIS2_PLACEMENT_3D('',#4394,#4395,#4396);
#4394 = CARTESIAN_POINT('',(68.782801040317,-40.80065104031,1.51));
#4395 = DIRECTION('',(0.,0.,-1.));
#4396 = DIRECTION('',(0.999999999991,4.161285837066E-06,0.));
#4397 = ADVANCED_FACE('',(#4398),#4423,.T.);
#4398 = FACE_BOUND('',#4399,.T.);
#4399 = EDGE_LOOP('',(#4400,#4401,#4409,#4417));
#4400 = ORIENTED_EDGE('',*,*,#4378,.T.);
#4401 = ORIENTED_EDGE('',*,*,#4402,.T.);
#4402 = EDGE_CURVE('',#4370,#4403,#4405,.T.);
#4403 = VERTEX_POINT('',#4404);
#4404 = CARTESIAN_POINT('',(68.0328,-41.05065,1.55));
#4405 = LINE('',#4406,#4407);
#4406 = CARTESIAN_POINT('',(68.7828,-41.05065,1.55));
#4407 = VECTOR('',#4408,1.);
#4408 = DIRECTION('',(-1.,0.,0.));
#4409 = ORIENTED_EDGE('',*,*,#4410,.F.);
#4410 = EDGE_CURVE('',#4411,#4403,#4413,.T.);
#4411 = VERTEX_POINT('',#4412);
#4412 = CARTESIAN_POINT('',(68.0328,-41.05065,1.51));
#4413 = LINE('',#4414,#4415);
#4414 = CARTESIAN_POINT('',(68.0328,-41.05065,1.51));
#4415 = VECTOR('',#4416,1.);
#4416 = DIRECTION('',(0.,0.,1.));
#4417 = ORIENTED_EDGE('',*,*,#4418,.F.);
#4418 = EDGE_CURVE('',#4379,#4411,#4419,.T.);
#4419 = LINE('',#4420,#4421);
#4420 = CARTESIAN_POINT('',(68.7828,-41.05065,1.51));
#4421 = VECTOR('',#4422,1.);
#4422 = DIRECTION('',(-1.,0.,0.));
#4423 = PLANE('',#4424);
#4424 = AXIS2_PLACEMENT_3D('',#4425,#4426,#4427);
#4425 = CARTESIAN_POINT('',(68.7828,-41.05065,1.51));
#4426 = DIRECTION('',(0.,-1.,0.));
#4427 = DIRECTION('',(-1.,0.,0.));
#4428 = ADVANCED_FACE('',(#4429),#4456,.T.);
#4429 = FACE_BOUND('',#4430,.T.);
#4430 = EDGE_LOOP('',(#4431,#4432,#4441,#4449));
#4431 = ORIENTED_EDGE('',*,*,#4410,.T.);
#4432 = ORIENTED_EDGE('',*,*,#4433,.T.);
#4433 = EDGE_CURVE('',#4403,#4434,#4436,.T.);
#4434 = VERTEX_POINT('',#4435);
#4435 = CARTESIAN_POINT('',(67.7828,-40.80065,1.55));
#4436 = CIRCLE('',#4437,0.249998959685);
#4437 = AXIS2_PLACEMENT_3D('',#4438,#4439,#4440);
#4438 = CARTESIAN_POINT('',(68.032798959683,-40.80065104031,1.55));
#4439 = DIRECTION('',(0.,0.,-1.));
#4440 = DIRECTION('',(4.161285837066E-06,-0.999999999991,0.));
#4441 = ORIENTED_EDGE('',*,*,#4442,.F.);
#4442 = EDGE_CURVE('',#4443,#4434,#4445,.T.);
#4443 = VERTEX_POINT('',#4444);
#4444 = CARTESIAN_POINT('',(67.7828,-40.80065,1.51));
#4445 = LINE('',#4446,#4447);
#4446 = CARTESIAN_POINT('',(67.7828,-40.80065,1.51));
#4447 = VECTOR('',#4448,1.);
#4448 = DIRECTION('',(0.,0.,1.));
#4449 = ORIENTED_EDGE('',*,*,#4450,.F.);
#4450 = EDGE_CURVE('',#4411,#4443,#4451,.T.);
#4451 = CIRCLE('',#4452,0.249998959685);
#4452 = AXIS2_PLACEMENT_3D('',#4453,#4454,#4455);
#4453 = CARTESIAN_POINT('',(68.032798959683,-40.80065104031,1.51));
#4454 = DIRECTION('',(0.,0.,-1.));
#4455 = DIRECTION('',(4.161285837066E-06,-0.999999999991,0.));
#4456 = CYLINDRICAL_SURFACE('',#4457,0.249998959685);
#4457 = AXIS2_PLACEMENT_3D('',#4458,#4459,#4460);
#4458 = CARTESIAN_POINT('',(68.032798959683,-40.80065104031,1.51));
#4459 = DIRECTION('',(0.,0.,-1.));
#4460 = DIRECTION('',(4.161285837066E-06,-0.999999999991,0.));
#4461 = ADVANCED_FACE('',(#4462),#4478,.T.);
#4462 = FACE_BOUND('',#4463,.T.);
#4463 = EDGE_LOOP('',(#4464,#4465,#4471,#4472));
#4464 = ORIENTED_EDGE('',*,*,#4442,.T.);
#4465 = ORIENTED_EDGE('',*,*,#4466,.T.);
#4466 = EDGE_CURVE('',#4434,#4234,#4467,.T.);
#4467 = LINE('',#4468,#4469);
#4468 = CARTESIAN_POINT('',(67.7828,-40.80065,1.55));
#4469 = VECTOR('',#4470,1.);
#4470 = DIRECTION('',(0.,1.,0.));
#4471 = ORIENTED_EDGE('',*,*,#4231,.F.);
#4472 = ORIENTED_EDGE('',*,*,#4473,.F.);
#4473 = EDGE_CURVE('',#4443,#4232,#4474,.T.);
#4474 = LINE('',#4475,#4476);
#4475 = CARTESIAN_POINT('',(67.7828,-40.80065,1.51));
#4476 = VECTOR('',#4477,1.);
#4477 = DIRECTION('',(0.,1.,0.));
#4478 = PLANE('',#4479);
#4479 = AXIS2_PLACEMENT_3D('',#4480,#4481,#4482);
#4480 = CARTESIAN_POINT('',(67.7828,-40.80065,1.51));
#4481 = DIRECTION('',(-1.,0.,0.));
#4482 = DIRECTION('',(0.,1.,0.));
#4483 = ADVANCED_FACE('',(#4484),#4494,.F.);
#4484 = FACE_BOUND('',#4485,.T.);
#4485 = EDGE_LOOP('',(#4486,#4487,#4488,#4489,#4490,#4491,#4492,#4493));
#4486 = ORIENTED_EDGE('',*,*,#4258,.T.);
#4487 = ORIENTED_EDGE('',*,*,#4290,.T.);
#4488 = ORIENTED_EDGE('',*,*,#4322,.T.);
#4489 = ORIENTED_EDGE('',*,*,#4354,.T.);
#4490 = ORIENTED_EDGE('',*,*,#4386,.T.);
#4491 = ORIENTED_EDGE('',*,*,#4418,.T.);
#4492 = ORIENTED_EDGE('',*,*,#4450,.T.);
#4493 = ORIENTED_EDGE('',*,*,#4473,.T.);
#4494 = PLANE('',#4495);
#4495 = AXIS2_PLACEMENT_3D('',#4496,#4497,#4498);
#4496 = CARTESIAN_POINT('',(0.,0.,1.51));
#4497 = DIRECTION('',(0.,0.,1.));
#4498 = DIRECTION('',(1.,0.,-0.));
#4499 = ADVANCED_FACE('',(#4500),#4510,.T.);
#4500 = FACE_BOUND('',#4501,.F.);
#4501 = EDGE_LOOP('',(#4502,#4503,#4504,#4505,#4506,#4507,#4508,#4509));
#4502 = ORIENTED_EDGE('',*,*,#4241,.T.);
#4503 = ORIENTED_EDGE('',*,*,#4274,.T.);
#4504 = ORIENTED_EDGE('',*,*,#4305,.T.);
#4505 = ORIENTED_EDGE('',*,*,#4338,.T.);
#4506 = ORIENTED_EDGE('',*,*,#4369,.T.);
#4507 = ORIENTED_EDGE('',*,*,#4402,.T.);
#4508 = ORIENTED_EDGE('',*,*,#4433,.T.);
#4509 = ORIENTED_EDGE('',*,*,#4466,.T.);
#4510 = PLANE('',#4511);
#4511 = AXIS2_PLACEMENT_3D('',#4512,#4513,#4514);
#4512 = CARTESIAN_POINT('',(0.,0.,1.55));
#4513 = DIRECTION('',(0.,0.,1.));
#4514 = DIRECTION('',(1.,0.,-0.));
#4515 = MANIFOLD_SOLID_BREP('',#4516);
#4516 = CLOSED_SHELL('',(#4517,#4550,#4570,#4590));
#4517 = ADVANCED_FACE('',(#4518),#4545,.T.);
#4518 = FACE_BOUND('',#4519,.F.);
#4519 = EDGE_LOOP('',(#4520,#4530,#4537,#4538));
#4520 = ORIENTED_EDGE('',*,*,#4521,.T.);
#4521 = EDGE_CURVE('',#4522,#4524,#4526,.T.);
#4522 = VERTEX_POINT('',#4523);
#4523 = CARTESIAN_POINT('',(71.6078,-44.67565,1.51));
#4524 = VERTEX_POINT('',#4525);
#4525 = CARTESIAN_POINT('',(71.6078,-44.67565,1.55));
#4526 = LINE('',#4527,#4528);
#4527 = CARTESIAN_POINT('',(71.6078,-44.67565,1.51));
#4528 = VECTOR('',#4529,1.);
#4529 = DIRECTION('',(0.,0.,1.));
#4530 = ORIENTED_EDGE('',*,*,#4531,.T.);
#4531 = EDGE_CURVE('',#4524,#4524,#4532,.T.);
#4532 = CIRCLE('',#4533,2.2);
#4533 = AXIS2_PLACEMENT_3D('',#4534,#4535,#4536);
#4534 = CARTESIAN_POINT('',(69.4078,-44.67565,1.55));
#4535 = DIRECTION('',(0.,0.,1.));
#4536 = DIRECTION('',(1.,0.,-0.));
#4537 = ORIENTED_EDGE('',*,*,#4521,.F.);
#4538 = ORIENTED_EDGE('',*,*,#4539,.F.);
#4539 = EDGE_CURVE('',#4522,#4522,#4540,.T.);
#4540 = CIRCLE('',#4541,2.2);
#4541 = AXIS2_PLACEMENT_3D('',#4542,#4543,#4544);
#4542 = CARTESIAN_POINT('',(69.4078,-44.67565,1.51));
#4543 = DIRECTION('',(0.,0.,1.));
#4544 = DIRECTION('',(1.,0.,-0.));
#4545 = CYLINDRICAL_SURFACE('',#4546,2.2);
#4546 = AXIS2_PLACEMENT_3D('',#4547,#4548,#4549);
#4547 = CARTESIAN_POINT('',(69.4078,-44.67565,1.51));
#4548 = DIRECTION('',(-0.,-0.,-1.));
#4549 = DIRECTION('',(1.,0.,-0.));
#4550 = ADVANCED_FACE('',(#4551,#4554),#4565,.F.);
#4551 = FACE_BOUND('',#4552,.F.);
#4552 = EDGE_LOOP('',(#4553));
#4553 = ORIENTED_EDGE('',*,*,#4539,.T.);
#4554 = FACE_BOUND('',#4555,.F.);
#4555 = EDGE_LOOP('',(#4556));
#4556 = ORIENTED_EDGE('',*,*,#4557,.T.);
#4557 = EDGE_CURVE('',#4558,#4558,#4560,.T.);
#4558 = VERTEX_POINT('',#4559);
#4559 = CARTESIAN_POINT('',(69.4078,-45.75065,1.51));
#4560 = CIRCLE('',#4561,1.075);
#4561 = AXIS2_PLACEMENT_3D('',#4562,#4563,#4564);
#4562 = CARTESIAN_POINT('',(69.4078,-44.67565,1.51));
#4563 = DIRECTION('',(-0.,0.,-1.));
#4564 = DIRECTION('',(-1.321939973507E-14,-1.,0.));
#4565 = PLANE('',#4566);
#4566 = AXIS2_PLACEMENT_3D('',#4567,#4568,#4569);
#4567 = CARTESIAN_POINT('',(0.,0.,1.51));
#4568 = DIRECTION('',(0.,0.,1.));
#4569 = DIRECTION('',(1.,0.,-0.));
#4570 = ADVANCED_FACE('',(#4571,#4574),#4585,.T.);
#4571 = FACE_BOUND('',#4572,.T.);
#4572 = EDGE_LOOP('',(#4573));
#4573 = ORIENTED_EDGE('',*,*,#4531,.T.);
#4574 = FACE_BOUND('',#4575,.T.);
#4575 = EDGE_LOOP('',(#4576));
#4576 = ORIENTED_EDGE('',*,*,#4577,.T.);
#4577 = EDGE_CURVE('',#4578,#4578,#4580,.T.);
#4578 = VERTEX_POINT('',#4579);
#4579 = CARTESIAN_POINT('',(69.4078,-45.75065,1.55));
#4580 = CIRCLE('',#4581,1.075);
#4581 = AXIS2_PLACEMENT_3D('',#4582,#4583,#4584);
#4582 = CARTESIAN_POINT('',(69.4078,-44.67565,1.55));
#4583 = DIRECTION('',(-0.,0.,-1.));
#4584 = DIRECTION('',(-1.321939973507E-14,-1.,0.));
#4585 = PLANE('',#4586);
#4586 = AXIS2_PLACEMENT_3D('',#4587,#4588,#4589);
#4587 = CARTESIAN_POINT('',(0.,0.,1.55));
#4588 = DIRECTION('',(0.,0.,1.));
#4589 = DIRECTION('',(1.,0.,-0.));
#4590 = ADVANCED_FACE('',(#4591),#4602,.F.);
#4591 = FACE_BOUND('',#4592,.T.);
#4592 = EDGE_LOOP('',(#4593,#4594,#4600,#4601));
#4593 = ORIENTED_EDGE('',*,*,#4557,.T.);
#4594 = ORIENTED_EDGE('',*,*,#4595,.T.);
#4595 = EDGE_CURVE('',#4558,#4578,#4596,.T.);
#4596 = LINE('',#4597,#4598);
#4597 = CARTESIAN_POINT('',(69.4078,-45.75065,-4.6E-02));
#4598 = VECTOR('',#4599,1.);
#4599 = DIRECTION('',(0.,0.,1.));
#4600 = ORIENTED_EDGE('',*,*,#4577,.F.);
#4601 = ORIENTED_EDGE('',*,*,#4595,.F.);
#4602 = CYLINDRICAL_SURFACE('',#4603,1.075);
#4603 = AXIS2_PLACEMENT_3D('',#4604,#4605,#4606);
#4604 = CARTESIAN_POINT('',(69.4078,-44.67565,-4.6E-02));
#4605 = DIRECTION('',(-0.,-0.,-1.));
#4606 = DIRECTION('',(-1.321939973507E-14,-1.,0.));
#4607 = MANIFOLD_SOLID_BREP('',#4608);
#4608 = CLOSED_SHELL('',(#4609,#4642,#4662,#4682));
#4609 = ADVANCED_FACE('',(#4610),#4637,.T.);
#4610 = FACE_BOUND('',#4611,.T.);
#4611 = EDGE_LOOP('',(#4612,#4622,#4629,#4630));
#4612 = ORIENTED_EDGE('',*,*,#4613,.T.);
#4613 = EDGE_CURVE('',#4614,#4616,#4618,.T.);
#4614 = VERTEX_POINT('',#4615);
#4615 = CARTESIAN_POINT('',(71.6078,-44.67565,0.));
#4616 = VERTEX_POINT('',#4617);
#4617 = CARTESIAN_POINT('',(71.6078,-44.67565,-4.E-02));
#4618 = LINE('',#4619,#4620);
#4619 = CARTESIAN_POINT('',(71.6078,-44.67565,0.));
#4620 = VECTOR('',#4621,1.);
#4621 = DIRECTION('',(0.,0.,-1.));
#4622 = ORIENTED_EDGE('',*,*,#4623,.T.);
#4623 = EDGE_CURVE('',#4616,#4616,#4624,.T.);
#4624 = CIRCLE('',#4625,2.2);
#4625 = AXIS2_PLACEMENT_3D('',#4626,#4627,#4628);
#4626 = CARTESIAN_POINT('',(69.4078,-44.67565,-4.E-02));
#4627 = DIRECTION('',(0.,0.,1.));
#4628 = DIRECTION('',(1.,0.,-0.));
#4629 = ORIENTED_EDGE('',*,*,#4613,.F.);
#4630 = ORIENTED_EDGE('',*,*,#4631,.F.);
#4631 = EDGE_CURVE('',#4614,#4614,#4632,.T.);
#4632 = CIRCLE('',#4633,2.2);
#4633 = AXIS2_PLACEMENT_3D('',#4634,#4635,#4636);
#4634 = CARTESIAN_POINT('',(69.4078,-44.67565,0.));
#4635 = DIRECTION('',(0.,0.,1.));
#4636 = DIRECTION('',(1.,0.,-0.));
#4637 = CYLINDRICAL_SURFACE('',#4638,2.2);
#4638 = AXIS2_PLACEMENT_3D('',#4639,#4640,#4641);
#4639 = CARTESIAN_POINT('',(69.4078,-44.67565,0.));
#4640 = DIRECTION('',(0.,0.,1.));
#4641 = DIRECTION('',(1.,0.,-0.));
#4642 = ADVANCED_FACE('',(#4643,#4646),#4657,.F.);
#4643 = FACE_BOUND('',#4644,.F.);
#4644 = EDGE_LOOP('',(#4645));
#4645 = ORIENTED_EDGE('',*,*,#4631,.F.);
#4646 = FACE_BOUND('',#4647,.F.);
#4647 = EDGE_LOOP('',(#4648));
#4648 = ORIENTED_EDGE('',*,*,#4649,.F.);
#4649 = EDGE_CURVE('',#4650,#4650,#4652,.T.);
#4650 = VERTEX_POINT('',#4651);
#4651 = CARTESIAN_POINT('',(69.4078,-45.75065,0.));
#4652 = CIRCLE('',#4653,1.075);
#4653 = AXIS2_PLACEMENT_3D('',#4654,#4655,#4656);
#4654 = CARTESIAN_POINT('',(69.4078,-44.67565,0.));
#4655 = DIRECTION('',(-0.,0.,-1.));
#4656 = DIRECTION('',(-1.321939973507E-14,-1.,0.));
#4657 = PLANE('',#4658);
#4658 = AXIS2_PLACEMENT_3D('',#4659,#4660,#4661);
#4659 = CARTESIAN_POINT('',(0.,0.,0.));
#4660 = DIRECTION('',(-0.,-0.,-1.));
#4661 = DIRECTION('',(-1.,0.,0.));
#4662 = ADVANCED_FACE('',(#4663,#4666),#4677,.T.);
#4663 = FACE_BOUND('',#4664,.T.);
#4664 = EDGE_LOOP('',(#4665));
#4665 = ORIENTED_EDGE('',*,*,#4623,.F.);
#4666 = FACE_BOUND('',#4667,.T.);
#4667 = EDGE_LOOP('',(#4668));
#4668 = ORIENTED_EDGE('',*,*,#4669,.F.);
#4669 = EDGE_CURVE('',#4670,#4670,#4672,.T.);
#4670 = VERTEX_POINT('',#4671);
#4671 = CARTESIAN_POINT('',(69.4078,-45.75065,-4.E-02));
#4672 = CIRCLE('',#4673,1.075);
#4673 = AXIS2_PLACEMENT_3D('',#4674,#4675,#4676);
#4674 = CARTESIAN_POINT('',(69.4078,-44.67565,-4.E-02));
#4675 = DIRECTION('',(-0.,0.,-1.));
#4676 = DIRECTION('',(-1.321939973507E-14,-1.,0.));
#4677 = PLANE('',#4678);
#4678 = AXIS2_PLACEMENT_3D('',#4679,#4680,#4681);
#4679 = CARTESIAN_POINT('',(0.,0.,-4.E-02));
#4680 = DIRECTION('',(-0.,-0.,-1.));
#4681 = DIRECTION('',(-1.,0.,0.));
#4682 = ADVANCED_FACE('',(#4683),#4694,.F.);
#4683 = FACE_BOUND('',#4684,.T.);
#4684 = EDGE_LOOP('',(#4685,#4686,#4692,#4693));
#4685 = ORIENTED_EDGE('',*,*,#4669,.T.);
#4686 = ORIENTED_EDGE('',*,*,#4687,.T.);
#4687 = EDGE_CURVE('',#4670,#4650,#4688,.T.);
#4688 = LINE('',#4689,#4690);
#4689 = CARTESIAN_POINT('',(69.4078,-45.75065,-4.6E-02));
#4690 = VECTOR('',#4691,1.);
#4691 = DIRECTION('',(0.,0.,1.));
#4692 = ORIENTED_EDGE('',*,*,#4649,.F.);
#4693 = ORIENTED_EDGE('',*,*,#4687,.F.);
#4694 = CYLINDRICAL_SURFACE('',#4695,1.075);
#4695 = AXIS2_PLACEMENT_3D('',#4696,#4697,#4698);
#4696 = CARTESIAN_POINT('',(69.4078,-44.67565,-4.6E-02));
#4697 = DIRECTION('',(-0.,-0.,-1.));
#4698 = DIRECTION('',(-1.321939973507E-14,-1.,0.));
#4699 = MANIFOLD_SOLID_BREP('',#4700);
#4700 = CLOSED_SHELL('',(#4701,#4734,#4754,#4774));
#4701 = ADVANCED_FACE('',(#4702),#4729,.T.);
#4702 = FACE_BOUND('',#4703,.F.);
#4703 = EDGE_LOOP('',(#4704,#4714,#4721,#4722));
#4704 = ORIENTED_EDGE('',*,*,#4705,.T.);
#4705 = EDGE_CURVE('',#4706,#4708,#4710,.T.);
#4706 = VERTEX_POINT('',#4707);
#4707 = CARTESIAN_POINT('',(69.4078,-45.77565,-4.E-02));
#4708 = VERTEX_POINT('',#4709);
#4709 = CARTESIAN_POINT('',(69.4078,-45.77565,1.55));
#4710 = LINE('',#4711,#4712);
#4711 = CARTESIAN_POINT('',(69.4078,-45.77565,-4.E-02));
#4712 = VECTOR('',#4713,1.);
#4713 = DIRECTION('',(0.,0.,1.));
#4714 = ORIENTED_EDGE('',*,*,#4715,.T.);
#4715 = EDGE_CURVE('',#4708,#4708,#4716,.T.);
#4716 = CIRCLE('',#4717,1.1);
#4717 = AXIS2_PLACEMENT_3D('',#4718,#4719,#4720);
#4718 = CARTESIAN_POINT('',(69.4078,-44.67565,1.55));
#4719 = DIRECTION('',(0.,0.,1.));
#4720 = DIRECTION('',(-1.2918958832E-14,-1.,0.));
#4721 = ORIENTED_EDGE('',*,*,#4705,.F.);
#4722 = ORIENTED_EDGE('',*,*,#4723,.F.);
#4723 = EDGE_CURVE('',#4706,#4706,#4724,.T.);
#4724 = CIRCLE('',#4725,1.1);
#4725 = AXIS2_PLACEMENT_3D('',#4726,#4727,#4728);
#4726 = CARTESIAN_POINT('',(69.4078,-44.67565,-4.E-02));
#4727 = DIRECTION('',(0.,0.,1.));
#4728 = DIRECTION('',(-1.2918958832E-14,-1.,0.));
#4729 = CYLINDRICAL_SURFACE('',#4730,1.1);
#4730 = AXIS2_PLACEMENT_3D('',#4731,#4732,#4733);
#4731 = CARTESIAN_POINT('',(69.4078,-44.67565,-4.E-02));
#4732 = DIRECTION('',(-0.,-0.,-1.));
#4733 = DIRECTION('',(-1.2918958832E-14,-1.,0.));
#4734 = ADVANCED_FACE('',(#4735,#4738),#4749,.F.);
#4735 = FACE_BOUND('',#4736,.F.);
#4736 = EDGE_LOOP('',(#4737));
#4737 = ORIENTED_EDGE('',*,*,#4723,.T.);
#4738 = FACE_BOUND('',#4739,.F.);
#4739 = EDGE_LOOP('',(#4740));
#4740 = ORIENTED_EDGE('',*,*,#4741,.T.);
#4741 = EDGE_CURVE('',#4742,#4742,#4744,.T.);
#4742 = VERTEX_POINT('',#4743);
#4743 = CARTESIAN_POINT('',(69.4078,-45.75065,-4.E-02));
#4744 = CIRCLE('',#4745,1.075);
#4745 = AXIS2_PLACEMENT_3D('',#4746,#4747,#4748);
#4746 = CARTESIAN_POINT('',(69.4078,-44.67565,-4.E-02));
#4747 = DIRECTION('',(-0.,0.,-1.));
#4748 = DIRECTION('',(-1.321939973507E-14,-1.,0.));
#4749 = PLANE('',#4750);
#4750 = AXIS2_PLACEMENT_3D('',#4751,#4752,#4753);
#4751 = CARTESIAN_POINT('',(69.4078,-45.77565,-4.E-02));
#4752 = DIRECTION('',(0.,0.,1.));
#4753 = DIRECTION('',(1.,0.,-0.));
#4754 = ADVANCED_FACE('',(#4755,#4758),#4769,.T.);
#4755 = FACE_BOUND('',#4756,.T.);
#4756 = EDGE_LOOP('',(#4757));
#4757 = ORIENTED_EDGE('',*,*,#4715,.T.);
#4758 = FACE_BOUND('',#4759,.T.);
#4759 = EDGE_LOOP('',(#4760));
#4760 = ORIENTED_EDGE('',*,*,#4761,.T.);
#4761 = EDGE_CURVE('',#4762,#4762,#4764,.T.);
#4762 = VERTEX_POINT('',#4763);
#4763 = CARTESIAN_POINT('',(69.4078,-45.75065,1.55));
#4764 = CIRCLE('',#4765,1.075);
#4765 = AXIS2_PLACEMENT_3D('',#4766,#4767,#4768);
#4766 = CARTESIAN_POINT('',(69.4078,-44.67565,1.55));
#4767 = DIRECTION('',(-0.,0.,-1.));
#4768 = DIRECTION('',(-1.321939973507E-14,-1.,0.));
#4769 = PLANE('',#4770);
#4770 = AXIS2_PLACEMENT_3D('',#4771,#4772,#4773);
#4771 = CARTESIAN_POINT('',(69.4078,-45.77565,1.55));
#4772 = DIRECTION('',(0.,0.,1.));
#4773 = DIRECTION('',(1.,0.,-0.));
#4774 = ADVANCED_FACE('',(#4775),#4786,.F.);
#4775 = FACE_BOUND('',#4776,.T.);
#4776 = EDGE_LOOP('',(#4777,#4778,#4784,#4785));
#4777 = ORIENTED_EDGE('',*,*,#4741,.T.);
#4778 = ORIENTED_EDGE('',*,*,#4779,.T.);
#4779 = EDGE_CURVE('',#4742,#4762,#4780,.T.);
#4780 = LINE('',#4781,#4782);
#4781 = CARTESIAN_POINT('',(69.4078,-45.75065,-4.6E-02));
#4782 = VECTOR('',#4783,1.);
#4783 = DIRECTION('',(0.,0.,1.));
#4784 = ORIENTED_EDGE('',*,*,#4761,.F.);
#4785 = ORIENTED_EDGE('',*,*,#4779,.F.);
#4786 = CYLINDRICAL_SURFACE('',#4787,1.075);
#4787 = AXIS2_PLACEMENT_3D('',#4788,#4789,#4790);
#4788 = CARTESIAN_POINT('',(69.4078,-44.67565,-4.6E-02));
#4789 = DIRECTION('',(-0.,-0.,-1.));
#4790 = DIRECTION('',(-1.321939973507E-14,-1.,0.));
#4791 = MANIFOLD_SOLID_BREP('',#4792);
#4792 = CLOSED_SHELL('',(#4793,#4835,#4866,#4899,#4930,#4963,#4994,#5027
    ,#5049,#5065));
#4793 = ADVANCED_FACE('',(#4794),#4830,.T.);
#4794 = FACE_BOUND('',#4795,.T.);
#4795 = EDGE_LOOP('',(#4796,#4806,#4815,#4823));
#4796 = ORIENTED_EDGE('',*,*,#4797,.T.);
#4797 = EDGE_CURVE('',#4798,#4800,#4802,.T.);
#4798 = VERTEX_POINT('',#4799);
#4799 = CARTESIAN_POINT('',(78.2578,-42.17565,1.51));
#4800 = VERTEX_POINT('',#4801);
#4801 = CARTESIAN_POINT('',(78.2578,-42.17565,1.55));
#4802 = LINE('',#4803,#4804);
#4803 = CARTESIAN_POINT('',(78.2578,-42.17565,1.51));
#4804 = VECTOR('',#4805,1.);
#4805 = DIRECTION('',(0.,0.,1.));
#4806 = ORIENTED_EDGE('',*,*,#4807,.T.);
#4807 = EDGE_CURVE('',#4800,#4808,#4810,.T.);
#4808 = VERTEX_POINT('',#4809);
#4809 = CARTESIAN_POINT('',(78.5078,-41.92565,1.55));
#4810 = CIRCLE('',#4811,0.249998959685);
#4811 = AXIS2_PLACEMENT_3D('',#4812,#4813,#4814);
#4812 = CARTESIAN_POINT('',(78.507798959683,-42.17564895968,1.55));
#4813 = DIRECTION('',(0.,0.,-1.));
#4814 = DIRECTION('',(-0.999999999991,-4.161285808645E-06,-0.));
#4815 = ORIENTED_EDGE('',*,*,#4816,.F.);
#4816 = EDGE_CURVE('',#4817,#4808,#4819,.T.);
#4817 = VERTEX_POINT('',#4818);
#4818 = CARTESIAN_POINT('',(78.5078,-41.92565,1.51));
#4819 = LINE('',#4820,#4821);
#4820 = CARTESIAN_POINT('',(78.5078,-41.92565,1.51));
#4821 = VECTOR('',#4822,1.);
#4822 = DIRECTION('',(0.,0.,1.));
#4823 = ORIENTED_EDGE('',*,*,#4824,.F.);
#4824 = EDGE_CURVE('',#4798,#4817,#4825,.T.);
#4825 = CIRCLE('',#4826,0.249998959685);
#4826 = AXIS2_PLACEMENT_3D('',#4827,#4828,#4829);
#4827 = CARTESIAN_POINT('',(78.507798959683,-42.17564895968,1.51));
#4828 = DIRECTION('',(0.,0.,-1.));
#4829 = DIRECTION('',(-0.999999999991,-4.161285808645E-06,-0.));
#4830 = CYLINDRICAL_SURFACE('',#4831,0.249998959685);
#4831 = AXIS2_PLACEMENT_3D('',#4832,#4833,#4834);
#4832 = CARTESIAN_POINT('',(78.507798959683,-42.17564895968,1.51));
#4833 = DIRECTION('',(0.,0.,-1.));
#4834 = DIRECTION('',(-0.999999999991,-4.161285808645E-06,-0.));
#4835 = ADVANCED_FACE('',(#4836),#4861,.T.);
#4836 = FACE_BOUND('',#4837,.T.);
#4837 = EDGE_LOOP('',(#4838,#4839,#4847,#4855));
#4838 = ORIENTED_EDGE('',*,*,#4816,.T.);
#4839 = ORIENTED_EDGE('',*,*,#4840,.T.);
#4840 = EDGE_CURVE('',#4808,#4841,#4843,.T.);
#4841 = VERTEX_POINT('',#4842);
#4842 = CARTESIAN_POINT('',(80.3078,-41.92565,1.55));
#4843 = LINE('',#4844,#4845);
#4844 = CARTESIAN_POINT('',(78.5078,-41.92565,1.55));
#4845 = VECTOR('',#4846,1.);
#4846 = DIRECTION('',(1.,0.,0.));
#4847 = ORIENTED_EDGE('',*,*,#4848,.F.);
#4848 = EDGE_CURVE('',#4849,#4841,#4851,.T.);
#4849 = VERTEX_POINT('',#4850);
#4850 = CARTESIAN_POINT('',(80.3078,-41.92565,1.51));
#4851 = LINE('',#4852,#4853);
#4852 = CARTESIAN_POINT('',(80.3078,-41.92565,1.51));
#4853 = VECTOR('',#4854,1.);
#4854 = DIRECTION('',(0.,0.,1.));
#4855 = ORIENTED_EDGE('',*,*,#4856,.F.);
#4856 = EDGE_CURVE('',#4817,#4849,#4857,.T.);
#4857 = LINE('',#4858,#4859);
#4858 = CARTESIAN_POINT('',(78.5078,-41.92565,1.51));
#4859 = VECTOR('',#4860,1.);
#4860 = DIRECTION('',(1.,0.,0.));
#4861 = PLANE('',#4862);
#4862 = AXIS2_PLACEMENT_3D('',#4863,#4864,#4865);
#4863 = CARTESIAN_POINT('',(78.5078,-41.92565,1.51));
#4864 = DIRECTION('',(0.,1.,0.));
#4865 = DIRECTION('',(1.,0.,0.));
#4866 = ADVANCED_FACE('',(#4867),#4894,.T.);
#4867 = FACE_BOUND('',#4868,.T.);
#4868 = EDGE_LOOP('',(#4869,#4870,#4879,#4887));
#4869 = ORIENTED_EDGE('',*,*,#4848,.T.);
#4870 = ORIENTED_EDGE('',*,*,#4871,.T.);
#4871 = EDGE_CURVE('',#4841,#4872,#4874,.T.);
#4872 = VERTEX_POINT('',#4873);
#4873 = CARTESIAN_POINT('',(80.5578,-42.17565,1.55));
#4874 = CIRCLE('',#4875,0.249998959685);
#4875 = AXIS2_PLACEMENT_3D('',#4876,#4877,#4878);
#4876 = CARTESIAN_POINT('',(80.307801040317,-42.17564895968,1.55));
#4877 = DIRECTION('',(0.,0.,-1.));
#4878 = DIRECTION('',(-4.161285780223E-06,0.999999999991,0.));
#4879 = ORIENTED_EDGE('',*,*,#4880,.F.);
#4880 = EDGE_CURVE('',#4881,#4872,#4883,.T.);
#4881 = VERTEX_POINT('',#4882);
#4882 = CARTESIAN_POINT('',(80.5578,-42.17565,1.51));
#4883 = LINE('',#4884,#4885);
#4884 = CARTESIAN_POINT('',(80.5578,-42.17565,1.51));
#4885 = VECTOR('',#4886,1.);
#4886 = DIRECTION('',(0.,0.,1.));
#4887 = ORIENTED_EDGE('',*,*,#4888,.F.);
#4888 = EDGE_CURVE('',#4849,#4881,#4889,.T.);
#4889 = CIRCLE('',#4890,0.249998959685);
#4890 = AXIS2_PLACEMENT_3D('',#4891,#4892,#4893);
#4891 = CARTESIAN_POINT('',(80.307801040317,-42.17564895968,1.51));
#4892 = DIRECTION('',(0.,0.,-1.));
#4893 = DIRECTION('',(-4.161285780223E-06,0.999999999991,0.));
#4894 = CYLINDRICAL_SURFACE('',#4895,0.249998959685);
#4895 = AXIS2_PLACEMENT_3D('',#4896,#4897,#4898);
#4896 = CARTESIAN_POINT('',(80.307801040317,-42.17564895968,1.51));
#4897 = DIRECTION('',(0.,0.,-1.));
#4898 = DIRECTION('',(-4.161285780223E-06,0.999999999991,0.));
#4899 = ADVANCED_FACE('',(#4900),#4925,.T.);
#4900 = FACE_BOUND('',#4901,.T.);
#4901 = EDGE_LOOP('',(#4902,#4903,#4911,#4919));
#4902 = ORIENTED_EDGE('',*,*,#4880,.T.);
#4903 = ORIENTED_EDGE('',*,*,#4904,.T.);
#4904 = EDGE_CURVE('',#4872,#4905,#4907,.T.);
#4905 = VERTEX_POINT('',#4906);
#4906 = CARTESIAN_POINT('',(80.5578,-44.17565,1.55));
#4907 = LINE('',#4908,#4909);
#4908 = CARTESIAN_POINT('',(80.5578,-42.17565,1.55));
#4909 = VECTOR('',#4910,1.);
#4910 = DIRECTION('',(0.,-1.,0.));
#4911 = ORIENTED_EDGE('',*,*,#4912,.F.);
#4912 = EDGE_CURVE('',#4913,#4905,#4915,.T.);
#4913 = VERTEX_POINT('',#4914);
#4914 = CARTESIAN_POINT('',(80.5578,-44.17565,1.51));
#4915 = LINE('',#4916,#4917);
#4916 = CARTESIAN_POINT('',(80.5578,-44.17565,1.51));
#4917 = VECTOR('',#4918,1.);
#4918 = DIRECTION('',(0.,0.,1.));
#4919 = ORIENTED_EDGE('',*,*,#4920,.F.);
#4920 = EDGE_CURVE('',#4881,#4913,#4921,.T.);
#4921 = LINE('',#4922,#4923);
#4922 = CARTESIAN_POINT('',(80.5578,-42.17565,1.51));
#4923 = VECTOR('',#4924,1.);
#4924 = DIRECTION('',(0.,-1.,0.));
#4925 = PLANE('',#4926);
#4926 = AXIS2_PLACEMENT_3D('',#4927,#4928,#4929);
#4927 = CARTESIAN_POINT('',(80.5578,-42.17565,1.51));
#4928 = DIRECTION('',(1.,0.,-0.));
#4929 = DIRECTION('',(0.,-1.,0.));
#4930 = ADVANCED_FACE('',(#4931),#4958,.T.);
#4931 = FACE_BOUND('',#4932,.T.);
#4932 = EDGE_LOOP('',(#4933,#4934,#4943,#4951));
#4933 = ORIENTED_EDGE('',*,*,#4912,.T.);
#4934 = ORIENTED_EDGE('',*,*,#4935,.T.);
#4935 = EDGE_CURVE('',#4905,#4936,#4938,.T.);
#4936 = VERTEX_POINT('',#4937);
#4937 = CARTESIAN_POINT('',(80.3078,-44.42565,1.55));
#4938 = CIRCLE('',#4939,0.249998959685);
#4939 = AXIS2_PLACEMENT_3D('',#4940,#4941,#4942);
#4940 = CARTESIAN_POINT('',(80.307801040317,-44.17565104031,1.55));
#4941 = DIRECTION('',(0.,0.,-1.));
#4942 = DIRECTION('',(0.999999999991,4.161285837066E-06,0.));
#4943 = ORIENTED_EDGE('',*,*,#4944,.F.);
#4944 = EDGE_CURVE('',#4945,#4936,#4947,.T.);
#4945 = VERTEX_POINT('',#4946);
#4946 = CARTESIAN_POINT('',(80.3078,-44.42565,1.51));
#4947 = LINE('',#4948,#4949);
#4948 = CARTESIAN_POINT('',(80.3078,-44.42565,1.51));
#4949 = VECTOR('',#4950,1.);
#4950 = DIRECTION('',(0.,0.,1.));
#4951 = ORIENTED_EDGE('',*,*,#4952,.F.);
#4952 = EDGE_CURVE('',#4913,#4945,#4953,.T.);
#4953 = CIRCLE('',#4954,0.249998959685);
#4954 = AXIS2_PLACEMENT_3D('',#4955,#4956,#4957);
#4955 = CARTESIAN_POINT('',(80.307801040317,-44.17565104031,1.51));
#4956 = DIRECTION('',(0.,0.,-1.));
#4957 = DIRECTION('',(0.999999999991,4.161285837066E-06,0.));
#4958 = CYLINDRICAL_SURFACE('',#4959,0.249998959685);
#4959 = AXIS2_PLACEMENT_3D('',#4960,#4961,#4962);
#4960 = CARTESIAN_POINT('',(80.307801040317,-44.17565104031,1.51));
#4961 = DIRECTION('',(0.,0.,-1.));
#4962 = DIRECTION('',(0.999999999991,4.161285837066E-06,0.));
#4963 = ADVANCED_FACE('',(#4964),#4989,.T.);
#4964 = FACE_BOUND('',#4965,.T.);
#4965 = EDGE_LOOP('',(#4966,#4967,#4975,#4983));
#4966 = ORIENTED_EDGE('',*,*,#4944,.T.);
#4967 = ORIENTED_EDGE('',*,*,#4968,.T.);
#4968 = EDGE_CURVE('',#4936,#4969,#4971,.T.);
#4969 = VERTEX_POINT('',#4970);
#4970 = CARTESIAN_POINT('',(78.5078,-44.42565,1.55));
#4971 = LINE('',#4972,#4973);
#4972 = CARTESIAN_POINT('',(80.3078,-44.42565,1.55));
#4973 = VECTOR('',#4974,1.);
#4974 = DIRECTION('',(-1.,0.,0.));
#4975 = ORIENTED_EDGE('',*,*,#4976,.F.);
#4976 = EDGE_CURVE('',#4977,#4969,#4979,.T.);
#4977 = VERTEX_POINT('',#4978);
#4978 = CARTESIAN_POINT('',(78.5078,-44.42565,1.51));
#4979 = LINE('',#4980,#4981);
#4980 = CARTESIAN_POINT('',(78.5078,-44.42565,1.51));
#4981 = VECTOR('',#4982,1.);
#4982 = DIRECTION('',(0.,0.,1.));
#4983 = ORIENTED_EDGE('',*,*,#4984,.F.);
#4984 = EDGE_CURVE('',#4945,#4977,#4985,.T.);
#4985 = LINE('',#4986,#4987);
#4986 = CARTESIAN_POINT('',(80.3078,-44.42565,1.51));
#4987 = VECTOR('',#4988,1.);
#4988 = DIRECTION('',(-1.,0.,0.));
#4989 = PLANE('',#4990);
#4990 = AXIS2_PLACEMENT_3D('',#4991,#4992,#4993);
#4991 = CARTESIAN_POINT('',(80.3078,-44.42565,1.51));
#4992 = DIRECTION('',(0.,-1.,0.));
#4993 = DIRECTION('',(-1.,0.,0.));
#4994 = ADVANCED_FACE('',(#4995),#5022,.T.);
#4995 = FACE_BOUND('',#4996,.T.);
#4996 = EDGE_LOOP('',(#4997,#4998,#5007,#5015));
#4997 = ORIENTED_EDGE('',*,*,#4976,.T.);
#4998 = ORIENTED_EDGE('',*,*,#4999,.T.);
#4999 = EDGE_CURVE('',#4969,#5000,#5002,.T.);
#5000 = VERTEX_POINT('',#5001);
#5001 = CARTESIAN_POINT('',(78.2578,-44.17565,1.55));
#5002 = CIRCLE('',#5003,0.249998959685);
#5003 = AXIS2_PLACEMENT_3D('',#5004,#5005,#5006);
#5004 = CARTESIAN_POINT('',(78.507798959683,-44.17565104031,1.55));
#5005 = DIRECTION('',(0.,0.,-1.));
#5006 = DIRECTION('',(4.16128589391E-06,-0.999999999991,0.));
#5007 = ORIENTED_EDGE('',*,*,#5008,.F.);
#5008 = EDGE_CURVE('',#5009,#5000,#5011,.T.);
#5009 = VERTEX_POINT('',#5010);
#5010 = CARTESIAN_POINT('',(78.2578,-44.17565,1.51));
#5011 = LINE('',#5012,#5013);
#5012 = CARTESIAN_POINT('',(78.2578,-44.17565,1.51));
#5013 = VECTOR('',#5014,1.);
#5014 = DIRECTION('',(0.,0.,1.));
#5015 = ORIENTED_EDGE('',*,*,#5016,.F.);
#5016 = EDGE_CURVE('',#4977,#5009,#5017,.T.);
#5017 = CIRCLE('',#5018,0.249998959685);
#5018 = AXIS2_PLACEMENT_3D('',#5019,#5020,#5021);
#5019 = CARTESIAN_POINT('',(78.507798959683,-44.17565104031,1.51));
#5020 = DIRECTION('',(0.,0.,-1.));
#5021 = DIRECTION('',(4.16128589391E-06,-0.999999999991,0.));
#5022 = CYLINDRICAL_SURFACE('',#5023,0.249998959685);
#5023 = AXIS2_PLACEMENT_3D('',#5024,#5025,#5026);
#5024 = CARTESIAN_POINT('',(78.507798959683,-44.17565104031,1.51));
#5025 = DIRECTION('',(0.,0.,-1.));
#5026 = DIRECTION('',(4.16128589391E-06,-0.999999999991,0.));
#5027 = ADVANCED_FACE('',(#5028),#5044,.T.);
#5028 = FACE_BOUND('',#5029,.T.);
#5029 = EDGE_LOOP('',(#5030,#5031,#5037,#5038));
#5030 = ORIENTED_EDGE('',*,*,#5008,.T.);
#5031 = ORIENTED_EDGE('',*,*,#5032,.T.);
#5032 = EDGE_CURVE('',#5000,#4800,#5033,.T.);
#5033 = LINE('',#5034,#5035);
#5034 = CARTESIAN_POINT('',(78.2578,-44.17565,1.55));
#5035 = VECTOR('',#5036,1.);
#5036 = DIRECTION('',(0.,1.,0.));
#5037 = ORIENTED_EDGE('',*,*,#4797,.F.);
#5038 = ORIENTED_EDGE('',*,*,#5039,.F.);
#5039 = EDGE_CURVE('',#5009,#4798,#5040,.T.);
#5040 = LINE('',#5041,#5042);
#5041 = CARTESIAN_POINT('',(78.2578,-44.17565,1.51));
#5042 = VECTOR('',#5043,1.);
#5043 = DIRECTION('',(0.,1.,0.));
#5044 = PLANE('',#5045);
#5045 = AXIS2_PLACEMENT_3D('',#5046,#5047,#5048);
#5046 = CARTESIAN_POINT('',(78.2578,-44.17565,1.51));
#5047 = DIRECTION('',(-1.,0.,0.));
#5048 = DIRECTION('',(0.,1.,0.));
#5049 = ADVANCED_FACE('',(#5050),#5060,.F.);
#5050 = FACE_BOUND('',#5051,.T.);
#5051 = EDGE_LOOP('',(#5052,#5053,#5054,#5055,#5056,#5057,#5058,#5059));
#5052 = ORIENTED_EDGE('',*,*,#4824,.T.);
#5053 = ORIENTED_EDGE('',*,*,#4856,.T.);
#5054 = ORIENTED_EDGE('',*,*,#4888,.T.);
#5055 = ORIENTED_EDGE('',*,*,#4920,.T.);
#5056 = ORIENTED_EDGE('',*,*,#4952,.T.);
#5057 = ORIENTED_EDGE('',*,*,#4984,.T.);
#5058 = ORIENTED_EDGE('',*,*,#5016,.T.);
#5059 = ORIENTED_EDGE('',*,*,#5039,.T.);
#5060 = PLANE('',#5061);
#5061 = AXIS2_PLACEMENT_3D('',#5062,#5063,#5064);
#5062 = CARTESIAN_POINT('',(0.,0.,1.51));
#5063 = DIRECTION('',(0.,0.,1.));
#5064 = DIRECTION('',(1.,0.,-0.));
#5065 = ADVANCED_FACE('',(#5066),#5076,.T.);
#5066 = FACE_BOUND('',#5067,.F.);
#5067 = EDGE_LOOP('',(#5068,#5069,#5070,#5071,#5072,#5073,#5074,#5075));
#5068 = ORIENTED_EDGE('',*,*,#4807,.T.);
#5069 = ORIENTED_EDGE('',*,*,#4840,.T.);
#5070 = ORIENTED_EDGE('',*,*,#4871,.T.);
#5071 = ORIENTED_EDGE('',*,*,#4904,.T.);
#5072 = ORIENTED_EDGE('',*,*,#4935,.T.);
#5073 = ORIENTED_EDGE('',*,*,#4968,.T.);
#5074 = ORIENTED_EDGE('',*,*,#4999,.T.);
#5075 = ORIENTED_EDGE('',*,*,#5032,.T.);
#5076 = PLANE('',#5077);
#5077 = AXIS2_PLACEMENT_3D('',#5078,#5079,#5080);
#5078 = CARTESIAN_POINT('',(0.,0.,1.55));
#5079 = DIRECTION('',(0.,0.,1.));
#5080 = DIRECTION('',(1.,0.,-0.));
#5081 = MANIFOLD_SOLID_BREP('',#5082);
#5082 = CLOSED_SHELL('',(#5083,#5116,#5136,#5156));
#5083 = ADVANCED_FACE('',(#5084),#5111,.T.);
#5084 = FACE_BOUND('',#5085,.F.);
#5085 = EDGE_LOOP('',(#5086,#5096,#5103,#5104));
#5086 = ORIENTED_EDGE('',*,*,#5087,.T.);
#5087 = EDGE_CURVE('',#5088,#5090,#5092,.T.);
#5088 = VERTEX_POINT('',#5089);
#5089 = CARTESIAN_POINT('',(100.2,-46.5,1.51));
#5090 = VERTEX_POINT('',#5091);
#5091 = CARTESIAN_POINT('',(100.2,-46.5,1.55));
#5092 = LINE('',#5093,#5094);
#5093 = CARTESIAN_POINT('',(100.2,-46.5,1.51));
#5094 = VECTOR('',#5095,1.);
#5095 = DIRECTION('',(0.,0.,1.));
#5096 = ORIENTED_EDGE('',*,*,#5097,.T.);
#5097 = EDGE_CURVE('',#5090,#5090,#5098,.T.);
#5098 = CIRCLE('',#5099,2.2);
#5099 = AXIS2_PLACEMENT_3D('',#5100,#5101,#5102);
#5100 = CARTESIAN_POINT('',(98.,-46.5,1.55));
#5101 = DIRECTION('',(0.,0.,1.));
#5102 = DIRECTION('',(1.,0.,-0.));
#5103 = ORIENTED_EDGE('',*,*,#5087,.F.);
#5104 = ORIENTED_EDGE('',*,*,#5105,.F.);
#5105 = EDGE_CURVE('',#5088,#5088,#5106,.T.);
#5106 = CIRCLE('',#5107,2.2);
#5107 = AXIS2_PLACEMENT_3D('',#5108,#5109,#5110);
#5108 = CARTESIAN_POINT('',(98.,-46.5,1.51));
#5109 = DIRECTION('',(0.,0.,1.));
#5110 = DIRECTION('',(1.,0.,-0.));
#5111 = CYLINDRICAL_SURFACE('',#5112,2.2);
#5112 = AXIS2_PLACEMENT_3D('',#5113,#5114,#5115);
#5113 = CARTESIAN_POINT('',(98.,-46.5,1.51));
#5114 = DIRECTION('',(-0.,-0.,-1.));
#5115 = DIRECTION('',(1.,0.,-0.));
#5116 = ADVANCED_FACE('',(#5117,#5120),#5131,.F.);
#5117 = FACE_BOUND('',#5118,.F.);
#5118 = EDGE_LOOP('',(#5119));
#5119 = ORIENTED_EDGE('',*,*,#5105,.T.);
#5120 = FACE_BOUND('',#5121,.F.);
#5121 = EDGE_LOOP('',(#5122));
#5122 = ORIENTED_EDGE('',*,*,#5123,.T.);
#5123 = EDGE_CURVE('',#5124,#5124,#5126,.T.);
#5124 = VERTEX_POINT('',#5125);
#5125 = CARTESIAN_POINT('',(98.,-47.575,1.51));
#5126 = CIRCLE('',#5127,1.075);
#5127 = AXIS2_PLACEMENT_3D('',#5128,#5129,#5130);
#5128 = CARTESIAN_POINT('',(98.,-46.5,1.51));
#5129 = DIRECTION('',(-0.,0.,-1.));
#5130 = DIRECTION('',(-0.,-1.,0.));
#5131 = PLANE('',#5132);
#5132 = AXIS2_PLACEMENT_3D('',#5133,#5134,#5135);
#5133 = CARTESIAN_POINT('',(0.,0.,1.51));
#5134 = DIRECTION('',(0.,0.,1.));
#5135 = DIRECTION('',(1.,0.,-0.));
#5136 = ADVANCED_FACE('',(#5137,#5140),#5151,.T.);
#5137 = FACE_BOUND('',#5138,.T.);
#5138 = EDGE_LOOP('',(#5139));
#5139 = ORIENTED_EDGE('',*,*,#5097,.T.);
#5140 = FACE_BOUND('',#5141,.T.);
#5141 = EDGE_LOOP('',(#5142));
#5142 = ORIENTED_EDGE('',*,*,#5143,.T.);
#5143 = EDGE_CURVE('',#5144,#5144,#5146,.T.);
#5144 = VERTEX_POINT('',#5145);
#5145 = CARTESIAN_POINT('',(98.,-47.575,1.55));
#5146 = CIRCLE('',#5147,1.075);
#5147 = AXIS2_PLACEMENT_3D('',#5148,#5149,#5150);
#5148 = CARTESIAN_POINT('',(98.,-46.5,1.55));
#5149 = DIRECTION('',(-0.,0.,-1.));
#5150 = DIRECTION('',(-0.,-1.,0.));
#5151 = PLANE('',#5152);
#5152 = AXIS2_PLACEMENT_3D('',#5153,#5154,#5155);
#5153 = CARTESIAN_POINT('',(0.,0.,1.55));
#5154 = DIRECTION('',(0.,0.,1.));
#5155 = DIRECTION('',(1.,0.,-0.));
#5156 = ADVANCED_FACE('',(#5157),#5168,.F.);
#5157 = FACE_BOUND('',#5158,.T.);
#5158 = EDGE_LOOP('',(#5159,#5160,#5166,#5167));
#5159 = ORIENTED_EDGE('',*,*,#5123,.T.);
#5160 = ORIENTED_EDGE('',*,*,#5161,.T.);
#5161 = EDGE_CURVE('',#5124,#5144,#5162,.T.);
#5162 = LINE('',#5163,#5164);
#5163 = CARTESIAN_POINT('',(98.,-47.575,-4.6E-02));
#5164 = VECTOR('',#5165,1.);
#5165 = DIRECTION('',(0.,0.,1.));
#5166 = ORIENTED_EDGE('',*,*,#5143,.F.);
#5167 = ORIENTED_EDGE('',*,*,#5161,.F.);
#5168 = CYLINDRICAL_SURFACE('',#5169,1.075);
#5169 = AXIS2_PLACEMENT_3D('',#5170,#5171,#5172);
#5170 = CARTESIAN_POINT('',(98.,-46.5,-4.6E-02));
#5171 = DIRECTION('',(-0.,-0.,-1.));
#5172 = DIRECTION('',(-0.,-1.,0.));
#5173 = MANIFOLD_SOLID_BREP('',#5174);
#5174 = CLOSED_SHELL('',(#5175,#5208,#5228,#5248));
#5175 = ADVANCED_FACE('',(#5176),#5203,.T.);
#5176 = FACE_BOUND('',#5177,.T.);
#5177 = EDGE_LOOP('',(#5178,#5188,#5195,#5196));
#5178 = ORIENTED_EDGE('',*,*,#5179,.T.);
#5179 = EDGE_CURVE('',#5180,#5182,#5184,.T.);
#5180 = VERTEX_POINT('',#5181);
#5181 = CARTESIAN_POINT('',(100.2,-46.5,0.));
#5182 = VERTEX_POINT('',#5183);
#5183 = CARTESIAN_POINT('',(100.2,-46.5,-4.E-02));
#5184 = LINE('',#5185,#5186);
#5185 = CARTESIAN_POINT('',(100.2,-46.5,0.));
#5186 = VECTOR('',#5187,1.);
#5187 = DIRECTION('',(0.,0.,-1.));
#5188 = ORIENTED_EDGE('',*,*,#5189,.T.);
#5189 = EDGE_CURVE('',#5182,#5182,#5190,.T.);
#5190 = CIRCLE('',#5191,2.2);
#5191 = AXIS2_PLACEMENT_3D('',#5192,#5193,#5194);
#5192 = CARTESIAN_POINT('',(98.,-46.5,-4.E-02));
#5193 = DIRECTION('',(0.,0.,1.));
#5194 = DIRECTION('',(1.,0.,-0.));
#5195 = ORIENTED_EDGE('',*,*,#5179,.F.);
#5196 = ORIENTED_EDGE('',*,*,#5197,.F.);
#5197 = EDGE_CURVE('',#5180,#5180,#5198,.T.);
#5198 = CIRCLE('',#5199,2.2);
#5199 = AXIS2_PLACEMENT_3D('',#5200,#5201,#5202);
#5200 = CARTESIAN_POINT('',(98.,-46.5,0.));
#5201 = DIRECTION('',(0.,0.,1.));
#5202 = DIRECTION('',(1.,0.,-0.));
#5203 = CYLINDRICAL_SURFACE('',#5204,2.2);
#5204 = AXIS2_PLACEMENT_3D('',#5205,#5206,#5207);
#5205 = CARTESIAN_POINT('',(98.,-46.5,0.));
#5206 = DIRECTION('',(0.,0.,1.));
#5207 = DIRECTION('',(1.,0.,-0.));
#5208 = ADVANCED_FACE('',(#5209,#5212),#5223,.F.);
#5209 = FACE_BOUND('',#5210,.F.);
#5210 = EDGE_LOOP('',(#5211));
#5211 = ORIENTED_EDGE('',*,*,#5197,.F.);
#5212 = FACE_BOUND('',#5213,.F.);
#5213 = EDGE_LOOP('',(#5214));
#5214 = ORIENTED_EDGE('',*,*,#5215,.F.);
#5215 = EDGE_CURVE('',#5216,#5216,#5218,.T.);
#5216 = VERTEX_POINT('',#5217);
#5217 = CARTESIAN_POINT('',(98.,-47.575,0.));
#5218 = CIRCLE('',#5219,1.075);
#5219 = AXIS2_PLACEMENT_3D('',#5220,#5221,#5222);
#5220 = CARTESIAN_POINT('',(98.,-46.5,0.));
#5221 = DIRECTION('',(-0.,0.,-1.));
#5222 = DIRECTION('',(-0.,-1.,0.));
#5223 = PLANE('',#5224);
#5224 = AXIS2_PLACEMENT_3D('',#5225,#5226,#5227);
#5225 = CARTESIAN_POINT('',(0.,0.,0.));
#5226 = DIRECTION('',(-0.,-0.,-1.));
#5227 = DIRECTION('',(-1.,0.,0.));
#5228 = ADVANCED_FACE('',(#5229,#5232),#5243,.T.);
#5229 = FACE_BOUND('',#5230,.T.);
#5230 = EDGE_LOOP('',(#5231));
#5231 = ORIENTED_EDGE('',*,*,#5189,.F.);
#5232 = FACE_BOUND('',#5233,.T.);
#5233 = EDGE_LOOP('',(#5234));
#5234 = ORIENTED_EDGE('',*,*,#5235,.F.);
#5235 = EDGE_CURVE('',#5236,#5236,#5238,.T.);
#5236 = VERTEX_POINT('',#5237);
#5237 = CARTESIAN_POINT('',(98.,-47.575,-4.E-02));
#5238 = CIRCLE('',#5239,1.075);
#5239 = AXIS2_PLACEMENT_3D('',#5240,#5241,#5242);
#5240 = CARTESIAN_POINT('',(98.,-46.5,-4.E-02));
#5241 = DIRECTION('',(-0.,0.,-1.));
#5242 = DIRECTION('',(-0.,-1.,0.));
#5243 = PLANE('',#5244);
#5244 = AXIS2_PLACEMENT_3D('',#5245,#5246,#5247);
#5245 = CARTESIAN_POINT('',(0.,0.,-4.E-02));
#5246 = DIRECTION('',(-0.,-0.,-1.));
#5247 = DIRECTION('',(-1.,0.,0.));
#5248 = ADVANCED_FACE('',(#5249),#5260,.F.);
#5249 = FACE_BOUND('',#5250,.T.);
#5250 = EDGE_LOOP('',(#5251,#5252,#5258,#5259));
#5251 = ORIENTED_EDGE('',*,*,#5235,.T.);
#5252 = ORIENTED_EDGE('',*,*,#5253,.T.);
#5253 = EDGE_CURVE('',#5236,#5216,#5254,.T.);
#5254 = LINE('',#5255,#5256);
#5255 = CARTESIAN_POINT('',(98.,-47.575,-4.6E-02));
#5256 = VECTOR('',#5257,1.);
#5257 = DIRECTION('',(0.,0.,1.));
#5258 = ORIENTED_EDGE('',*,*,#5215,.F.);
#5259 = ORIENTED_EDGE('',*,*,#5253,.F.);
#5260 = CYLINDRICAL_SURFACE('',#5261,1.075);
#5261 = AXIS2_PLACEMENT_3D('',#5262,#5263,#5264);
#5262 = CARTESIAN_POINT('',(98.,-46.5,-4.6E-02));
#5263 = DIRECTION('',(-0.,-0.,-1.));
#5264 = DIRECTION('',(-0.,-1.,0.));
#5265 = MANIFOLD_SOLID_BREP('',#5266);
#5266 = CLOSED_SHELL('',(#5267,#5300,#5320,#5340));
#5267 = ADVANCED_FACE('',(#5268),#5295,.T.);
#5268 = FACE_BOUND('',#5269,.F.);
#5269 = EDGE_LOOP('',(#5270,#5280,#5287,#5288));
#5270 = ORIENTED_EDGE('',*,*,#5271,.T.);
#5271 = EDGE_CURVE('',#5272,#5274,#5276,.T.);
#5272 = VERTEX_POINT('',#5273);
#5273 = CARTESIAN_POINT('',(98.,-47.6,-4.E-02));
#5274 = VERTEX_POINT('',#5275);
#5275 = CARTESIAN_POINT('',(98.,-47.6,1.55));
#5276 = LINE('',#5277,#5278);
#5277 = CARTESIAN_POINT('',(98.,-47.6,-4.E-02));
#5278 = VECTOR('',#5279,1.);
#5279 = DIRECTION('',(0.,0.,1.));
#5280 = ORIENTED_EDGE('',*,*,#5281,.T.);
#5281 = EDGE_CURVE('',#5274,#5274,#5282,.T.);
#5282 = CIRCLE('',#5283,1.1);
#5283 = AXIS2_PLACEMENT_3D('',#5284,#5285,#5286);
#5284 = CARTESIAN_POINT('',(98.,-46.5,1.55));
#5285 = DIRECTION('',(0.,0.,1.));
#5286 = DIRECTION('',(-0.,-1.,0.));
#5287 = ORIENTED_EDGE('',*,*,#5271,.F.);
#5288 = ORIENTED_EDGE('',*,*,#5289,.F.);
#5289 = EDGE_CURVE('',#5272,#5272,#5290,.T.);
#5290 = CIRCLE('',#5291,1.1);
#5291 = AXIS2_PLACEMENT_3D('',#5292,#5293,#5294);
#5292 = CARTESIAN_POINT('',(98.,-46.5,-4.E-02));
#5293 = DIRECTION('',(0.,0.,1.));
#5294 = DIRECTION('',(-0.,-1.,0.));
#5295 = CYLINDRICAL_SURFACE('',#5296,1.1);
#5296 = AXIS2_PLACEMENT_3D('',#5297,#5298,#5299);
#5297 = CARTESIAN_POINT('',(98.,-46.5,-4.E-02));
#5298 = DIRECTION('',(-0.,-0.,-1.));
#5299 = DIRECTION('',(-0.,-1.,0.));
#5300 = ADVANCED_FACE('',(#5301,#5304),#5315,.F.);
#5301 = FACE_BOUND('',#5302,.F.);
#5302 = EDGE_LOOP('',(#5303));
#5303 = ORIENTED_EDGE('',*,*,#5289,.T.);
#5304 = FACE_BOUND('',#5305,.F.);
#5305 = EDGE_LOOP('',(#5306));
#5306 = ORIENTED_EDGE('',*,*,#5307,.T.);
#5307 = EDGE_CURVE('',#5308,#5308,#5310,.T.);
#5308 = VERTEX_POINT('',#5309);
#5309 = CARTESIAN_POINT('',(98.,-47.575,-4.E-02));
#5310 = CIRCLE('',#5311,1.075);
#5311 = AXIS2_PLACEMENT_3D('',#5312,#5313,#5314);
#5312 = CARTESIAN_POINT('',(98.,-46.5,-4.E-02));
#5313 = DIRECTION('',(-0.,0.,-1.));
#5314 = DIRECTION('',(-0.,-1.,0.));
#5315 = PLANE('',#5316);
#5316 = AXIS2_PLACEMENT_3D('',#5317,#5318,#5319);
#5317 = CARTESIAN_POINT('',(98.,-47.6,-4.E-02));
#5318 = DIRECTION('',(0.,0.,1.));
#5319 = DIRECTION('',(1.,0.,-0.));
#5320 = ADVANCED_FACE('',(#5321,#5324),#5335,.T.);
#5321 = FACE_BOUND('',#5322,.T.);
#5322 = EDGE_LOOP('',(#5323));
#5323 = ORIENTED_EDGE('',*,*,#5281,.T.);
#5324 = FACE_BOUND('',#5325,.T.);
#5325 = EDGE_LOOP('',(#5326));
#5326 = ORIENTED_EDGE('',*,*,#5327,.T.);
#5327 = EDGE_CURVE('',#5328,#5328,#5330,.T.);
#5328 = VERTEX_POINT('',#5329);
#5329 = CARTESIAN_POINT('',(98.,-47.575,1.55));
#5330 = CIRCLE('',#5331,1.075);
#5331 = AXIS2_PLACEMENT_3D('',#5332,#5333,#5334);
#5332 = CARTESIAN_POINT('',(98.,-46.5,1.55));
#5333 = DIRECTION('',(-0.,0.,-1.));
#5334 = DIRECTION('',(-0.,-1.,0.));
#5335 = PLANE('',#5336);
#5336 = AXIS2_PLACEMENT_3D('',#5337,#5338,#5339);
#5337 = CARTESIAN_POINT('',(98.,-47.6,1.55));
#5338 = DIRECTION('',(0.,0.,1.));
#5339 = DIRECTION('',(1.,0.,-0.));
#5340 = ADVANCED_FACE('',(#5341),#5352,.F.);
#5341 = FACE_BOUND('',#5342,.T.);
#5342 = EDGE_LOOP('',(#5343,#5344,#5350,#5351));
#5343 = ORIENTED_EDGE('',*,*,#5307,.T.);
#5344 = ORIENTED_EDGE('',*,*,#5345,.T.);
#5345 = EDGE_CURVE('',#5308,#5328,#5346,.T.);
#5346 = LINE('',#5347,#5348);
#5347 = CARTESIAN_POINT('',(98.,-47.575,-4.6E-02));
#5348 = VECTOR('',#5349,1.);
#5349 = DIRECTION('',(0.,0.,1.));
#5350 = ORIENTED_EDGE('',*,*,#5327,.F.);
#5351 = ORIENTED_EDGE('',*,*,#5345,.F.);
#5352 = CYLINDRICAL_SURFACE('',#5353,1.075);
#5353 = AXIS2_PLACEMENT_3D('',#5354,#5355,#5356);
#5354 = CARTESIAN_POINT('',(98.,-46.5,-4.6E-02));
#5355 = DIRECTION('',(-0.,-0.,-1.));
#5356 = DIRECTION('',(-0.,-1.,0.));
#5357 = MANIFOLD_SOLID_BREP('',#5358);
#5358 = CLOSED_SHELL('',(#5359,#5401,#5432,#5465,#5496,#5529,#5560,#5593
    ,#5615,#5631));
#5359 = ADVANCED_FACE('',(#5360),#5396,.T.);
#5360 = FACE_BOUND('',#5361,.T.);
#5361 = EDGE_LOOP('',(#5362,#5372,#5381,#5389));
#5362 = ORIENTED_EDGE('',*,*,#5363,.T.);
#5363 = EDGE_CURVE('',#5364,#5366,#5368,.T.);
#5364 = VERTEX_POINT('',#5365);
#5365 = CARTESIAN_POINT('',(73.7828,-39.52565,1.51));
#5366 = VERTEX_POINT('',#5367);
#5367 = CARTESIAN_POINT('',(73.7828,-39.52565,1.55));
#5368 = LINE('',#5369,#5370);
#5369 = CARTESIAN_POINT('',(73.7828,-39.52565,1.51));
#5370 = VECTOR('',#5371,1.);
#5371 = DIRECTION('',(0.,0.,1.));
#5372 = ORIENTED_EDGE('',*,*,#5373,.T.);
#5373 = EDGE_CURVE('',#5366,#5374,#5376,.T.);
#5374 = VERTEX_POINT('',#5375);
#5375 = CARTESIAN_POINT('',(74.0328,-39.27565,1.55));
#5376 = CIRCLE('',#5377,0.249998959685);
#5377 = AXIS2_PLACEMENT_3D('',#5378,#5379,#5380);
#5378 = CARTESIAN_POINT('',(74.032798959683,-39.52564895968,1.55));
#5379 = DIRECTION('',(0.,0.,-1.));
#5380 = DIRECTION('',(-0.999999999991,-4.161285837066E-06,-0.));
#5381 = ORIENTED_EDGE('',*,*,#5382,.F.);
#5382 = EDGE_CURVE('',#5383,#5374,#5385,.T.);
#5383 = VERTEX_POINT('',#5384);
#5384 = CARTESIAN_POINT('',(74.0328,-39.27565,1.51));
#5385 = LINE('',#5386,#5387);
#5386 = CARTESIAN_POINT('',(74.0328,-39.27565,1.51));
#5387 = VECTOR('',#5388,1.);
#5388 = DIRECTION('',(0.,0.,1.));
#5389 = ORIENTED_EDGE('',*,*,#5390,.F.);
#5390 = EDGE_CURVE('',#5364,#5383,#5391,.T.);
#5391 = CIRCLE('',#5392,0.249998959685);
#5392 = AXIS2_PLACEMENT_3D('',#5393,#5394,#5395);
#5393 = CARTESIAN_POINT('',(74.032798959683,-39.52564895968,1.51));
#5394 = DIRECTION('',(0.,0.,-1.));
#5395 = DIRECTION('',(-0.999999999991,-4.161285837066E-06,-0.));
#5396 = CYLINDRICAL_SURFACE('',#5397,0.249998959685);
#5397 = AXIS2_PLACEMENT_3D('',#5398,#5399,#5400);
#5398 = CARTESIAN_POINT('',(74.032798959683,-39.52564895968,1.51));
#5399 = DIRECTION('',(0.,0.,-1.));
#5400 = DIRECTION('',(-0.999999999991,-4.161285837066E-06,-0.));
#5401 = ADVANCED_FACE('',(#5402),#5427,.T.);
#5402 = FACE_BOUND('',#5403,.T.);
#5403 = EDGE_LOOP('',(#5404,#5405,#5413,#5421));
#5404 = ORIENTED_EDGE('',*,*,#5382,.T.);
#5405 = ORIENTED_EDGE('',*,*,#5406,.T.);
#5406 = EDGE_CURVE('',#5374,#5407,#5409,.T.);
#5407 = VERTEX_POINT('',#5408);
#5408 = CARTESIAN_POINT('',(74.6828,-39.27565,1.55));
#5409 = LINE('',#5410,#5411);
#5410 = CARTESIAN_POINT('',(74.0328,-39.27565,1.55));
#5411 = VECTOR('',#5412,1.);
#5412 = DIRECTION('',(1.,0.,0.));
#5413 = ORIENTED_EDGE('',*,*,#5414,.F.);
#5414 = EDGE_CURVE('',#5415,#5407,#5417,.T.);
#5415 = VERTEX_POINT('',#5416);
#5416 = CARTESIAN_POINT('',(74.6828,-39.27565,1.51));
#5417 = LINE('',#5418,#5419);
#5418 = CARTESIAN_POINT('',(74.6828,-39.27565,1.51));
#5419 = VECTOR('',#5420,1.);
#5420 = DIRECTION('',(0.,0.,1.));
#5421 = ORIENTED_EDGE('',*,*,#5422,.F.);
#5422 = EDGE_CURVE('',#5383,#5415,#5423,.T.);
#5423 = LINE('',#5424,#5425);
#5424 = CARTESIAN_POINT('',(74.0328,-39.27565,1.51));
#5425 = VECTOR('',#5426,1.);
#5426 = DIRECTION('',(1.,0.,0.));
#5427 = PLANE('',#5428);
#5428 = AXIS2_PLACEMENT_3D('',#5429,#5430,#5431);
#5429 = CARTESIAN_POINT('',(74.0328,-39.27565,1.51));
#5430 = DIRECTION('',(0.,1.,0.));
#5431 = DIRECTION('',(1.,0.,0.));
#5432 = ADVANCED_FACE('',(#5433),#5460,.T.);
#5433 = FACE_BOUND('',#5434,.T.);
#5434 = EDGE_LOOP('',(#5435,#5436,#5445,#5453));
#5435 = ORIENTED_EDGE('',*,*,#5414,.T.);
#5436 = ORIENTED_EDGE('',*,*,#5437,.T.);
#5437 = EDGE_CURVE('',#5407,#5438,#5440,.T.);
#5438 = VERTEX_POINT('',#5439);
#5439 = CARTESIAN_POINT('',(74.9328,-39.52565,1.55));
#5440 = CIRCLE('',#5441,0.249998959685);
#5441 = AXIS2_PLACEMENT_3D('',#5442,#5443,#5444);
#5442 = CARTESIAN_POINT('',(74.682801040317,-39.52564895968,1.55));
#5443 = DIRECTION('',(0.,0.,-1.));
#5444 = DIRECTION('',(-4.161285837066E-06,0.999999999991,0.));
#5445 = ORIENTED_EDGE('',*,*,#5446,.F.);
#5446 = EDGE_CURVE('',#5447,#5438,#5449,.T.);
#5447 = VERTEX_POINT('',#5448);
#5448 = CARTESIAN_POINT('',(74.9328,-39.52565,1.51));
#5449 = LINE('',#5450,#5451);
#5450 = CARTESIAN_POINT('',(74.9328,-39.52565,1.51));
#5451 = VECTOR('',#5452,1.);
#5452 = DIRECTION('',(0.,0.,1.));
#5453 = ORIENTED_EDGE('',*,*,#5454,.F.);
#5454 = EDGE_CURVE('',#5415,#5447,#5455,.T.);
#5455 = CIRCLE('',#5456,0.249998959685);
#5456 = AXIS2_PLACEMENT_3D('',#5457,#5458,#5459);
#5457 = CARTESIAN_POINT('',(74.682801040317,-39.52564895968,1.51));
#5458 = DIRECTION('',(0.,0.,-1.));
#5459 = DIRECTION('',(-4.161285837066E-06,0.999999999991,0.));
#5460 = CYLINDRICAL_SURFACE('',#5461,0.249998959685);
#5461 = AXIS2_PLACEMENT_3D('',#5462,#5463,#5464);
#5462 = CARTESIAN_POINT('',(74.682801040317,-39.52564895968,1.51));
#5463 = DIRECTION('',(0.,0.,-1.));
#5464 = DIRECTION('',(-4.161285837066E-06,0.999999999991,0.));
#5465 = ADVANCED_FACE('',(#5466),#5491,.T.);
#5466 = FACE_BOUND('',#5467,.T.);
#5467 = EDGE_LOOP('',(#5468,#5469,#5477,#5485));
#5468 = ORIENTED_EDGE('',*,*,#5446,.T.);
#5469 = ORIENTED_EDGE('',*,*,#5470,.T.);
#5470 = EDGE_CURVE('',#5438,#5471,#5473,.T.);
#5471 = VERTEX_POINT('',#5472);
#5472 = CARTESIAN_POINT('',(74.9328,-40.82565,1.55));
#5473 = LINE('',#5474,#5475);
#5474 = CARTESIAN_POINT('',(74.9328,-39.52565,1.55));
#5475 = VECTOR('',#5476,1.);
#5476 = DIRECTION('',(0.,-1.,0.));
#5477 = ORIENTED_EDGE('',*,*,#5478,.F.);
#5478 = EDGE_CURVE('',#5479,#5471,#5481,.T.);
#5479 = VERTEX_POINT('',#5480);
#5480 = CARTESIAN_POINT('',(74.9328,-40.82565,1.51));
#5481 = LINE('',#5482,#5483);
#5482 = CARTESIAN_POINT('',(74.9328,-40.82565,1.51));
#5483 = VECTOR('',#5484,1.);
#5484 = DIRECTION('',(0.,0.,1.));
#5485 = ORIENTED_EDGE('',*,*,#5486,.F.);
#5486 = EDGE_CURVE('',#5447,#5479,#5487,.T.);
#5487 = LINE('',#5488,#5489);
#5488 = CARTESIAN_POINT('',(74.9328,-39.52565,1.51));
#5489 = VECTOR('',#5490,1.);
#5490 = DIRECTION('',(0.,-1.,0.));
#5491 = PLANE('',#5492);
#5492 = AXIS2_PLACEMENT_3D('',#5493,#5494,#5495);
#5493 = CARTESIAN_POINT('',(74.9328,-39.52565,1.51));
#5494 = DIRECTION('',(1.,0.,-0.));
#5495 = DIRECTION('',(0.,-1.,0.));
#5496 = ADVANCED_FACE('',(#5497),#5524,.T.);
#5497 = FACE_BOUND('',#5498,.T.);
#5498 = EDGE_LOOP('',(#5499,#5500,#5509,#5517));
#5499 = ORIENTED_EDGE('',*,*,#5478,.T.);
#5500 = ORIENTED_EDGE('',*,*,#5501,.T.);
#5501 = EDGE_CURVE('',#5471,#5502,#5504,.T.);
#5502 = VERTEX_POINT('',#5503);
#5503 = CARTESIAN_POINT('',(74.6828,-41.07565,1.55));
#5504 = CIRCLE('',#5505,0.249998959685);
#5505 = AXIS2_PLACEMENT_3D('',#5506,#5507,#5508);
#5506 = CARTESIAN_POINT('',(74.682801040317,-40.82565104031,1.55));
#5507 = DIRECTION('',(0.,0.,-1.));
#5508 = DIRECTION('',(0.999999999991,4.161285808644E-06,0.));
#5509 = ORIENTED_EDGE('',*,*,#5510,.F.);
#5510 = EDGE_CURVE('',#5511,#5502,#5513,.T.);
#5511 = VERTEX_POINT('',#5512);
#5512 = CARTESIAN_POINT('',(74.6828,-41.07565,1.51));
#5513 = LINE('',#5514,#5515);
#5514 = CARTESIAN_POINT('',(74.6828,-41.07565,1.51));
#5515 = VECTOR('',#5516,1.);
#5516 = DIRECTION('',(0.,0.,1.));
#5517 = ORIENTED_EDGE('',*,*,#5518,.F.);
#5518 = EDGE_CURVE('',#5479,#5511,#5519,.T.);
#5519 = CIRCLE('',#5520,0.249998959685);
#5520 = AXIS2_PLACEMENT_3D('',#5521,#5522,#5523);
#5521 = CARTESIAN_POINT('',(74.682801040317,-40.82565104031,1.51));
#5522 = DIRECTION('',(0.,0.,-1.));
#5523 = DIRECTION('',(0.999999999991,4.161285808644E-06,0.));
#5524 = CYLINDRICAL_SURFACE('',#5525,0.249998959685);
#5525 = AXIS2_PLACEMENT_3D('',#5526,#5527,#5528);
#5526 = CARTESIAN_POINT('',(74.682801040317,-40.82565104031,1.51));
#5527 = DIRECTION('',(0.,0.,-1.));
#5528 = DIRECTION('',(0.999999999991,4.161285808644E-06,0.));
#5529 = ADVANCED_FACE('',(#5530),#5555,.T.);
#5530 = FACE_BOUND('',#5531,.T.);
#5531 = EDGE_LOOP('',(#5532,#5533,#5541,#5549));
#5532 = ORIENTED_EDGE('',*,*,#5510,.T.);
#5533 = ORIENTED_EDGE('',*,*,#5534,.T.);
#5534 = EDGE_CURVE('',#5502,#5535,#5537,.T.);
#5535 = VERTEX_POINT('',#5536);
#5536 = CARTESIAN_POINT('',(74.0328,-41.07565,1.55));
#5537 = LINE('',#5538,#5539);
#5538 = CARTESIAN_POINT('',(74.6828,-41.07565,1.55));
#5539 = VECTOR('',#5540,1.);
#5540 = DIRECTION('',(-1.,0.,0.));
#5541 = ORIENTED_EDGE('',*,*,#5542,.F.);
#5542 = EDGE_CURVE('',#5543,#5535,#5545,.T.);
#5543 = VERTEX_POINT('',#5544);
#5544 = CARTESIAN_POINT('',(74.0328,-41.07565,1.51));
#5545 = LINE('',#5546,#5547);
#5546 = CARTESIAN_POINT('',(74.0328,-41.07565,1.51));
#5547 = VECTOR('',#5548,1.);
#5548 = DIRECTION('',(0.,0.,1.));
#5549 = ORIENTED_EDGE('',*,*,#5550,.F.);
#5550 = EDGE_CURVE('',#5511,#5543,#5551,.T.);
#5551 = LINE('',#5552,#5553);
#5552 = CARTESIAN_POINT('',(74.6828,-41.07565,1.51));
#5553 = VECTOR('',#5554,1.);
#5554 = DIRECTION('',(-1.,0.,0.));
#5555 = PLANE('',#5556);
#5556 = AXIS2_PLACEMENT_3D('',#5557,#5558,#5559);
#5557 = CARTESIAN_POINT('',(74.6828,-41.07565,1.51));
#5558 = DIRECTION('',(0.,-1.,0.));
#5559 = DIRECTION('',(-1.,0.,0.));
#5560 = ADVANCED_FACE('',(#5561),#5588,.T.);
#5561 = FACE_BOUND('',#5562,.T.);
#5562 = EDGE_LOOP('',(#5563,#5564,#5573,#5581));
#5563 = ORIENTED_EDGE('',*,*,#5542,.T.);
#5564 = ORIENTED_EDGE('',*,*,#5565,.T.);
#5565 = EDGE_CURVE('',#5535,#5566,#5568,.T.);
#5566 = VERTEX_POINT('',#5567);
#5567 = CARTESIAN_POINT('',(73.7828,-40.82565,1.55));
#5568 = CIRCLE('',#5569,0.249998959685);
#5569 = AXIS2_PLACEMENT_3D('',#5570,#5571,#5572);
#5570 = CARTESIAN_POINT('',(74.032798959683,-40.82565104031,1.55));
#5571 = DIRECTION('',(0.,0.,-1.));
#5572 = DIRECTION('',(4.161285780223E-06,-0.999999999991,0.));
#5573 = ORIENTED_EDGE('',*,*,#5574,.F.);
#5574 = EDGE_CURVE('',#5575,#5566,#5577,.T.);
#5575 = VERTEX_POINT('',#5576);
#5576 = CARTESIAN_POINT('',(73.7828,-40.82565,1.51));
#5577 = LINE('',#5578,#5579);
#5578 = CARTESIAN_POINT('',(73.7828,-40.82565,1.51));
#5579 = VECTOR('',#5580,1.);
#5580 = DIRECTION('',(0.,0.,1.));
#5581 = ORIENTED_EDGE('',*,*,#5582,.F.);
#5582 = EDGE_CURVE('',#5543,#5575,#5583,.T.);
#5583 = CIRCLE('',#5584,0.249998959685);
#5584 = AXIS2_PLACEMENT_3D('',#5585,#5586,#5587);
#5585 = CARTESIAN_POINT('',(74.032798959683,-40.82565104031,1.51));
#5586 = DIRECTION('',(0.,0.,-1.));
#5587 = DIRECTION('',(4.161285780223E-06,-0.999999999991,0.));
#5588 = CYLINDRICAL_SURFACE('',#5589,0.249998959685);
#5589 = AXIS2_PLACEMENT_3D('',#5590,#5591,#5592);
#5590 = CARTESIAN_POINT('',(74.032798959683,-40.82565104031,1.51));
#5591 = DIRECTION('',(0.,0.,-1.));
#5592 = DIRECTION('',(4.161285780223E-06,-0.999999999991,0.));
#5593 = ADVANCED_FACE('',(#5594),#5610,.T.);
#5594 = FACE_BOUND('',#5595,.T.);
#5595 = EDGE_LOOP('',(#5596,#5597,#5603,#5604));
#5596 = ORIENTED_EDGE('',*,*,#5574,.T.);
#5597 = ORIENTED_EDGE('',*,*,#5598,.T.);
#5598 = EDGE_CURVE('',#5566,#5366,#5599,.T.);
#5599 = LINE('',#5600,#5601);
#5600 = CARTESIAN_POINT('',(73.7828,-40.82565,1.55));
#5601 = VECTOR('',#5602,1.);
#5602 = DIRECTION('',(0.,1.,0.));
#5603 = ORIENTED_EDGE('',*,*,#5363,.F.);
#5604 = ORIENTED_EDGE('',*,*,#5605,.F.);
#5605 = EDGE_CURVE('',#5575,#5364,#5606,.T.);
#5606 = LINE('',#5607,#5608);
#5607 = CARTESIAN_POINT('',(73.7828,-40.82565,1.51));
#5608 = VECTOR('',#5609,1.);
#5609 = DIRECTION('',(0.,1.,0.));
#5610 = PLANE('',#5611);
#5611 = AXIS2_PLACEMENT_3D('',#5612,#5613,#5614);
#5612 = CARTESIAN_POINT('',(73.7828,-40.82565,1.51));
#5613 = DIRECTION('',(-1.,0.,0.));
#5614 = DIRECTION('',(0.,1.,0.));
#5615 = ADVANCED_FACE('',(#5616),#5626,.F.);
#5616 = FACE_BOUND('',#5617,.T.);
#5617 = EDGE_LOOP('',(#5618,#5619,#5620,#5621,#5622,#5623,#5624,#5625));
#5618 = ORIENTED_EDGE('',*,*,#5390,.T.);
#5619 = ORIENTED_EDGE('',*,*,#5422,.T.);
#5620 = ORIENTED_EDGE('',*,*,#5454,.T.);
#5621 = ORIENTED_EDGE('',*,*,#5486,.T.);
#5622 = ORIENTED_EDGE('',*,*,#5518,.T.);
#5623 = ORIENTED_EDGE('',*,*,#5550,.T.);
#5624 = ORIENTED_EDGE('',*,*,#5582,.T.);
#5625 = ORIENTED_EDGE('',*,*,#5605,.T.);
#5626 = PLANE('',#5627);
#5627 = AXIS2_PLACEMENT_3D('',#5628,#5629,#5630);
#5628 = CARTESIAN_POINT('',(0.,0.,1.51));
#5629 = DIRECTION('',(0.,0.,1.));
#5630 = DIRECTION('',(1.,0.,-0.));
#5631 = ADVANCED_FACE('',(#5632),#5642,.T.);
#5632 = FACE_BOUND('',#5633,.F.);
#5633 = EDGE_LOOP('',(#5634,#5635,#5636,#5637,#5638,#5639,#5640,#5641));
#5634 = ORIENTED_EDGE('',*,*,#5373,.T.);
#5635 = ORIENTED_EDGE('',*,*,#5406,.T.);
#5636 = ORIENTED_EDGE('',*,*,#5437,.T.);
#5637 = ORIENTED_EDGE('',*,*,#5470,.T.);
#5638 = ORIENTED_EDGE('',*,*,#5501,.T.);
#5639 = ORIENTED_EDGE('',*,*,#5534,.T.);
#5640 = ORIENTED_EDGE('',*,*,#5565,.T.);
#5641 = ORIENTED_EDGE('',*,*,#5598,.T.);
#5642 = PLANE('',#5643);
#5643 = AXIS2_PLACEMENT_3D('',#5644,#5645,#5646);
#5644 = CARTESIAN_POINT('',(0.,0.,1.55));
#5645 = DIRECTION('',(0.,0.,1.));
#5646 = DIRECTION('',(1.,0.,-0.));
#5647 = MANIFOLD_SOLID_BREP('',#5648);
#5648 = CLOSED_SHELL('',(#5649,#5689,#5720,#5751,#5773,#5785));
#5649 = ADVANCED_FACE('',(#5650),#5684,.T.);
#5650 = FACE_BOUND('',#5651,.T.);
#5651 = EDGE_LOOP('',(#5652,#5662,#5670,#5678));
#5652 = ORIENTED_EDGE('',*,*,#5653,.T.);
#5653 = EDGE_CURVE('',#5654,#5656,#5658,.T.);
#5654 = VERTEX_POINT('',#5655);
#5655 = CARTESIAN_POINT('',(73.1538,-46.02185,1.51));
#5656 = VERTEX_POINT('',#5657);
#5657 = CARTESIAN_POINT('',(73.1538,-46.02185,1.55));
#5658 = LINE('',#5659,#5660);
#5659 = CARTESIAN_POINT('',(73.1538,-46.02185,1.51));
#5660 = VECTOR('',#5661,1.);
#5661 = DIRECTION('',(0.,0.,1.));
#5662 = ORIENTED_EDGE('',*,*,#5663,.T.);
#5663 = EDGE_CURVE('',#5656,#5664,#5666,.T.);
#5664 = VERTEX_POINT('',#5665);
#5665 = CARTESIAN_POINT('',(73.1538,-43.32945,1.55));
#5666 = LINE('',#5667,#5668);
#5667 = CARTESIAN_POINT('',(73.1538,-46.02185,1.55));
#5668 = VECTOR('',#5669,1.);
#5669 = DIRECTION('',(0.,1.,0.));
#5670 = ORIENTED_EDGE('',*,*,#5671,.F.);
#5671 = EDGE_CURVE('',#5672,#5664,#5674,.T.);
#5672 = VERTEX_POINT('',#5673);
#5673 = CARTESIAN_POINT('',(73.1538,-43.32945,1.51));
#5674 = LINE('',#5675,#5676);
#5675 = CARTESIAN_POINT('',(73.1538,-43.32945,1.51));
#5676 = VECTOR('',#5677,1.);
#5677 = DIRECTION('',(0.,0.,1.));
#5678 = ORIENTED_EDGE('',*,*,#5679,.F.);
#5679 = EDGE_CURVE('',#5654,#5672,#5680,.T.);
#5680 = LINE('',#5681,#5682);
#5681 = CARTESIAN_POINT('',(73.1538,-46.02185,1.51));
#5682 = VECTOR('',#5683,1.);
#5683 = DIRECTION('',(0.,1.,0.));
#5684 = PLANE('',#5685);
#5685 = AXIS2_PLACEMENT_3D('',#5686,#5687,#5688);
#5686 = CARTESIAN_POINT('',(73.1538,-46.02185,1.51));
#5687 = DIRECTION('',(-1.,0.,0.));
#5688 = DIRECTION('',(0.,1.,0.));
#5689 = ADVANCED_FACE('',(#5690),#5715,.T.);
#5690 = FACE_BOUND('',#5691,.T.);
#5691 = EDGE_LOOP('',(#5692,#5693,#5701,#5709));
#5692 = ORIENTED_EDGE('',*,*,#5671,.T.);
#5693 = ORIENTED_EDGE('',*,*,#5694,.T.);
#5694 = EDGE_CURVE('',#5664,#5695,#5697,.T.);
#5695 = VERTEX_POINT('',#5696);
#5696 = CARTESIAN_POINT('',(73.6618,-43.32945,1.55));
#5697 = LINE('',#5698,#5699);
#5698 = CARTESIAN_POINT('',(73.1538,-43.32945,1.55));
#5699 = VECTOR('',#5700,1.);
#5700 = DIRECTION('',(1.,0.,0.));
#5701 = ORIENTED_EDGE('',*,*,#5702,.F.);
#5702 = EDGE_CURVE('',#5703,#5695,#5705,.T.);
#5703 = VERTEX_POINT('',#5704);
#5704 = CARTESIAN_POINT('',(73.6618,-43.32945,1.51));
#5705 = LINE('',#5706,#5707);
#5706 = CARTESIAN_POINT('',(73.6618,-43.32945,1.51));
#5707 = VECTOR('',#5708,1.);
#5708 = DIRECTION('',(0.,0.,1.));
#5709 = ORIENTED_EDGE('',*,*,#5710,.F.);
#5710 = EDGE_CURVE('',#5672,#5703,#5711,.T.);
#5711 = LINE('',#5712,#5713);
#5712 = CARTESIAN_POINT('',(73.1538,-43.32945,1.51));
#5713 = VECTOR('',#5714,1.);
#5714 = DIRECTION('',(1.,0.,0.));
#5715 = PLANE('',#5716);
#5716 = AXIS2_PLACEMENT_3D('',#5717,#5718,#5719);
#5717 = CARTESIAN_POINT('',(73.1538,-43.32945,1.51));
#5718 = DIRECTION('',(0.,1.,0.));
#5719 = DIRECTION('',(1.,0.,0.));
#5720 = ADVANCED_FACE('',(#5721),#5746,.T.);
#5721 = FACE_BOUND('',#5722,.T.);
#5722 = EDGE_LOOP('',(#5723,#5724,#5732,#5740));
#5723 = ORIENTED_EDGE('',*,*,#5702,.T.);
#5724 = ORIENTED_EDGE('',*,*,#5725,.T.);
#5725 = EDGE_CURVE('',#5695,#5726,#5728,.T.);
#5726 = VERTEX_POINT('',#5727);
#5727 = CARTESIAN_POINT('',(73.6618,-46.02185,1.55));
#5728 = LINE('',#5729,#5730);
#5729 = CARTESIAN_POINT('',(73.6618,-43.32945,1.55));
#5730 = VECTOR('',#5731,1.);
#5731 = DIRECTION('',(0.,-1.,0.));
#5732 = ORIENTED_EDGE('',*,*,#5733,.F.);
#5733 = EDGE_CURVE('',#5734,#5726,#5736,.T.);
#5734 = VERTEX_POINT('',#5735);
#5735 = CARTESIAN_POINT('',(73.6618,-46.02185,1.51));
#5736 = LINE('',#5737,#5738);
#5737 = CARTESIAN_POINT('',(73.6618,-46.02185,1.51));
#5738 = VECTOR('',#5739,1.);
#5739 = DIRECTION('',(0.,0.,1.));
#5740 = ORIENTED_EDGE('',*,*,#5741,.F.);
#5741 = EDGE_CURVE('',#5703,#5734,#5742,.T.);
#5742 = LINE('',#5743,#5744);
#5743 = CARTESIAN_POINT('',(73.6618,-43.32945,1.51));
#5744 = VECTOR('',#5745,1.);
#5745 = DIRECTION('',(0.,-1.,0.));
#5746 = PLANE('',#5747);
#5747 = AXIS2_PLACEMENT_3D('',#5748,#5749,#5750);
#5748 = CARTESIAN_POINT('',(73.6618,-43.32945,1.51));
#5749 = DIRECTION('',(1.,0.,-0.));
#5750 = DIRECTION('',(0.,-1.,0.));
#5751 = ADVANCED_FACE('',(#5752),#5768,.T.);
#5752 = FACE_BOUND('',#5753,.T.);
#5753 = EDGE_LOOP('',(#5754,#5755,#5761,#5762));
#5754 = ORIENTED_EDGE('',*,*,#5733,.T.);
#5755 = ORIENTED_EDGE('',*,*,#5756,.T.);
#5756 = EDGE_CURVE('',#5726,#5656,#5757,.T.);
#5757 = LINE('',#5758,#5759);
#5758 = CARTESIAN_POINT('',(73.6618,-46.02185,1.55));
#5759 = VECTOR('',#5760,1.);
#5760 = DIRECTION('',(-1.,0.,0.));
#5761 = ORIENTED_EDGE('',*,*,#5653,.F.);
#5762 = ORIENTED_EDGE('',*,*,#5763,.F.);
#5763 = EDGE_CURVE('',#5734,#5654,#5764,.T.);
#5764 = LINE('',#5765,#5766);
#5765 = CARTESIAN_POINT('',(73.6618,-46.02185,1.51));
#5766 = VECTOR('',#5767,1.);
#5767 = DIRECTION('',(-1.,0.,0.));
#5768 = PLANE('',#5769);
#5769 = AXIS2_PLACEMENT_3D('',#5770,#5771,#5772);
#5770 = CARTESIAN_POINT('',(73.6618,-46.02185,1.51));
#5771 = DIRECTION('',(0.,-1.,0.));
#5772 = DIRECTION('',(-1.,0.,0.));
#5773 = ADVANCED_FACE('',(#5774),#5780,.F.);
#5774 = FACE_BOUND('',#5775,.T.);
#5775 = EDGE_LOOP('',(#5776,#5777,#5778,#5779));
#5776 = ORIENTED_EDGE('',*,*,#5679,.T.);
#5777 = ORIENTED_EDGE('',*,*,#5710,.T.);
#5778 = ORIENTED_EDGE('',*,*,#5741,.T.);
#5779 = ORIENTED_EDGE('',*,*,#5763,.T.);
#5780 = PLANE('',#5781);
#5781 = AXIS2_PLACEMENT_3D('',#5782,#5783,#5784);
#5782 = CARTESIAN_POINT('',(0.,0.,1.51));
#5783 = DIRECTION('',(0.,0.,1.));
#5784 = DIRECTION('',(1.,0.,-0.));
#5785 = ADVANCED_FACE('',(#5786),#5792,.T.);
#5786 = FACE_BOUND('',#5787,.F.);
#5787 = EDGE_LOOP('',(#5788,#5789,#5790,#5791));
#5788 = ORIENTED_EDGE('',*,*,#5663,.T.);
#5789 = ORIENTED_EDGE('',*,*,#5694,.T.);
#5790 = ORIENTED_EDGE('',*,*,#5725,.T.);
#5791 = ORIENTED_EDGE('',*,*,#5756,.T.);
#5792 = PLANE('',#5793);
#5793 = AXIS2_PLACEMENT_3D('',#5794,#5795,#5796);
#5794 = CARTESIAN_POINT('',(0.,0.,1.55));
#5795 = DIRECTION('',(0.,0.,1.));
#5796 = DIRECTION('',(1.,0.,-0.));
#5797 = MANIFOLD_SOLID_BREP('',#5798);
#5798 = CLOSED_SHELL('',(#5799,#5841,#5872,#5905,#5936,#5969,#6000,#6033
    ,#6055,#6071));
#5799 = ADVANCED_FACE('',(#5800),#5836,.T.);
#5800 = FACE_BOUND('',#5801,.T.);
#5801 = EDGE_LOOP('',(#5802,#5812,#5821,#5829));
#5802 = ORIENTED_EDGE('',*,*,#5803,.T.);
#5803 = EDGE_CURVE('',#5804,#5806,#5808,.T.);
#5804 = VERTEX_POINT('',#5805);
#5805 = CARTESIAN_POINT('',(78.2578,-46.47565,1.51));
#5806 = VERTEX_POINT('',#5807);
#5807 = CARTESIAN_POINT('',(78.2578,-46.47565,1.55));
#5808 = LINE('',#5809,#5810);
#5809 = CARTESIAN_POINT('',(78.2578,-46.47565,1.51));
#5810 = VECTOR('',#5811,1.);
#5811 = DIRECTION('',(0.,0.,1.));
#5812 = ORIENTED_EDGE('',*,*,#5813,.T.);
#5813 = EDGE_CURVE('',#5806,#5814,#5816,.T.);
#5814 = VERTEX_POINT('',#5815);
#5815 = CARTESIAN_POINT('',(78.5078,-46.22565,1.55));
#5816 = CIRCLE('',#5817,0.249998959685);
#5817 = AXIS2_PLACEMENT_3D('',#5818,#5819,#5820);
#5818 = CARTESIAN_POINT('',(78.507798959683,-46.47564895968,1.55));
#5819 = DIRECTION('',(0.,0.,-1.));
#5820 = DIRECTION('',(-0.999999999991,-4.161285837067E-06,-0.));
#5821 = ORIENTED_EDGE('',*,*,#5822,.F.);
#5822 = EDGE_CURVE('',#5823,#5814,#5825,.T.);
#5823 = VERTEX_POINT('',#5824);
#5824 = CARTESIAN_POINT('',(78.5078,-46.22565,1.51));
#5825 = LINE('',#5826,#5827);
#5826 = CARTESIAN_POINT('',(78.5078,-46.22565,1.51));
#5827 = VECTOR('',#5828,1.);
#5828 = DIRECTION('',(0.,0.,1.));
#5829 = ORIENTED_EDGE('',*,*,#5830,.F.);
#5830 = EDGE_CURVE('',#5804,#5823,#5831,.T.);
#5831 = CIRCLE('',#5832,0.249998959685);
#5832 = AXIS2_PLACEMENT_3D('',#5833,#5834,#5835);
#5833 = CARTESIAN_POINT('',(78.507798959683,-46.47564895968,1.51));
#5834 = DIRECTION('',(0.,0.,-1.));
#5835 = DIRECTION('',(-0.999999999991,-4.161285837067E-06,-0.));
#5836 = CYLINDRICAL_SURFACE('',#5837,0.249998959685);
#5837 = AXIS2_PLACEMENT_3D('',#5838,#5839,#5840);
#5838 = CARTESIAN_POINT('',(78.507798959683,-46.47564895968,1.51));
#5839 = DIRECTION('',(0.,0.,-1.));
#5840 = DIRECTION('',(-0.999999999991,-4.161285837067E-06,-0.));
#5841 = ADVANCED_FACE('',(#5842),#5867,.T.);
#5842 = FACE_BOUND('',#5843,.T.);
#5843 = EDGE_LOOP('',(#5844,#5845,#5853,#5861));
#5844 = ORIENTED_EDGE('',*,*,#5822,.T.);
#5845 = ORIENTED_EDGE('',*,*,#5846,.T.);
#5846 = EDGE_CURVE('',#5814,#5847,#5849,.T.);
#5847 = VERTEX_POINT('',#5848);
#5848 = CARTESIAN_POINT('',(80.3078,-46.22565,1.55));
#5849 = LINE('',#5850,#5851);
#5850 = CARTESIAN_POINT('',(78.5078,-46.22565,1.55));
#5851 = VECTOR('',#5852,1.);
#5852 = DIRECTION('',(1.,0.,0.));
#5853 = ORIENTED_EDGE('',*,*,#5854,.F.);
#5854 = EDGE_CURVE('',#5855,#5847,#5857,.T.);
#5855 = VERTEX_POINT('',#5856);
#5856 = CARTESIAN_POINT('',(80.3078,-46.22565,1.51));
#5857 = LINE('',#5858,#5859);
#5858 = CARTESIAN_POINT('',(80.3078,-46.22565,1.51));
#5859 = VECTOR('',#5860,1.);
#5860 = DIRECTION('',(0.,0.,1.));
#5861 = ORIENTED_EDGE('',*,*,#5862,.F.);
#5862 = EDGE_CURVE('',#5823,#5855,#5863,.T.);
#5863 = LINE('',#5864,#5865);
#5864 = CARTESIAN_POINT('',(78.5078,-46.22565,1.51));
#5865 = VECTOR('',#5866,1.);
#5866 = DIRECTION('',(1.,0.,0.));
#5867 = PLANE('',#5868);
#5868 = AXIS2_PLACEMENT_3D('',#5869,#5870,#5871);
#5869 = CARTESIAN_POINT('',(78.5078,-46.22565,1.51));
#5870 = DIRECTION('',(0.,1.,0.));
#5871 = DIRECTION('',(1.,0.,0.));
#5872 = ADVANCED_FACE('',(#5873),#5900,.T.);
#5873 = FACE_BOUND('',#5874,.T.);
#5874 = EDGE_LOOP('',(#5875,#5876,#5885,#5893));
#5875 = ORIENTED_EDGE('',*,*,#5854,.T.);
#5876 = ORIENTED_EDGE('',*,*,#5877,.T.);
#5877 = EDGE_CURVE('',#5847,#5878,#5880,.T.);
#5878 = VERTEX_POINT('',#5879);
#5879 = CARTESIAN_POINT('',(80.5578,-46.47565,1.55));
#5880 = CIRCLE('',#5881,0.249998959685);
#5881 = AXIS2_PLACEMENT_3D('',#5882,#5883,#5884);
#5882 = CARTESIAN_POINT('',(80.307801040317,-46.47564895968,1.55));
#5883 = DIRECTION('',(0.,0.,-1.));
#5884 = DIRECTION('',(-4.161285837066E-06,0.999999999991,0.));
#5885 = ORIENTED_EDGE('',*,*,#5886,.F.);
#5886 = EDGE_CURVE('',#5887,#5878,#5889,.T.);
#5887 = VERTEX_POINT('',#5888);
#5888 = CARTESIAN_POINT('',(80.5578,-46.47565,1.51));
#5889 = LINE('',#5890,#5891);
#5890 = CARTESIAN_POINT('',(80.5578,-46.47565,1.51));
#5891 = VECTOR('',#5892,1.);
#5892 = DIRECTION('',(0.,0.,1.));
#5893 = ORIENTED_EDGE('',*,*,#5894,.F.);
#5894 = EDGE_CURVE('',#5855,#5887,#5895,.T.);
#5895 = CIRCLE('',#5896,0.249998959685);
#5896 = AXIS2_PLACEMENT_3D('',#5897,#5898,#5899);
#5897 = CARTESIAN_POINT('',(80.307801040317,-46.47564895968,1.51));
#5898 = DIRECTION('',(0.,0.,-1.));
#5899 = DIRECTION('',(-4.161285837066E-06,0.999999999991,0.));
#5900 = CYLINDRICAL_SURFACE('',#5901,0.249998959685);
#5901 = AXIS2_PLACEMENT_3D('',#5902,#5903,#5904);
#5902 = CARTESIAN_POINT('',(80.307801040317,-46.47564895968,1.51));
#5903 = DIRECTION('',(0.,0.,-1.));
#5904 = DIRECTION('',(-4.161285837066E-06,0.999999999991,0.));
#5905 = ADVANCED_FACE('',(#5906),#5931,.T.);
#5906 = FACE_BOUND('',#5907,.T.);
#5907 = EDGE_LOOP('',(#5908,#5909,#5917,#5925));
#5908 = ORIENTED_EDGE('',*,*,#5886,.T.);
#5909 = ORIENTED_EDGE('',*,*,#5910,.T.);
#5910 = EDGE_CURVE('',#5878,#5911,#5913,.T.);
#5911 = VERTEX_POINT('',#5912);
#5912 = CARTESIAN_POINT('',(80.5578,-48.47565,1.55));
#5913 = LINE('',#5914,#5915);
#5914 = CARTESIAN_POINT('',(80.5578,-46.47565,1.55));
#5915 = VECTOR('',#5916,1.);
#5916 = DIRECTION('',(0.,-1.,0.));
#5917 = ORIENTED_EDGE('',*,*,#5918,.F.);
#5918 = EDGE_CURVE('',#5919,#5911,#5921,.T.);
#5919 = VERTEX_POINT('',#5920);
#5920 = CARTESIAN_POINT('',(80.5578,-48.47565,1.51));
#5921 = LINE('',#5922,#5923);
#5922 = CARTESIAN_POINT('',(80.5578,-48.47565,1.51));
#5923 = VECTOR('',#5924,1.);
#5924 = DIRECTION('',(0.,0.,1.));
#5925 = ORIENTED_EDGE('',*,*,#5926,.F.);
#5926 = EDGE_CURVE('',#5887,#5919,#5927,.T.);
#5927 = LINE('',#5928,#5929);
#5928 = CARTESIAN_POINT('',(80.5578,-46.47565,1.51));
#5929 = VECTOR('',#5930,1.);
#5930 = DIRECTION('',(0.,-1.,0.));
#5931 = PLANE('',#5932);
#5932 = AXIS2_PLACEMENT_3D('',#5933,#5934,#5935);
#5933 = CARTESIAN_POINT('',(80.5578,-46.47565,1.51));
#5934 = DIRECTION('',(1.,0.,-0.));
#5935 = DIRECTION('',(0.,-1.,0.));
#5936 = ADVANCED_FACE('',(#5937),#5964,.T.);
#5937 = FACE_BOUND('',#5938,.T.);
#5938 = EDGE_LOOP('',(#5939,#5940,#5949,#5957));
#5939 = ORIENTED_EDGE('',*,*,#5918,.T.);
#5940 = ORIENTED_EDGE('',*,*,#5941,.T.);
#5941 = EDGE_CURVE('',#5911,#5942,#5944,.T.);
#5942 = VERTEX_POINT('',#5943);
#5943 = CARTESIAN_POINT('',(80.3078,-48.72565,1.55));
#5944 = CIRCLE('',#5945,0.249998959685);
#5945 = AXIS2_PLACEMENT_3D('',#5946,#5947,#5948);
#5946 = CARTESIAN_POINT('',(80.307801040317,-48.47565104031,1.55));
#5947 = DIRECTION('',(0.,0.,-1.));
#5948 = DIRECTION('',(0.999999999991,4.161285837066E-06,0.));
#5949 = ORIENTED_EDGE('',*,*,#5950,.F.);
#5950 = EDGE_CURVE('',#5951,#5942,#5953,.T.);
#5951 = VERTEX_POINT('',#5952);
#5952 = CARTESIAN_POINT('',(80.3078,-48.72565,1.51));
#5953 = LINE('',#5954,#5955);
#5954 = CARTESIAN_POINT('',(80.3078,-48.72565,1.51));
#5955 = VECTOR('',#5956,1.);
#5956 = DIRECTION('',(0.,0.,1.));
#5957 = ORIENTED_EDGE('',*,*,#5958,.F.);
#5958 = EDGE_CURVE('',#5919,#5951,#5959,.T.);
#5959 = CIRCLE('',#5960,0.249998959685);
#5960 = AXIS2_PLACEMENT_3D('',#5961,#5962,#5963);
#5961 = CARTESIAN_POINT('',(80.307801040317,-48.47565104031,1.51));
#5962 = DIRECTION('',(0.,0.,-1.));
#5963 = DIRECTION('',(0.999999999991,4.161285837066E-06,0.));
#5964 = CYLINDRICAL_SURFACE('',#5965,0.249998959685);
#5965 = AXIS2_PLACEMENT_3D('',#5966,#5967,#5968);
#5966 = CARTESIAN_POINT('',(80.307801040317,-48.47565104031,1.51));
#5967 = DIRECTION('',(0.,0.,-1.));
#5968 = DIRECTION('',(0.999999999991,4.161285837066E-06,0.));
#5969 = ADVANCED_FACE('',(#5970),#5995,.T.);
#5970 = FACE_BOUND('',#5971,.T.);
#5971 = EDGE_LOOP('',(#5972,#5973,#5981,#5989));
#5972 = ORIENTED_EDGE('',*,*,#5950,.T.);
#5973 = ORIENTED_EDGE('',*,*,#5974,.T.);
#5974 = EDGE_CURVE('',#5942,#5975,#5977,.T.);
#5975 = VERTEX_POINT('',#5976);
#5976 = CARTESIAN_POINT('',(78.5078,-48.72565,1.55));
#5977 = LINE('',#5978,#5979);
#5978 = CARTESIAN_POINT('',(80.3078,-48.72565,1.55));
#5979 = VECTOR('',#5980,1.);
#5980 = DIRECTION('',(-1.,0.,0.));
#5981 = ORIENTED_EDGE('',*,*,#5982,.F.);
#5982 = EDGE_CURVE('',#5983,#5975,#5985,.T.);
#5983 = VERTEX_POINT('',#5984);
#5984 = CARTESIAN_POINT('',(78.5078,-48.72565,1.51));
#5985 = LINE('',#5986,#5987);
#5986 = CARTESIAN_POINT('',(78.5078,-48.72565,1.51));
#5987 = VECTOR('',#5988,1.);
#5988 = DIRECTION('',(0.,0.,1.));
#5989 = ORIENTED_EDGE('',*,*,#5990,.F.);
#5990 = EDGE_CURVE('',#5951,#5983,#5991,.T.);
#5991 = LINE('',#5992,#5993);
#5992 = CARTESIAN_POINT('',(80.3078,-48.72565,1.51));
#5993 = VECTOR('',#5994,1.);
#5994 = DIRECTION('',(-1.,0.,0.));
#5995 = PLANE('',#5996);
#5996 = AXIS2_PLACEMENT_3D('',#5997,#5998,#5999);
#5997 = CARTESIAN_POINT('',(80.3078,-48.72565,1.51));
#5998 = DIRECTION('',(0.,-1.,0.));
#5999 = DIRECTION('',(-1.,0.,0.));
#6000 = ADVANCED_FACE('',(#6001),#6028,.T.);
#6001 = FACE_BOUND('',#6002,.T.);
#6002 = EDGE_LOOP('',(#6003,#6004,#6013,#6021));
#6003 = ORIENTED_EDGE('',*,*,#5982,.T.);
#6004 = ORIENTED_EDGE('',*,*,#6005,.T.);
#6005 = EDGE_CURVE('',#5975,#6006,#6008,.T.);
#6006 = VERTEX_POINT('',#6007);
#6007 = CARTESIAN_POINT('',(78.2578,-48.47565,1.55));
#6008 = CIRCLE('',#6009,0.249998959685);
#6009 = AXIS2_PLACEMENT_3D('',#6010,#6011,#6012);
#6010 = CARTESIAN_POINT('',(78.507798959683,-48.47565104031,1.55));
#6011 = DIRECTION('',(0.,0.,-1.));
#6012 = DIRECTION('',(4.16128589391E-06,-0.999999999991,0.));
#6013 = ORIENTED_EDGE('',*,*,#6014,.F.);
#6014 = EDGE_CURVE('',#6015,#6006,#6017,.T.);
#6015 = VERTEX_POINT('',#6016);
#6016 = CARTESIAN_POINT('',(78.2578,-48.47565,1.51));
#6017 = LINE('',#6018,#6019);
#6018 = CARTESIAN_POINT('',(78.2578,-48.47565,1.51));
#6019 = VECTOR('',#6020,1.);
#6020 = DIRECTION('',(0.,0.,1.));
#6021 = ORIENTED_EDGE('',*,*,#6022,.F.);
#6022 = EDGE_CURVE('',#5983,#6015,#6023,.T.);
#6023 = CIRCLE('',#6024,0.249998959685);
#6024 = AXIS2_PLACEMENT_3D('',#6025,#6026,#6027);
#6025 = CARTESIAN_POINT('',(78.507798959683,-48.47565104031,1.51));
#6026 = DIRECTION('',(0.,0.,-1.));
#6027 = DIRECTION('',(4.16128589391E-06,-0.999999999991,0.));
#6028 = CYLINDRICAL_SURFACE('',#6029,0.249998959685);
#6029 = AXIS2_PLACEMENT_3D('',#6030,#6031,#6032);
#6030 = CARTESIAN_POINT('',(78.507798959683,-48.47565104031,1.51));
#6031 = DIRECTION('',(0.,0.,-1.));
#6032 = DIRECTION('',(4.16128589391E-06,-0.999999999991,0.));
#6033 = ADVANCED_FACE('',(#6034),#6050,.T.);
#6034 = FACE_BOUND('',#6035,.T.);
#6035 = EDGE_LOOP('',(#6036,#6037,#6043,#6044));
#6036 = ORIENTED_EDGE('',*,*,#6014,.T.);
#6037 = ORIENTED_EDGE('',*,*,#6038,.T.);
#6038 = EDGE_CURVE('',#6006,#5806,#6039,.T.);
#6039 = LINE('',#6040,#6041);
#6040 = CARTESIAN_POINT('',(78.2578,-48.47565,1.55));
#6041 = VECTOR('',#6042,1.);
#6042 = DIRECTION('',(0.,1.,0.));
#6043 = ORIENTED_EDGE('',*,*,#5803,.F.);
#6044 = ORIENTED_EDGE('',*,*,#6045,.F.);
#6045 = EDGE_CURVE('',#6015,#5804,#6046,.T.);
#6046 = LINE('',#6047,#6048);
#6047 = CARTESIAN_POINT('',(78.2578,-48.47565,1.51));
#6048 = VECTOR('',#6049,1.);
#6049 = DIRECTION('',(0.,1.,0.));
#6050 = PLANE('',#6051);
#6051 = AXIS2_PLACEMENT_3D('',#6052,#6053,#6054);
#6052 = CARTESIAN_POINT('',(78.2578,-48.47565,1.51));
#6053 = DIRECTION('',(-1.,0.,0.));
#6054 = DIRECTION('',(0.,1.,0.));
#6055 = ADVANCED_FACE('',(#6056),#6066,.F.);
#6056 = FACE_BOUND('',#6057,.T.);
#6057 = EDGE_LOOP('',(#6058,#6059,#6060,#6061,#6062,#6063,#6064,#6065));
#6058 = ORIENTED_EDGE('',*,*,#5830,.T.);
#6059 = ORIENTED_EDGE('',*,*,#5862,.T.);
#6060 = ORIENTED_EDGE('',*,*,#5894,.T.);
#6061 = ORIENTED_EDGE('',*,*,#5926,.T.);
#6062 = ORIENTED_EDGE('',*,*,#5958,.T.);
#6063 = ORIENTED_EDGE('',*,*,#5990,.T.);
#6064 = ORIENTED_EDGE('',*,*,#6022,.T.);
#6065 = ORIENTED_EDGE('',*,*,#6045,.T.);
#6066 = PLANE('',#6067);
#6067 = AXIS2_PLACEMENT_3D('',#6068,#6069,#6070);
#6068 = CARTESIAN_POINT('',(0.,0.,1.51));
#6069 = DIRECTION('',(0.,0.,1.));
#6070 = DIRECTION('',(1.,0.,-0.));
#6071 = ADVANCED_FACE('',(#6072),#6082,.T.);
#6072 = FACE_BOUND('',#6073,.F.);
#6073 = EDGE_LOOP('',(#6074,#6075,#6076,#6077,#6078,#6079,#6080,#6081));
#6074 = ORIENTED_EDGE('',*,*,#5813,.T.);
#6075 = ORIENTED_EDGE('',*,*,#5846,.T.);
#6076 = ORIENTED_EDGE('',*,*,#5877,.T.);
#6077 = ORIENTED_EDGE('',*,*,#5910,.T.);
#6078 = ORIENTED_EDGE('',*,*,#5941,.T.);
#6079 = ORIENTED_EDGE('',*,*,#5974,.T.);
#6080 = ORIENTED_EDGE('',*,*,#6005,.T.);
#6081 = ORIENTED_EDGE('',*,*,#6038,.T.);
#6082 = PLANE('',#6083);
#6083 = AXIS2_PLACEMENT_3D('',#6084,#6085,#6086);
#6084 = CARTESIAN_POINT('',(0.,0.,1.55));
#6085 = DIRECTION('',(0.,0.,1.));
#6086 = DIRECTION('',(1.,0.,-0.));
#6087 = MANIFOLD_SOLID_BREP('',#6088);
#6088 = CLOSED_SHELL('',(#6089,#6131,#6162,#6195,#6226,#6259,#6290,#6323
    ,#6345,#6361));
#6089 = ADVANCED_FACE('',(#6090),#6126,.T.);
#6090 = FACE_BOUND('',#6091,.T.);
#6091 = EDGE_LOOP('',(#6092,#6102,#6111,#6119));
#6092 = ORIENTED_EDGE('',*,*,#6093,.T.);
#6093 = EDGE_CURVE('',#6094,#6096,#6098,.T.);
#6094 = VERTEX_POINT('',#6095);
#6095 = CARTESIAN_POINT('',(70.8328,-39.52565,1.51));
#6096 = VERTEX_POINT('',#6097);
#6097 = CARTESIAN_POINT('',(70.8328,-39.52565,1.55));
#6098 = LINE('',#6099,#6100);
#6099 = CARTESIAN_POINT('',(70.8328,-39.52565,1.51));
#6100 = VECTOR('',#6101,1.);
#6101 = DIRECTION('',(0.,0.,1.));
#6102 = ORIENTED_EDGE('',*,*,#6103,.T.);
#6103 = EDGE_CURVE('',#6096,#6104,#6106,.T.);
#6104 = VERTEX_POINT('',#6105);
#6105 = CARTESIAN_POINT('',(71.0828,-39.27565,1.55));
#6106 = CIRCLE('',#6107,0.249998959685);
#6107 = AXIS2_PLACEMENT_3D('',#6108,#6109,#6110);
#6108 = CARTESIAN_POINT('',(71.082798959683,-39.52564895968,1.55));
#6109 = DIRECTION('',(0.,0.,-1.));
#6110 = DIRECTION('',(-0.999999999991,-4.161285837066E-06,-0.));
#6111 = ORIENTED_EDGE('',*,*,#6112,.F.);
#6112 = EDGE_CURVE('',#6113,#6104,#6115,.T.);
#6113 = VERTEX_POINT('',#6114);
#6114 = CARTESIAN_POINT('',(71.0828,-39.27565,1.51));
#6115 = LINE('',#6116,#6117);
#6116 = CARTESIAN_POINT('',(71.0828,-39.27565,1.51));
#6117 = VECTOR('',#6118,1.);
#6118 = DIRECTION('',(0.,0.,1.));
#6119 = ORIENTED_EDGE('',*,*,#6120,.F.);
#6120 = EDGE_CURVE('',#6094,#6113,#6121,.T.);
#6121 = CIRCLE('',#6122,0.249998959685);
#6122 = AXIS2_PLACEMENT_3D('',#6123,#6124,#6125);
#6123 = CARTESIAN_POINT('',(71.082798959683,-39.52564895968,1.51));
#6124 = DIRECTION('',(0.,0.,-1.));
#6125 = DIRECTION('',(-0.999999999991,-4.161285837066E-06,-0.));
#6126 = CYLINDRICAL_SURFACE('',#6127,0.249998959685);
#6127 = AXIS2_PLACEMENT_3D('',#6128,#6129,#6130);
#6128 = CARTESIAN_POINT('',(71.082798959683,-39.52564895968,1.51));
#6129 = DIRECTION('',(0.,0.,-1.));
#6130 = DIRECTION('',(-0.999999999991,-4.161285837066E-06,-0.));
#6131 = ADVANCED_FACE('',(#6132),#6157,.T.);
#6132 = FACE_BOUND('',#6133,.T.);
#6133 = EDGE_LOOP('',(#6134,#6135,#6143,#6151));
#6134 = ORIENTED_EDGE('',*,*,#6112,.T.);
#6135 = ORIENTED_EDGE('',*,*,#6136,.T.);
#6136 = EDGE_CURVE('',#6104,#6137,#6139,.T.);
#6137 = VERTEX_POINT('',#6138);
#6138 = CARTESIAN_POINT('',(71.7328,-39.27565,1.55));
#6139 = LINE('',#6140,#6141);
#6140 = CARTESIAN_POINT('',(71.0828,-39.27565,1.55));
#6141 = VECTOR('',#6142,1.);
#6142 = DIRECTION('',(1.,0.,0.));
#6143 = ORIENTED_EDGE('',*,*,#6144,.F.);
#6144 = EDGE_CURVE('',#6145,#6137,#6147,.T.);
#6145 = VERTEX_POINT('',#6146);
#6146 = CARTESIAN_POINT('',(71.7328,-39.27565,1.51));
#6147 = LINE('',#6148,#6149);
#6148 = CARTESIAN_POINT('',(71.7328,-39.27565,1.51));
#6149 = VECTOR('',#6150,1.);
#6150 = DIRECTION('',(0.,0.,1.));
#6151 = ORIENTED_EDGE('',*,*,#6152,.F.);
#6152 = EDGE_CURVE('',#6113,#6145,#6153,.T.);
#6153 = LINE('',#6154,#6155);
#6154 = CARTESIAN_POINT('',(71.0828,-39.27565,1.51));
#6155 = VECTOR('',#6156,1.);
#6156 = DIRECTION('',(1.,0.,0.));
#6157 = PLANE('',#6158);
#6158 = AXIS2_PLACEMENT_3D('',#6159,#6160,#6161);
#6159 = CARTESIAN_POINT('',(71.0828,-39.27565,1.51));
#6160 = DIRECTION('',(0.,1.,0.));
#6161 = DIRECTION('',(1.,0.,0.));
#6162 = ADVANCED_FACE('',(#6163),#6190,.T.);
#6163 = FACE_BOUND('',#6164,.T.);
#6164 = EDGE_LOOP('',(#6165,#6166,#6175,#6183));
#6165 = ORIENTED_EDGE('',*,*,#6144,.T.);
#6166 = ORIENTED_EDGE('',*,*,#6167,.T.);
#6167 = EDGE_CURVE('',#6137,#6168,#6170,.T.);
#6168 = VERTEX_POINT('',#6169);
#6169 = CARTESIAN_POINT('',(71.9828,-39.52565,1.55));
#6170 = CIRCLE('',#6171,0.249998959685);
#6171 = AXIS2_PLACEMENT_3D('',#6172,#6173,#6174);
#6172 = CARTESIAN_POINT('',(71.732801040317,-39.52564895968,1.55));
#6173 = DIRECTION('',(0.,0.,-1.));
#6174 = DIRECTION('',(-4.16128589391E-06,0.999999999991,0.));
#6175 = ORIENTED_EDGE('',*,*,#6176,.F.);
#6176 = EDGE_CURVE('',#6177,#6168,#6179,.T.);
#6177 = VERTEX_POINT('',#6178);
#6178 = CARTESIAN_POINT('',(71.9828,-39.52565,1.51));
#6179 = LINE('',#6180,#6181);
#6180 = CARTESIAN_POINT('',(71.9828,-39.52565,1.51));
#6181 = VECTOR('',#6182,1.);
#6182 = DIRECTION('',(0.,0.,1.));
#6183 = ORIENTED_EDGE('',*,*,#6184,.F.);
#6184 = EDGE_CURVE('',#6145,#6177,#6185,.T.);
#6185 = CIRCLE('',#6186,0.249998959685);
#6186 = AXIS2_PLACEMENT_3D('',#6187,#6188,#6189);
#6187 = CARTESIAN_POINT('',(71.732801040317,-39.52564895968,1.51));
#6188 = DIRECTION('',(0.,0.,-1.));
#6189 = DIRECTION('',(-4.16128589391E-06,0.999999999991,0.));
#6190 = CYLINDRICAL_SURFACE('',#6191,0.249998959685);
#6191 = AXIS2_PLACEMENT_3D('',#6192,#6193,#6194);
#6192 = CARTESIAN_POINT('',(71.732801040317,-39.52564895968,1.51));
#6193 = DIRECTION('',(0.,0.,-1.));
#6194 = DIRECTION('',(-4.16128589391E-06,0.999999999991,0.));
#6195 = ADVANCED_FACE('',(#6196),#6221,.T.);
#6196 = FACE_BOUND('',#6197,.T.);
#6197 = EDGE_LOOP('',(#6198,#6199,#6207,#6215));
#6198 = ORIENTED_EDGE('',*,*,#6176,.T.);
#6199 = ORIENTED_EDGE('',*,*,#6200,.T.);
#6200 = EDGE_CURVE('',#6168,#6201,#6203,.T.);
#6201 = VERTEX_POINT('',#6202);
#6202 = CARTESIAN_POINT('',(71.9828,-40.82565,1.55));
#6203 = LINE('',#6204,#6205);
#6204 = CARTESIAN_POINT('',(71.9828,-39.52565,1.55));
#6205 = VECTOR('',#6206,1.);
#6206 = DIRECTION('',(0.,-1.,0.));
#6207 = ORIENTED_EDGE('',*,*,#6208,.F.);
#6208 = EDGE_CURVE('',#6209,#6201,#6211,.T.);
#6209 = VERTEX_POINT('',#6210);
#6210 = CARTESIAN_POINT('',(71.9828,-40.82565,1.51));
#6211 = LINE('',#6212,#6213);
#6212 = CARTESIAN_POINT('',(71.9828,-40.82565,1.51));
#6213 = VECTOR('',#6214,1.);
#6214 = DIRECTION('',(0.,0.,1.));
#6215 = ORIENTED_EDGE('',*,*,#6216,.F.);
#6216 = EDGE_CURVE('',#6177,#6209,#6217,.T.);
#6217 = LINE('',#6218,#6219);
#6218 = CARTESIAN_POINT('',(71.9828,-39.52565,1.51));
#6219 = VECTOR('',#6220,1.);
#6220 = DIRECTION('',(0.,-1.,0.));
#6221 = PLANE('',#6222);
#6222 = AXIS2_PLACEMENT_3D('',#6223,#6224,#6225);
#6223 = CARTESIAN_POINT('',(71.9828,-39.52565,1.51));
#6224 = DIRECTION('',(1.,0.,-0.));
#6225 = DIRECTION('',(0.,-1.,0.));
#6226 = ADVANCED_FACE('',(#6227),#6254,.T.);
#6227 = FACE_BOUND('',#6228,.T.);
#6228 = EDGE_LOOP('',(#6229,#6230,#6239,#6247));
#6229 = ORIENTED_EDGE('',*,*,#6208,.T.);
#6230 = ORIENTED_EDGE('',*,*,#6231,.T.);
#6231 = EDGE_CURVE('',#6201,#6232,#6234,.T.);
#6232 = VERTEX_POINT('',#6233);
#6233 = CARTESIAN_POINT('',(71.7328,-41.07565,1.55));
#6234 = CIRCLE('',#6235,0.249998959685);
#6235 = AXIS2_PLACEMENT_3D('',#6236,#6237,#6238);
#6236 = CARTESIAN_POINT('',(71.732801040317,-40.82565104031,1.55));
#6237 = DIRECTION('',(0.,0.,-1.));
#6238 = DIRECTION('',(0.999999999991,4.161285808645E-06,0.));
#6239 = ORIENTED_EDGE('',*,*,#6240,.F.);
#6240 = EDGE_CURVE('',#6241,#6232,#6243,.T.);
#6241 = VERTEX_POINT('',#6242);
#6242 = CARTESIAN_POINT('',(71.7328,-41.07565,1.51));
#6243 = LINE('',#6244,#6245);
#6244 = CARTESIAN_POINT('',(71.7328,-41.07565,1.51));
#6245 = VECTOR('',#6246,1.);
#6246 = DIRECTION('',(0.,0.,1.));
#6247 = ORIENTED_EDGE('',*,*,#6248,.F.);
#6248 = EDGE_CURVE('',#6209,#6241,#6249,.T.);
#6249 = CIRCLE('',#6250,0.249998959685);
#6250 = AXIS2_PLACEMENT_3D('',#6251,#6252,#6253);
#6251 = CARTESIAN_POINT('',(71.732801040317,-40.82565104031,1.51));
#6252 = DIRECTION('',(0.,0.,-1.));
#6253 = DIRECTION('',(0.999999999991,4.161285808645E-06,0.));
#6254 = CYLINDRICAL_SURFACE('',#6255,0.249998959685);
#6255 = AXIS2_PLACEMENT_3D('',#6256,#6257,#6258);
#6256 = CARTESIAN_POINT('',(71.732801040317,-40.82565104031,1.51));
#6257 = DIRECTION('',(0.,0.,-1.));
#6258 = DIRECTION('',(0.999999999991,4.161285808645E-06,0.));
#6259 = ADVANCED_FACE('',(#6260),#6285,.T.);
#6260 = FACE_BOUND('',#6261,.T.);
#6261 = EDGE_LOOP('',(#6262,#6263,#6271,#6279));
#6262 = ORIENTED_EDGE('',*,*,#6240,.T.);
#6263 = ORIENTED_EDGE('',*,*,#6264,.T.);
#6264 = EDGE_CURVE('',#6232,#6265,#6267,.T.);
#6265 = VERTEX_POINT('',#6266);
#6266 = CARTESIAN_POINT('',(71.0828,-41.07565,1.55));
#6267 = LINE('',#6268,#6269);
#6268 = CARTESIAN_POINT('',(71.7328,-41.07565,1.55));
#6269 = VECTOR('',#6270,1.);
#6270 = DIRECTION('',(-1.,0.,0.));
#6271 = ORIENTED_EDGE('',*,*,#6272,.F.);
#6272 = EDGE_CURVE('',#6273,#6265,#6275,.T.);
#6273 = VERTEX_POINT('',#6274);
#6274 = CARTESIAN_POINT('',(71.0828,-41.07565,1.51));
#6275 = LINE('',#6276,#6277);
#6276 = CARTESIAN_POINT('',(71.0828,-41.07565,1.51));
#6277 = VECTOR('',#6278,1.);
#6278 = DIRECTION('',(0.,0.,1.));
#6279 = ORIENTED_EDGE('',*,*,#6280,.F.);
#6280 = EDGE_CURVE('',#6241,#6273,#6281,.T.);
#6281 = LINE('',#6282,#6283);
#6282 = CARTESIAN_POINT('',(71.7328,-41.07565,1.51));
#6283 = VECTOR('',#6284,1.);
#6284 = DIRECTION('',(-1.,0.,0.));
#6285 = PLANE('',#6286);
#6286 = AXIS2_PLACEMENT_3D('',#6287,#6288,#6289);
#6287 = CARTESIAN_POINT('',(71.7328,-41.07565,1.51));
#6288 = DIRECTION('',(0.,-1.,0.));
#6289 = DIRECTION('',(-1.,0.,0.));
#6290 = ADVANCED_FACE('',(#6291),#6318,.T.);
#6291 = FACE_BOUND('',#6292,.T.);
#6292 = EDGE_LOOP('',(#6293,#6294,#6303,#6311));
#6293 = ORIENTED_EDGE('',*,*,#6272,.T.);
#6294 = ORIENTED_EDGE('',*,*,#6295,.T.);
#6295 = EDGE_CURVE('',#6265,#6296,#6298,.T.);
#6296 = VERTEX_POINT('',#6297);
#6297 = CARTESIAN_POINT('',(70.8328,-40.82565,1.55));
#6298 = CIRCLE('',#6299,0.249998959685);
#6299 = AXIS2_PLACEMENT_3D('',#6300,#6301,#6302);
#6300 = CARTESIAN_POINT('',(71.082798959683,-40.82565104031,1.55));
#6301 = DIRECTION('',(0.,0.,-1.));
#6302 = DIRECTION('',(4.161285780223E-06,-0.999999999991,0.));
#6303 = ORIENTED_EDGE('',*,*,#6304,.F.);
#6304 = EDGE_CURVE('',#6305,#6296,#6307,.T.);
#6305 = VERTEX_POINT('',#6306);
#6306 = CARTESIAN_POINT('',(70.8328,-40.82565,1.51));
#6307 = LINE('',#6308,#6309);
#6308 = CARTESIAN_POINT('',(70.8328,-40.82565,1.51));
#6309 = VECTOR('',#6310,1.);
#6310 = DIRECTION('',(0.,0.,1.));
#6311 = ORIENTED_EDGE('',*,*,#6312,.F.);
#6312 = EDGE_CURVE('',#6273,#6305,#6313,.T.);
#6313 = CIRCLE('',#6314,0.249998959685);
#6314 = AXIS2_PLACEMENT_3D('',#6315,#6316,#6317);
#6315 = CARTESIAN_POINT('',(71.082798959683,-40.82565104031,1.51));
#6316 = DIRECTION('',(0.,0.,-1.));
#6317 = DIRECTION('',(4.161285780223E-06,-0.999999999991,0.));
#6318 = CYLINDRICAL_SURFACE('',#6319,0.249998959685);
#6319 = AXIS2_PLACEMENT_3D('',#6320,#6321,#6322);
#6320 = CARTESIAN_POINT('',(71.082798959683,-40.82565104031,1.51));
#6321 = DIRECTION('',(0.,0.,-1.));
#6322 = DIRECTION('',(4.161285780223E-06,-0.999999999991,0.));
#6323 = ADVANCED_FACE('',(#6324),#6340,.T.);
#6324 = FACE_BOUND('',#6325,.T.);
#6325 = EDGE_LOOP('',(#6326,#6327,#6333,#6334));
#6326 = ORIENTED_EDGE('',*,*,#6304,.T.);
#6327 = ORIENTED_EDGE('',*,*,#6328,.T.);
#6328 = EDGE_CURVE('',#6296,#6096,#6329,.T.);
#6329 = LINE('',#6330,#6331);
#6330 = CARTESIAN_POINT('',(70.8328,-40.82565,1.55));
#6331 = VECTOR('',#6332,1.);
#6332 = DIRECTION('',(0.,1.,0.));
#6333 = ORIENTED_EDGE('',*,*,#6093,.F.);
#6334 = ORIENTED_EDGE('',*,*,#6335,.F.);
#6335 = EDGE_CURVE('',#6305,#6094,#6336,.T.);
#6336 = LINE('',#6337,#6338);
#6337 = CARTESIAN_POINT('',(70.8328,-40.82565,1.51));
#6338 = VECTOR('',#6339,1.);
#6339 = DIRECTION('',(0.,1.,0.));
#6340 = PLANE('',#6341);
#6341 = AXIS2_PLACEMENT_3D('',#6342,#6343,#6344);
#6342 = CARTESIAN_POINT('',(70.8328,-40.82565,1.51));
#6343 = DIRECTION('',(-1.,0.,0.));
#6344 = DIRECTION('',(0.,1.,0.));
#6345 = ADVANCED_FACE('',(#6346),#6356,.F.);
#6346 = FACE_BOUND('',#6347,.T.);
#6347 = EDGE_LOOP('',(#6348,#6349,#6350,#6351,#6352,#6353,#6354,#6355));
#6348 = ORIENTED_EDGE('',*,*,#6120,.T.);
#6349 = ORIENTED_EDGE('',*,*,#6152,.T.);
#6350 = ORIENTED_EDGE('',*,*,#6184,.T.);
#6351 = ORIENTED_EDGE('',*,*,#6216,.T.);
#6352 = ORIENTED_EDGE('',*,*,#6248,.T.);
#6353 = ORIENTED_EDGE('',*,*,#6280,.T.);
#6354 = ORIENTED_EDGE('',*,*,#6312,.T.);
#6355 = ORIENTED_EDGE('',*,*,#6335,.T.);
#6356 = PLANE('',#6357);
#6357 = AXIS2_PLACEMENT_3D('',#6358,#6359,#6360);
#6358 = CARTESIAN_POINT('',(0.,0.,1.51));
#6359 = DIRECTION('',(0.,0.,1.));
#6360 = DIRECTION('',(1.,0.,-0.));
#6361 = ADVANCED_FACE('',(#6362),#6372,.T.);
#6362 = FACE_BOUND('',#6363,.F.);
#6363 = EDGE_LOOP('',(#6364,#6365,#6366,#6367,#6368,#6369,#6370,#6371));
#6364 = ORIENTED_EDGE('',*,*,#6103,.T.);
#6365 = ORIENTED_EDGE('',*,*,#6136,.T.);
#6366 = ORIENTED_EDGE('',*,*,#6167,.T.);
#6367 = ORIENTED_EDGE('',*,*,#6200,.T.);
#6368 = ORIENTED_EDGE('',*,*,#6231,.T.);
#6369 = ORIENTED_EDGE('',*,*,#6264,.T.);
#6370 = ORIENTED_EDGE('',*,*,#6295,.T.);
#6371 = ORIENTED_EDGE('',*,*,#6328,.T.);
#6372 = PLANE('',#6373);
#6373 = AXIS2_PLACEMENT_3D('',#6374,#6375,#6376);
#6374 = CARTESIAN_POINT('',(0.,0.,1.55));
#6375 = DIRECTION('',(0.,0.,1.));
#6376 = DIRECTION('',(1.,0.,-0.));
#6377 = MANIFOLD_SOLID_BREP('',#6378);
#6378 = CLOSED_SHELL('',(#6379,#6421,#6452,#6485,#6516,#6549,#6580,#6613
    ,#6635,#6651));
#6379 = ADVANCED_FACE('',(#6380),#6416,.T.);
#6380 = FACE_BOUND('',#6381,.T.);
#6381 = EDGE_LOOP('',(#6382,#6392,#6401,#6409));
#6382 = ORIENTED_EDGE('',*,*,#6383,.T.);
#6383 = EDGE_CURVE('',#6384,#6386,#6388,.T.);
#6384 = VERTEX_POINT('',#6385);
#6385 = CARTESIAN_POINT('',(64.9828,-39.55065,1.51));
#6386 = VERTEX_POINT('',#6387);
#6387 = CARTESIAN_POINT('',(64.9828,-39.55065,1.55));
#6388 = LINE('',#6389,#6390);
#6389 = CARTESIAN_POINT('',(64.9828,-39.55065,1.51));
#6390 = VECTOR('',#6391,1.);
#6391 = DIRECTION('',(0.,0.,1.));
#6392 = ORIENTED_EDGE('',*,*,#6393,.T.);
#6393 = EDGE_CURVE('',#6386,#6394,#6396,.T.);
#6394 = VERTEX_POINT('',#6395);
#6395 = CARTESIAN_POINT('',(65.2328,-39.30065,1.55));
#6396 = CIRCLE('',#6397,0.249998959685);
#6397 = AXIS2_PLACEMENT_3D('',#6398,#6399,#6400);
#6398 = CARTESIAN_POINT('',(65.232798959683,-39.55064895968,1.55));
#6399 = DIRECTION('',(0.,0.,-1.));
#6400 = DIRECTION('',(-0.999999999991,-4.161285808645E-06,-0.));
#6401 = ORIENTED_EDGE('',*,*,#6402,.F.);
#6402 = EDGE_CURVE('',#6403,#6394,#6405,.T.);
#6403 = VERTEX_POINT('',#6404);
#6404 = CARTESIAN_POINT('',(65.2328,-39.30065,1.51));
#6405 = LINE('',#6406,#6407);
#6406 = CARTESIAN_POINT('',(65.2328,-39.30065,1.51));
#6407 = VECTOR('',#6408,1.);
#6408 = DIRECTION('',(0.,0.,1.));
#6409 = ORIENTED_EDGE('',*,*,#6410,.F.);
#6410 = EDGE_CURVE('',#6384,#6403,#6411,.T.);
#6411 = CIRCLE('',#6412,0.249998959685);
#6412 = AXIS2_PLACEMENT_3D('',#6413,#6414,#6415);
#6413 = CARTESIAN_POINT('',(65.232798959683,-39.55064895968,1.51));
#6414 = DIRECTION('',(0.,0.,-1.));
#6415 = DIRECTION('',(-0.999999999991,-4.161285808645E-06,-0.));
#6416 = CYLINDRICAL_SURFACE('',#6417,0.249998959685);
#6417 = AXIS2_PLACEMENT_3D('',#6418,#6419,#6420);
#6418 = CARTESIAN_POINT('',(65.232798959683,-39.55064895968,1.51));
#6419 = DIRECTION('',(0.,0.,-1.));
#6420 = DIRECTION('',(-0.999999999991,-4.161285808645E-06,-0.));
#6421 = ADVANCED_FACE('',(#6422),#6447,.T.);
#6422 = FACE_BOUND('',#6423,.T.);
#6423 = EDGE_LOOP('',(#6424,#6425,#6433,#6441));
#6424 = ORIENTED_EDGE('',*,*,#6402,.T.);
#6425 = ORIENTED_EDGE('',*,*,#6426,.T.);
#6426 = EDGE_CURVE('',#6394,#6427,#6429,.T.);
#6427 = VERTEX_POINT('',#6428);
#6428 = CARTESIAN_POINT('',(65.9828,-39.30065,1.55));
#6429 = LINE('',#6430,#6431);
#6430 = CARTESIAN_POINT('',(65.2328,-39.30065,1.55));
#6431 = VECTOR('',#6432,1.);
#6432 = DIRECTION('',(1.,0.,0.));
#6433 = ORIENTED_EDGE('',*,*,#6434,.F.);
#6434 = EDGE_CURVE('',#6435,#6427,#6437,.T.);
#6435 = VERTEX_POINT('',#6436);
#6436 = CARTESIAN_POINT('',(65.9828,-39.30065,1.51));
#6437 = LINE('',#6438,#6439);
#6438 = CARTESIAN_POINT('',(65.9828,-39.30065,1.51));
#6439 = VECTOR('',#6440,1.);
#6440 = DIRECTION('',(0.,0.,1.));
#6441 = ORIENTED_EDGE('',*,*,#6442,.F.);
#6442 = EDGE_CURVE('',#6403,#6435,#6443,.T.);
#6443 = LINE('',#6444,#6445);
#6444 = CARTESIAN_POINT('',(65.2328,-39.30065,1.51));
#6445 = VECTOR('',#6446,1.);
#6446 = DIRECTION('',(1.,0.,0.));
#6447 = PLANE('',#6448);
#6448 = AXIS2_PLACEMENT_3D('',#6449,#6450,#6451);
#6449 = CARTESIAN_POINT('',(65.2328,-39.30065,1.51));
#6450 = DIRECTION('',(0.,1.,0.));
#6451 = DIRECTION('',(1.,0.,0.));
#6452 = ADVANCED_FACE('',(#6453),#6480,.T.);
#6453 = FACE_BOUND('',#6454,.T.);
#6454 = EDGE_LOOP('',(#6455,#6456,#6465,#6473));
#6455 = ORIENTED_EDGE('',*,*,#6434,.T.);
#6456 = ORIENTED_EDGE('',*,*,#6457,.T.);
#6457 = EDGE_CURVE('',#6427,#6458,#6460,.T.);
#6458 = VERTEX_POINT('',#6459);
#6459 = CARTESIAN_POINT('',(66.2328,-39.55065,1.55));
#6460 = CIRCLE('',#6461,0.249998959685);
#6461 = AXIS2_PLACEMENT_3D('',#6462,#6463,#6464);
#6462 = CARTESIAN_POINT('',(65.982801040317,-39.55064895968,1.55));
#6463 = DIRECTION('',(0.,0.,-1.));
#6464 = DIRECTION('',(-4.161285837066E-06,0.999999999991,0.));
#6465 = ORIENTED_EDGE('',*,*,#6466,.F.);
#6466 = EDGE_CURVE('',#6467,#6458,#6469,.T.);
#6467 = VERTEX_POINT('',#6468);
#6468 = CARTESIAN_POINT('',(66.2328,-39.55065,1.51));
#6469 = LINE('',#6470,#6471);
#6470 = CARTESIAN_POINT('',(66.2328,-39.55065,1.51));
#6471 = VECTOR('',#6472,1.);
#6472 = DIRECTION('',(0.,0.,1.));
#6473 = ORIENTED_EDGE('',*,*,#6474,.F.);
#6474 = EDGE_CURVE('',#6435,#6467,#6475,.T.);
#6475 = CIRCLE('',#6476,0.249998959685);
#6476 = AXIS2_PLACEMENT_3D('',#6477,#6478,#6479);
#6477 = CARTESIAN_POINT('',(65.982801040317,-39.55064895968,1.51));
#6478 = DIRECTION('',(0.,0.,-1.));
#6479 = DIRECTION('',(-4.161285837066E-06,0.999999999991,0.));
#6480 = CYLINDRICAL_SURFACE('',#6481,0.249998959685);
#6481 = AXIS2_PLACEMENT_3D('',#6482,#6483,#6484);
#6482 = CARTESIAN_POINT('',(65.982801040317,-39.55064895968,1.51));
#6483 = DIRECTION('',(0.,0.,-1.));
#6484 = DIRECTION('',(-4.161285837066E-06,0.999999999991,0.));
#6485 = ADVANCED_FACE('',(#6486),#6511,.T.);
#6486 = FACE_BOUND('',#6487,.T.);
#6487 = EDGE_LOOP('',(#6488,#6489,#6497,#6505));
#6488 = ORIENTED_EDGE('',*,*,#6466,.T.);
#6489 = ORIENTED_EDGE('',*,*,#6490,.T.);
#6490 = EDGE_CURVE('',#6458,#6491,#6493,.T.);
#6491 = VERTEX_POINT('',#6492);
#6492 = CARTESIAN_POINT('',(66.2328,-40.80065,1.55));
#6493 = LINE('',#6494,#6495);
#6494 = CARTESIAN_POINT('',(66.2328,-39.55065,1.55));
#6495 = VECTOR('',#6496,1.);
#6496 = DIRECTION('',(0.,-1.,0.));
#6497 = ORIENTED_EDGE('',*,*,#6498,.F.);
#6498 = EDGE_CURVE('',#6499,#6491,#6501,.T.);
#6499 = VERTEX_POINT('',#6500);
#6500 = CARTESIAN_POINT('',(66.2328,-40.80065,1.51));
#6501 = LINE('',#6502,#6503);
#6502 = CARTESIAN_POINT('',(66.2328,-40.80065,1.51));
#6503 = VECTOR('',#6504,1.);
#6504 = DIRECTION('',(0.,0.,1.));
#6505 = ORIENTED_EDGE('',*,*,#6506,.F.);
#6506 = EDGE_CURVE('',#6467,#6499,#6507,.T.);
#6507 = LINE('',#6508,#6509);
#6508 = CARTESIAN_POINT('',(66.2328,-39.55065,1.51));
#6509 = VECTOR('',#6510,1.);
#6510 = DIRECTION('',(0.,-1.,0.));
#6511 = PLANE('',#6512);
#6512 = AXIS2_PLACEMENT_3D('',#6513,#6514,#6515);
#6513 = CARTESIAN_POINT('',(66.2328,-39.55065,1.51));
#6514 = DIRECTION('',(1.,0.,-0.));
#6515 = DIRECTION('',(0.,-1.,0.));
#6516 = ADVANCED_FACE('',(#6517),#6544,.T.);
#6517 = FACE_BOUND('',#6518,.T.);
#6518 = EDGE_LOOP('',(#6519,#6520,#6529,#6537));
#6519 = ORIENTED_EDGE('',*,*,#6498,.T.);
#6520 = ORIENTED_EDGE('',*,*,#6521,.T.);
#6521 = EDGE_CURVE('',#6491,#6522,#6524,.T.);
#6522 = VERTEX_POINT('',#6523);
#6523 = CARTESIAN_POINT('',(65.9828,-41.05065,1.55));
#6524 = CIRCLE('',#6525,0.249998959685);
#6525 = AXIS2_PLACEMENT_3D('',#6526,#6527,#6528);
#6526 = CARTESIAN_POINT('',(65.982801040317,-40.80065104031,1.55));
#6527 = DIRECTION('',(0.,0.,-1.));
#6528 = DIRECTION('',(0.999999999991,4.161285837067E-06,0.));
#6529 = ORIENTED_EDGE('',*,*,#6530,.F.);
#6530 = EDGE_CURVE('',#6531,#6522,#6533,.T.);
#6531 = VERTEX_POINT('',#6532);
#6532 = CARTESIAN_POINT('',(65.9828,-41.05065,1.51));
#6533 = LINE('',#6534,#6535);
#6534 = CARTESIAN_POINT('',(65.9828,-41.05065,1.51));
#6535 = VECTOR('',#6536,1.);
#6536 = DIRECTION('',(0.,0.,1.));
#6537 = ORIENTED_EDGE('',*,*,#6538,.F.);
#6538 = EDGE_CURVE('',#6499,#6531,#6539,.T.);
#6539 = CIRCLE('',#6540,0.249998959685);
#6540 = AXIS2_PLACEMENT_3D('',#6541,#6542,#6543);
#6541 = CARTESIAN_POINT('',(65.982801040317,-40.80065104031,1.51));
#6542 = DIRECTION('',(0.,0.,-1.));
#6543 = DIRECTION('',(0.999999999991,4.161285837067E-06,0.));
#6544 = CYLINDRICAL_SURFACE('',#6545,0.249998959685);
#6545 = AXIS2_PLACEMENT_3D('',#6546,#6547,#6548);
#6546 = CARTESIAN_POINT('',(65.982801040317,-40.80065104031,1.51));
#6547 = DIRECTION('',(0.,0.,-1.));
#6548 = DIRECTION('',(0.999999999991,4.161285837067E-06,0.));
#6549 = ADVANCED_FACE('',(#6550),#6575,.T.);
#6550 = FACE_BOUND('',#6551,.T.);
#6551 = EDGE_LOOP('',(#6552,#6553,#6561,#6569));
#6552 = ORIENTED_EDGE('',*,*,#6530,.T.);
#6553 = ORIENTED_EDGE('',*,*,#6554,.T.);
#6554 = EDGE_CURVE('',#6522,#6555,#6557,.T.);
#6555 = VERTEX_POINT('',#6556);
#6556 = CARTESIAN_POINT('',(65.2328,-41.05065,1.55));
#6557 = LINE('',#6558,#6559);
#6558 = CARTESIAN_POINT('',(65.9828,-41.05065,1.55));
#6559 = VECTOR('',#6560,1.);
#6560 = DIRECTION('',(-1.,0.,0.));
#6561 = ORIENTED_EDGE('',*,*,#6562,.F.);
#6562 = EDGE_CURVE('',#6563,#6555,#6565,.T.);
#6563 = VERTEX_POINT('',#6564);
#6564 = CARTESIAN_POINT('',(65.2328,-41.05065,1.51));
#6565 = LINE('',#6566,#6567);
#6566 = CARTESIAN_POINT('',(65.2328,-41.05065,1.51));
#6567 = VECTOR('',#6568,1.);
#6568 = DIRECTION('',(0.,0.,1.));
#6569 = ORIENTED_EDGE('',*,*,#6570,.F.);
#6570 = EDGE_CURVE('',#6531,#6563,#6571,.T.);
#6571 = LINE('',#6572,#6573);
#6572 = CARTESIAN_POINT('',(65.9828,-41.05065,1.51));
#6573 = VECTOR('',#6574,1.);
#6574 = DIRECTION('',(-1.,0.,0.));
#6575 = PLANE('',#6576);
#6576 = AXIS2_PLACEMENT_3D('',#6577,#6578,#6579);
#6577 = CARTESIAN_POINT('',(65.9828,-41.05065,1.51));
#6578 = DIRECTION('',(0.,-1.,0.));
#6579 = DIRECTION('',(-1.,0.,0.));
#6580 = ADVANCED_FACE('',(#6581),#6608,.T.);
#6581 = FACE_BOUND('',#6582,.T.);
#6582 = EDGE_LOOP('',(#6583,#6584,#6593,#6601));
#6583 = ORIENTED_EDGE('',*,*,#6562,.T.);
#6584 = ORIENTED_EDGE('',*,*,#6585,.T.);
#6585 = EDGE_CURVE('',#6555,#6586,#6588,.T.);
#6586 = VERTEX_POINT('',#6587);
#6587 = CARTESIAN_POINT('',(64.9828,-40.80065,1.55));
#6588 = CIRCLE('',#6589,0.249998959685);
#6589 = AXIS2_PLACEMENT_3D('',#6590,#6591,#6592);
#6590 = CARTESIAN_POINT('',(65.232798959683,-40.80065104031,1.55));
#6591 = DIRECTION('',(0.,0.,-1.));
#6592 = DIRECTION('',(4.16128589391E-06,-0.999999999991,0.));
#6593 = ORIENTED_EDGE('',*,*,#6594,.F.);
#6594 = EDGE_CURVE('',#6595,#6586,#6597,.T.);
#6595 = VERTEX_POINT('',#6596);
#6596 = CARTESIAN_POINT('',(64.9828,-40.80065,1.51));
#6597 = LINE('',#6598,#6599);
#6598 = CARTESIAN_POINT('',(64.9828,-40.80065,1.51));
#6599 = VECTOR('',#6600,1.);
#6600 = DIRECTION('',(0.,0.,1.));
#6601 = ORIENTED_EDGE('',*,*,#6602,.F.);
#6602 = EDGE_CURVE('',#6563,#6595,#6603,.T.);
#6603 = CIRCLE('',#6604,0.249998959685);
#6604 = AXIS2_PLACEMENT_3D('',#6605,#6606,#6607);
#6605 = CARTESIAN_POINT('',(65.232798959683,-40.80065104031,1.51));
#6606 = DIRECTION('',(0.,0.,-1.));
#6607 = DIRECTION('',(4.16128589391E-06,-0.999999999991,0.));
#6608 = CYLINDRICAL_SURFACE('',#6609,0.249998959685);
#6609 = AXIS2_PLACEMENT_3D('',#6610,#6611,#6612);
#6610 = CARTESIAN_POINT('',(65.232798959683,-40.80065104031,1.51));
#6611 = DIRECTION('',(0.,0.,-1.));
#6612 = DIRECTION('',(4.16128589391E-06,-0.999999999991,0.));
#6613 = ADVANCED_FACE('',(#6614),#6630,.T.);
#6614 = FACE_BOUND('',#6615,.T.);
#6615 = EDGE_LOOP('',(#6616,#6617,#6623,#6624));
#6616 = ORIENTED_EDGE('',*,*,#6594,.T.);
#6617 = ORIENTED_EDGE('',*,*,#6618,.T.);
#6618 = EDGE_CURVE('',#6586,#6386,#6619,.T.);
#6619 = LINE('',#6620,#6621);
#6620 = CARTESIAN_POINT('',(64.9828,-40.80065,1.55));
#6621 = VECTOR('',#6622,1.);
#6622 = DIRECTION('',(0.,1.,0.));
#6623 = ORIENTED_EDGE('',*,*,#6383,.F.);
#6624 = ORIENTED_EDGE('',*,*,#6625,.F.);
#6625 = EDGE_CURVE('',#6595,#6384,#6626,.T.);
#6626 = LINE('',#6627,#6628);
#6627 = CARTESIAN_POINT('',(64.9828,-40.80065,1.51));
#6628 = VECTOR('',#6629,1.);
#6629 = DIRECTION('',(0.,1.,0.));
#6630 = PLANE('',#6631);
#6631 = AXIS2_PLACEMENT_3D('',#6632,#6633,#6634);
#6632 = CARTESIAN_POINT('',(64.9828,-40.80065,1.51));
#6633 = DIRECTION('',(-1.,0.,0.));
#6634 = DIRECTION('',(0.,1.,0.));
#6635 = ADVANCED_FACE('',(#6636),#6646,.F.);
#6636 = FACE_BOUND('',#6637,.T.);
#6637 = EDGE_LOOP('',(#6638,#6639,#6640,#6641,#6642,#6643,#6644,#6645));
#6638 = ORIENTED_EDGE('',*,*,#6410,.T.);
#6639 = ORIENTED_EDGE('',*,*,#6442,.T.);
#6640 = ORIENTED_EDGE('',*,*,#6474,.T.);
#6641 = ORIENTED_EDGE('',*,*,#6506,.T.);
#6642 = ORIENTED_EDGE('',*,*,#6538,.T.);
#6643 = ORIENTED_EDGE('',*,*,#6570,.T.);
#6644 = ORIENTED_EDGE('',*,*,#6602,.T.);
#6645 = ORIENTED_EDGE('',*,*,#6625,.T.);
#6646 = PLANE('',#6647);
#6647 = AXIS2_PLACEMENT_3D('',#6648,#6649,#6650);
#6648 = CARTESIAN_POINT('',(0.,0.,1.51));
#6649 = DIRECTION('',(0.,0.,1.));
#6650 = DIRECTION('',(1.,0.,-0.));
#6651 = ADVANCED_FACE('',(#6652),#6662,.T.);
#6652 = FACE_BOUND('',#6653,.F.);
#6653 = EDGE_LOOP('',(#6654,#6655,#6656,#6657,#6658,#6659,#6660,#6661));
#6654 = ORIENTED_EDGE('',*,*,#6393,.T.);
#6655 = ORIENTED_EDGE('',*,*,#6426,.T.);
#6656 = ORIENTED_EDGE('',*,*,#6457,.T.);
#6657 = ORIENTED_EDGE('',*,*,#6490,.T.);
#6658 = ORIENTED_EDGE('',*,*,#6521,.T.);
#6659 = ORIENTED_EDGE('',*,*,#6554,.T.);
#6660 = ORIENTED_EDGE('',*,*,#6585,.T.);
#6661 = ORIENTED_EDGE('',*,*,#6618,.T.);
#6662 = PLANE('',#6663);
#6663 = AXIS2_PLACEMENT_3D('',#6664,#6665,#6666);
#6664 = CARTESIAN_POINT('',(0.,0.,1.55));
#6665 = DIRECTION('',(0.,0.,1.));
#6666 = DIRECTION('',(1.,0.,-0.));
#6667 = MANIFOLD_SOLID_BREP('',#6668);
#6668 = CLOSED_SHELL('',(#6669,#6711,#6742,#6775,#6806,#6839,#6870,#6903
    ,#6925,#6941));
#6669 = ADVANCED_FACE('',(#6670),#6706,.T.);
#6670 = FACE_BOUND('',#6671,.T.);
#6671 = EDGE_LOOP('',(#6672,#6682,#6691,#6699));
#6672 = ORIENTED_EDGE('',*,*,#6673,.T.);
#6673 = EDGE_CURVE('',#6674,#6676,#6678,.T.);
#6674 = VERTEX_POINT('',#6675);
#6675 = CARTESIAN_POINT('',(87.2328,-47.73815,1.51));
#6676 = VERTEX_POINT('',#6677);
#6677 = CARTESIAN_POINT('',(87.2328,-47.73815,1.55));
#6678 = LINE('',#6679,#6680);
#6679 = CARTESIAN_POINT('',(87.2328,-47.73815,1.51));
#6680 = VECTOR('',#6681,1.);
#6681 = DIRECTION('',(0.,0.,1.));
#6682 = ORIENTED_EDGE('',*,*,#6683,.T.);
#6683 = EDGE_CURVE('',#6676,#6684,#6686,.T.);
#6684 = VERTEX_POINT('',#6685);
#6685 = CARTESIAN_POINT('',(87.4828,-47.48815,1.55));
#6686 = CIRCLE('',#6687,0.249998959685);
#6687 = AXIS2_PLACEMENT_3D('',#6688,#6689,#6690);
#6688 = CARTESIAN_POINT('',(87.482798959683,-47.73814895968,1.55));
#6689 = DIRECTION('',(0.,0.,-1.));
#6690 = DIRECTION('',(-0.999999999991,-4.161285808645E-06,-0.));
#6691 = ORIENTED_EDGE('',*,*,#6692,.F.);
#6692 = EDGE_CURVE('',#6693,#6684,#6695,.T.);
#6693 = VERTEX_POINT('',#6694);
#6694 = CARTESIAN_POINT('',(87.4828,-47.48815,1.51));
#6695 = LINE('',#6696,#6697);
#6696 = CARTESIAN_POINT('',(87.4828,-47.48815,1.51));
#6697 = VECTOR('',#6698,1.);
#6698 = DIRECTION('',(0.,0.,1.));
#6699 = ORIENTED_EDGE('',*,*,#6700,.F.);
#6700 = EDGE_CURVE('',#6674,#6693,#6701,.T.);
#6701 = CIRCLE('',#6702,0.249998959685);
#6702 = AXIS2_PLACEMENT_3D('',#6703,#6704,#6705);
#6703 = CARTESIAN_POINT('',(87.482798959683,-47.73814895968,1.51));
#6704 = DIRECTION('',(0.,0.,-1.));
#6705 = DIRECTION('',(-0.999999999991,-4.161285808645E-06,-0.));
#6706 = CYLINDRICAL_SURFACE('',#6707,0.249998959685);
#6707 = AXIS2_PLACEMENT_3D('',#6708,#6709,#6710);
#6708 = CARTESIAN_POINT('',(87.482798959683,-47.73814895968,1.51));
#6709 = DIRECTION('',(0.,0.,-1.));
#6710 = DIRECTION('',(-0.999999999991,-4.161285808645E-06,-0.));
#6711 = ADVANCED_FACE('',(#6712),#6737,.T.);
#6712 = FACE_BOUND('',#6713,.T.);
#6713 = EDGE_LOOP('',(#6714,#6715,#6723,#6731));
#6714 = ORIENTED_EDGE('',*,*,#6692,.T.);
#6715 = ORIENTED_EDGE('',*,*,#6716,.T.);
#6716 = EDGE_CURVE('',#6684,#6717,#6719,.T.);
#6717 = VERTEX_POINT('',#6718);
#6718 = CARTESIAN_POINT('',(90.3328,-47.48815,1.55));
#6719 = LINE('',#6720,#6721);
#6720 = CARTESIAN_POINT('',(87.4828,-47.48815,1.55));
#6721 = VECTOR('',#6722,1.);
#6722 = DIRECTION('',(1.,0.,0.));
#6723 = ORIENTED_EDGE('',*,*,#6724,.F.);
#6724 = EDGE_CURVE('',#6725,#6717,#6727,.T.);
#6725 = VERTEX_POINT('',#6726);
#6726 = CARTESIAN_POINT('',(90.3328,-47.48815,1.51));
#6727 = LINE('',#6728,#6729);
#6728 = CARTESIAN_POINT('',(90.3328,-47.48815,1.51));
#6729 = VECTOR('',#6730,1.);
#6730 = DIRECTION('',(0.,0.,1.));
#6731 = ORIENTED_EDGE('',*,*,#6732,.F.);
#6732 = EDGE_CURVE('',#6693,#6725,#6733,.T.);
#6733 = LINE('',#6734,#6735);
#6734 = CARTESIAN_POINT('',(87.4828,-47.48815,1.51));
#6735 = VECTOR('',#6736,1.);
#6736 = DIRECTION('',(1.,0.,0.));
#6737 = PLANE('',#6738);
#6738 = AXIS2_PLACEMENT_3D('',#6739,#6740,#6741);
#6739 = CARTESIAN_POINT('',(87.4828,-47.48815,1.51));
#6740 = DIRECTION('',(0.,1.,0.));
#6741 = DIRECTION('',(1.,0.,0.));
#6742 = ADVANCED_FACE('',(#6743),#6770,.T.);
#6743 = FACE_BOUND('',#6744,.T.);
#6744 = EDGE_LOOP('',(#6745,#6746,#6755,#6763));
#6745 = ORIENTED_EDGE('',*,*,#6724,.T.);
#6746 = ORIENTED_EDGE('',*,*,#6747,.T.);
#6747 = EDGE_CURVE('',#6717,#6748,#6750,.T.);
#6748 = VERTEX_POINT('',#6749);
#6749 = CARTESIAN_POINT('',(90.5828,-47.73815,1.55));
#6750 = CIRCLE('',#6751,0.249998959685);
#6751 = AXIS2_PLACEMENT_3D('',#6752,#6753,#6754);
#6752 = CARTESIAN_POINT('',(90.332801040317,-47.73814895968,1.55));
#6753 = DIRECTION('',(0.,0.,-1.));
#6754 = DIRECTION('',(-4.161285723379E-06,0.999999999991,0.));
#6755 = ORIENTED_EDGE('',*,*,#6756,.F.);
#6756 = EDGE_CURVE('',#6757,#6748,#6759,.T.);
#6757 = VERTEX_POINT('',#6758);
#6758 = CARTESIAN_POINT('',(90.5828,-47.73815,1.51));
#6759 = LINE('',#6760,#6761);
#6760 = CARTESIAN_POINT('',(90.5828,-47.73815,1.51));
#6761 = VECTOR('',#6762,1.);
#6762 = DIRECTION('',(0.,0.,1.));
#6763 = ORIENTED_EDGE('',*,*,#6764,.F.);
#6764 = EDGE_CURVE('',#6725,#6757,#6765,.T.);
#6765 = CIRCLE('',#6766,0.249998959685);
#6766 = AXIS2_PLACEMENT_3D('',#6767,#6768,#6769);
#6767 = CARTESIAN_POINT('',(90.332801040317,-47.73814895968,1.51));
#6768 = DIRECTION('',(0.,0.,-1.));
#6769 = DIRECTION('',(-4.161285723379E-06,0.999999999991,0.));
#6770 = CYLINDRICAL_SURFACE('',#6771,0.249998959685);
#6771 = AXIS2_PLACEMENT_3D('',#6772,#6773,#6774);
#6772 = CARTESIAN_POINT('',(90.332801040317,-47.73814895968,1.51));
#6773 = DIRECTION('',(0.,0.,-1.));
#6774 = DIRECTION('',(-4.161285723379E-06,0.999999999991,0.));
#6775 = ADVANCED_FACE('',(#6776),#6801,.T.);
#6776 = FACE_BOUND('',#6777,.T.);
#6777 = EDGE_LOOP('',(#6778,#6779,#6787,#6795));
#6778 = ORIENTED_EDGE('',*,*,#6756,.T.);
#6779 = ORIENTED_EDGE('',*,*,#6780,.T.);
#6780 = EDGE_CURVE('',#6748,#6781,#6783,.T.);
#6781 = VERTEX_POINT('',#6782);
#6782 = CARTESIAN_POINT('',(90.5828,-48.46315,1.55));
#6783 = LINE('',#6784,#6785);
#6784 = CARTESIAN_POINT('',(90.5828,-47.73815,1.55));
#6785 = VECTOR('',#6786,1.);
#6786 = DIRECTION('',(0.,-1.,0.));
#6787 = ORIENTED_EDGE('',*,*,#6788,.F.);
#6788 = EDGE_CURVE('',#6789,#6781,#6791,.T.);
#6789 = VERTEX_POINT('',#6790);
#6790 = CARTESIAN_POINT('',(90.5828,-48.46315,1.51));
#6791 = LINE('',#6792,#6793);
#6792 = CARTESIAN_POINT('',(90.5828,-48.46315,1.51));
#6793 = VECTOR('',#6794,1.);
#6794 = DIRECTION('',(0.,0.,1.));
#6795 = ORIENTED_EDGE('',*,*,#6796,.F.);
#6796 = EDGE_CURVE('',#6757,#6789,#6797,.T.);
#6797 = LINE('',#6798,#6799);
#6798 = CARTESIAN_POINT('',(90.5828,-47.73815,1.51));
#6799 = VECTOR('',#6800,1.);
#6800 = DIRECTION('',(0.,-1.,0.));
#6801 = PLANE('',#6802);
#6802 = AXIS2_PLACEMENT_3D('',#6803,#6804,#6805);
#6803 = CARTESIAN_POINT('',(90.5828,-47.73815,1.51));
#6804 = DIRECTION('',(1.,0.,-0.));
#6805 = DIRECTION('',(0.,-1.,0.));
#6806 = ADVANCED_FACE('',(#6807),#6834,.T.);
#6807 = FACE_BOUND('',#6808,.T.);
#6808 = EDGE_LOOP('',(#6809,#6810,#6819,#6827));
#6809 = ORIENTED_EDGE('',*,*,#6788,.T.);
#6810 = ORIENTED_EDGE('',*,*,#6811,.T.);
#6811 = EDGE_CURVE('',#6781,#6812,#6814,.T.);
#6812 = VERTEX_POINT('',#6813);
#6813 = CARTESIAN_POINT('',(90.3328,-48.71315,1.55));
#6814 = CIRCLE('',#6815,0.249998959685);
#6815 = AXIS2_PLACEMENT_3D('',#6816,#6817,#6818);
#6816 = CARTESIAN_POINT('',(90.332801040317,-48.46315104031,1.55));
#6817 = DIRECTION('',(0.,0.,-1.));
#6818 = DIRECTION('',(0.999999999991,4.161285751801E-06,0.));
#6819 = ORIENTED_EDGE('',*,*,#6820,.F.);
#6820 = EDGE_CURVE('',#6821,#6812,#6823,.T.);
#6821 = VERTEX_POINT('',#6822);
#6822 = CARTESIAN_POINT('',(90.3328,-48.71315,1.51));
#6823 = LINE('',#6824,#6825);
#6824 = CARTESIAN_POINT('',(90.3328,-48.71315,1.51));
#6825 = VECTOR('',#6826,1.);
#6826 = DIRECTION('',(0.,0.,1.));
#6827 = ORIENTED_EDGE('',*,*,#6828,.F.);
#6828 = EDGE_CURVE('',#6789,#6821,#6829,.T.);
#6829 = CIRCLE('',#6830,0.249998959685);
#6830 = AXIS2_PLACEMENT_3D('',#6831,#6832,#6833);
#6831 = CARTESIAN_POINT('',(90.332801040317,-48.46315104031,1.51));
#6832 = DIRECTION('',(0.,0.,-1.));
#6833 = DIRECTION('',(0.999999999991,4.161285751801E-06,0.));
#6834 = CYLINDRICAL_SURFACE('',#6835,0.249998959685);
#6835 = AXIS2_PLACEMENT_3D('',#6836,#6837,#6838);
#6836 = CARTESIAN_POINT('',(90.332801040317,-48.46315104031,1.51));
#6837 = DIRECTION('',(0.,0.,-1.));
#6838 = DIRECTION('',(0.999999999991,4.161285751801E-06,0.));
#6839 = ADVANCED_FACE('',(#6840),#6865,.T.);
#6840 = FACE_BOUND('',#6841,.T.);
#6841 = EDGE_LOOP('',(#6842,#6843,#6851,#6859));
#6842 = ORIENTED_EDGE('',*,*,#6820,.T.);
#6843 = ORIENTED_EDGE('',*,*,#6844,.T.);
#6844 = EDGE_CURVE('',#6812,#6845,#6847,.T.);
#6845 = VERTEX_POINT('',#6846);
#6846 = CARTESIAN_POINT('',(87.4828,-48.71315,1.55));
#6847 = LINE('',#6848,#6849);
#6848 = CARTESIAN_POINT('',(90.3328,-48.71315,1.55));
#6849 = VECTOR('',#6850,1.);
#6850 = DIRECTION('',(-1.,0.,0.));
#6851 = ORIENTED_EDGE('',*,*,#6852,.F.);
#6852 = EDGE_CURVE('',#6853,#6845,#6855,.T.);
#6853 = VERTEX_POINT('',#6854);
#6854 = CARTESIAN_POINT('',(87.4828,-48.71315,1.51));
#6855 = LINE('',#6856,#6857);
#6856 = CARTESIAN_POINT('',(87.4828,-48.71315,1.51));
#6857 = VECTOR('',#6858,1.);
#6858 = DIRECTION('',(0.,0.,1.));
#6859 = ORIENTED_EDGE('',*,*,#6860,.F.);
#6860 = EDGE_CURVE('',#6821,#6853,#6861,.T.);
#6861 = LINE('',#6862,#6863);
#6862 = CARTESIAN_POINT('',(90.3328,-48.71315,1.51));
#6863 = VECTOR('',#6864,1.);
#6864 = DIRECTION('',(-1.,0.,0.));
#6865 = PLANE('',#6866);
#6866 = AXIS2_PLACEMENT_3D('',#6867,#6868,#6869);
#6867 = CARTESIAN_POINT('',(90.3328,-48.71315,1.51));
#6868 = DIRECTION('',(0.,-1.,0.));
#6869 = DIRECTION('',(-1.,0.,0.));
#6870 = ADVANCED_FACE('',(#6871),#6898,.T.);
#6871 = FACE_BOUND('',#6872,.T.);
#6872 = EDGE_LOOP('',(#6873,#6874,#6883,#6891));
#6873 = ORIENTED_EDGE('',*,*,#6852,.T.);
#6874 = ORIENTED_EDGE('',*,*,#6875,.T.);
#6875 = EDGE_CURVE('',#6845,#6876,#6878,.T.);
#6876 = VERTEX_POINT('',#6877);
#6877 = CARTESIAN_POINT('',(87.2328,-48.46315,1.55));
#6878 = CIRCLE('',#6879,0.249998959685);
#6879 = AXIS2_PLACEMENT_3D('',#6880,#6881,#6882);
#6880 = CARTESIAN_POINT('',(87.482798959683,-48.46315104031,1.55));
#6881 = DIRECTION('',(0.,0.,-1.));
#6882 = DIRECTION('',(4.16128589391E-06,-0.999999999991,0.));
#6883 = ORIENTED_EDGE('',*,*,#6884,.F.);
#6884 = EDGE_CURVE('',#6885,#6876,#6887,.T.);
#6885 = VERTEX_POINT('',#6886);
#6886 = CARTESIAN_POINT('',(87.2328,-48.46315,1.51));
#6887 = LINE('',#6888,#6889);
#6888 = CARTESIAN_POINT('',(87.2328,-48.46315,1.51));
#6889 = VECTOR('',#6890,1.);
#6890 = DIRECTION('',(0.,0.,1.));
#6891 = ORIENTED_EDGE('',*,*,#6892,.F.);
#6892 = EDGE_CURVE('',#6853,#6885,#6893,.T.);
#6893 = CIRCLE('',#6894,0.249998959685);
#6894 = AXIS2_PLACEMENT_3D('',#6895,#6896,#6897);
#6895 = CARTESIAN_POINT('',(87.482798959683,-48.46315104031,1.51));
#6896 = DIRECTION('',(0.,0.,-1.));
#6897 = DIRECTION('',(4.16128589391E-06,-0.999999999991,0.));
#6898 = CYLINDRICAL_SURFACE('',#6899,0.249998959685);
#6899 = AXIS2_PLACEMENT_3D('',#6900,#6901,#6902);
#6900 = CARTESIAN_POINT('',(87.482798959683,-48.46315104031,1.51));
#6901 = DIRECTION('',(0.,0.,-1.));
#6902 = DIRECTION('',(4.16128589391E-06,-0.999999999991,0.));
#6903 = ADVANCED_FACE('',(#6904),#6920,.T.);
#6904 = FACE_BOUND('',#6905,.T.);
#6905 = EDGE_LOOP('',(#6906,#6907,#6913,#6914));
#6906 = ORIENTED_EDGE('',*,*,#6884,.T.);
#6907 = ORIENTED_EDGE('',*,*,#6908,.T.);
#6908 = EDGE_CURVE('',#6876,#6676,#6909,.T.);
#6909 = LINE('',#6910,#6911);
#6910 = CARTESIAN_POINT('',(87.2328,-48.46315,1.55));
#6911 = VECTOR('',#6912,1.);
#6912 = DIRECTION('',(0.,1.,0.));
#6913 = ORIENTED_EDGE('',*,*,#6673,.F.);
#6914 = ORIENTED_EDGE('',*,*,#6915,.F.);
#6915 = EDGE_CURVE('',#6885,#6674,#6916,.T.);
#6916 = LINE('',#6917,#6918);
#6917 = CARTESIAN_POINT('',(87.2328,-48.46315,1.51));
#6918 = VECTOR('',#6919,1.);
#6919 = DIRECTION('',(0.,1.,0.));
#6920 = PLANE('',#6921);
#6921 = AXIS2_PLACEMENT_3D('',#6922,#6923,#6924);
#6922 = CARTESIAN_POINT('',(87.2328,-48.46315,1.51));
#6923 = DIRECTION('',(-1.,0.,0.));
#6924 = DIRECTION('',(0.,1.,0.));
#6925 = ADVANCED_FACE('',(#6926),#6936,.F.);
#6926 = FACE_BOUND('',#6927,.T.);
#6927 = EDGE_LOOP('',(#6928,#6929,#6930,#6931,#6932,#6933,#6934,#6935));
#6928 = ORIENTED_EDGE('',*,*,#6700,.T.);
#6929 = ORIENTED_EDGE('',*,*,#6732,.T.);
#6930 = ORIENTED_EDGE('',*,*,#6764,.T.);
#6931 = ORIENTED_EDGE('',*,*,#6796,.T.);
#6932 = ORIENTED_EDGE('',*,*,#6828,.T.);
#6933 = ORIENTED_EDGE('',*,*,#6860,.T.);
#6934 = ORIENTED_EDGE('',*,*,#6892,.T.);
#6935 = ORIENTED_EDGE('',*,*,#6915,.T.);
#6936 = PLANE('',#6937);
#6937 = AXIS2_PLACEMENT_3D('',#6938,#6939,#6940);
#6938 = CARTESIAN_POINT('',(0.,0.,1.51));
#6939 = DIRECTION('',(0.,0.,1.));
#6940 = DIRECTION('',(1.,0.,-0.));
#6941 = ADVANCED_FACE('',(#6942),#6952,.T.);
#6942 = FACE_BOUND('',#6943,.F.);
#6943 = EDGE_LOOP('',(#6944,#6945,#6946,#6947,#6948,#6949,#6950,#6951));
#6944 = ORIENTED_EDGE('',*,*,#6683,.T.);
#6945 = ORIENTED_EDGE('',*,*,#6716,.T.);
#6946 = ORIENTED_EDGE('',*,*,#6747,.T.);
#6947 = ORIENTED_EDGE('',*,*,#6780,.T.);
#6948 = ORIENTED_EDGE('',*,*,#6811,.T.);
#6949 = ORIENTED_EDGE('',*,*,#6844,.T.);
#6950 = ORIENTED_EDGE('',*,*,#6875,.T.);
#6951 = ORIENTED_EDGE('',*,*,#6908,.T.);
#6952 = PLANE('',#6953);
#6953 = AXIS2_PLACEMENT_3D('',#6954,#6955,#6956);
#6954 = CARTESIAN_POINT('',(0.,0.,1.55));
#6955 = DIRECTION('',(0.,0.,1.));
#6956 = DIRECTION('',(1.,0.,-0.));
#6957 = MANIFOLD_SOLID_BREP('',#6958);
#6958 = CLOSED_SHELL('',(#6959,#6999,#7030,#7061,#7083,#7095));
#6959 = ADVANCED_FACE('',(#6960),#6994,.T.);
#6960 = FACE_BOUND('',#6961,.T.);
#6961 = EDGE_LOOP('',(#6962,#6972,#6980,#6988));
#6962 = ORIENTED_EDGE('',*,*,#6963,.T.);
#6963 = EDGE_CURVE('',#6964,#6966,#6968,.T.);
#6964 = VERTEX_POINT('',#6965);
#6965 = CARTESIAN_POINT('',(83.0616,-46.02185,1.51));
#6966 = VERTEX_POINT('',#6967);
#6967 = CARTESIAN_POINT('',(83.0616,-46.02185,1.55));
#6968 = LINE('',#6969,#6970);
#6969 = CARTESIAN_POINT('',(83.0616,-46.02185,1.51));
#6970 = VECTOR('',#6971,1.);
#6971 = DIRECTION('',(0.,0.,1.));
#6972 = ORIENTED_EDGE('',*,*,#6973,.T.);
#6973 = EDGE_CURVE('',#6966,#6974,#6976,.T.);
#6974 = VERTEX_POINT('',#6975);
#6975 = CARTESIAN_POINT('',(83.0616,-43.32945,1.55));
#6976 = LINE('',#6977,#6978);
#6977 = CARTESIAN_POINT('',(83.0616,-46.02185,1.55));
#6978 = VECTOR('',#6979,1.);
#6979 = DIRECTION('',(0.,1.,0.));
#6980 = ORIENTED_EDGE('',*,*,#6981,.F.);
#6981 = EDGE_CURVE('',#6982,#6974,#6984,.T.);
#6982 = VERTEX_POINT('',#6983);
#6983 = CARTESIAN_POINT('',(83.0616,-43.32945,1.51));
#6984 = LINE('',#6985,#6986);
#6985 = CARTESIAN_POINT('',(83.0616,-43.32945,1.51));
#6986 = VECTOR('',#6987,1.);
#6987 = DIRECTION('',(0.,0.,1.));
#6988 = ORIENTED_EDGE('',*,*,#6989,.F.);
#6989 = EDGE_CURVE('',#6964,#6982,#6990,.T.);
#6990 = LINE('',#6991,#6992);
#6991 = CARTESIAN_POINT('',(83.0616,-46.02185,1.51));
#6992 = VECTOR('',#6993,1.);
#6993 = DIRECTION('',(0.,1.,0.));
#6994 = PLANE('',#6995);
#6995 = AXIS2_PLACEMENT_3D('',#6996,#6997,#6998);
#6996 = CARTESIAN_POINT('',(83.0616,-46.02185,1.51));
#6997 = DIRECTION('',(-1.,0.,0.));
#6998 = DIRECTION('',(0.,1.,0.));
#6999 = ADVANCED_FACE('',(#7000),#7025,.T.);
#7000 = FACE_BOUND('',#7001,.T.);
#7001 = EDGE_LOOP('',(#7002,#7003,#7011,#7019));
#7002 = ORIENTED_EDGE('',*,*,#6981,.T.);
#7003 = ORIENTED_EDGE('',*,*,#7004,.T.);
#7004 = EDGE_CURVE('',#6974,#7005,#7007,.T.);
#7005 = VERTEX_POINT('',#7006);
#7006 = CARTESIAN_POINT('',(83.5696,-43.32945,1.55));
#7007 = LINE('',#7008,#7009);
#7008 = CARTESIAN_POINT('',(83.0616,-43.32945,1.55));
#7009 = VECTOR('',#7010,1.);
#7010 = DIRECTION('',(1.,0.,0.));
#7011 = ORIENTED_EDGE('',*,*,#7012,.F.);
#7012 = EDGE_CURVE('',#7013,#7005,#7015,.T.);
#7013 = VERTEX_POINT('',#7014);
#7014 = CARTESIAN_POINT('',(83.5696,-43.32945,1.51));
#7015 = LINE('',#7016,#7017);
#7016 = CARTESIAN_POINT('',(83.5696,-43.32945,1.51));
#7017 = VECTOR('',#7018,1.);
#7018 = DIRECTION('',(0.,0.,1.));
#7019 = ORIENTED_EDGE('',*,*,#7020,.F.);
#7020 = EDGE_CURVE('',#6982,#7013,#7021,.T.);
#7021 = LINE('',#7022,#7023);
#7022 = CARTESIAN_POINT('',(83.0616,-43.32945,1.51));
#7023 = VECTOR('',#7024,1.);
#7024 = DIRECTION('',(1.,0.,0.));
#7025 = PLANE('',#7026);
#7026 = AXIS2_PLACEMENT_3D('',#7027,#7028,#7029);
#7027 = CARTESIAN_POINT('',(83.0616,-43.32945,1.51));
#7028 = DIRECTION('',(0.,1.,0.));
#7029 = DIRECTION('',(1.,0.,0.));
#7030 = ADVANCED_FACE('',(#7031),#7056,.T.);
#7031 = FACE_BOUND('',#7032,.T.);
#7032 = EDGE_LOOP('',(#7033,#7034,#7042,#7050));
#7033 = ORIENTED_EDGE('',*,*,#7012,.T.);
#7034 = ORIENTED_EDGE('',*,*,#7035,.T.);
#7035 = EDGE_CURVE('',#7005,#7036,#7038,.T.);
#7036 = VERTEX_POINT('',#7037);
#7037 = CARTESIAN_POINT('',(83.5696,-46.02185,1.55));
#7038 = LINE('',#7039,#7040);
#7039 = CARTESIAN_POINT('',(83.5696,-43.32945,1.55));
#7040 = VECTOR('',#7041,1.);
#7041 = DIRECTION('',(0.,-1.,0.));
#7042 = ORIENTED_EDGE('',*,*,#7043,.F.);
#7043 = EDGE_CURVE('',#7044,#7036,#7046,.T.);
#7044 = VERTEX_POINT('',#7045);
#7045 = CARTESIAN_POINT('',(83.5696,-46.02185,1.51));
#7046 = LINE('',#7047,#7048);
#7047 = CARTESIAN_POINT('',(83.5696,-46.02185,1.51));
#7048 = VECTOR('',#7049,1.);
#7049 = DIRECTION('',(0.,0.,1.));
#7050 = ORIENTED_EDGE('',*,*,#7051,.F.);
#7051 = EDGE_CURVE('',#7013,#7044,#7052,.T.);
#7052 = LINE('',#7053,#7054);
#7053 = CARTESIAN_POINT('',(83.5696,-43.32945,1.51));
#7054 = VECTOR('',#7055,1.);
#7055 = DIRECTION('',(0.,-1.,0.));
#7056 = PLANE('',#7057);
#7057 = AXIS2_PLACEMENT_3D('',#7058,#7059,#7060);
#7058 = CARTESIAN_POINT('',(83.5696,-43.32945,1.51));
#7059 = DIRECTION('',(1.,0.,-0.));
#7060 = DIRECTION('',(0.,-1.,0.));
#7061 = ADVANCED_FACE('',(#7062),#7078,.T.);
#7062 = FACE_BOUND('',#7063,.T.);
#7063 = EDGE_LOOP('',(#7064,#7065,#7071,#7072));
#7064 = ORIENTED_EDGE('',*,*,#7043,.T.);
#7065 = ORIENTED_EDGE('',*,*,#7066,.T.);
#7066 = EDGE_CURVE('',#7036,#6966,#7067,.T.);
#7067 = LINE('',#7068,#7069);
#7068 = CARTESIAN_POINT('',(83.5696,-46.02185,1.55));
#7069 = VECTOR('',#7070,1.);
#7070 = DIRECTION('',(-1.,0.,0.));
#7071 = ORIENTED_EDGE('',*,*,#6963,.F.);
#7072 = ORIENTED_EDGE('',*,*,#7073,.F.);
#7073 = EDGE_CURVE('',#7044,#6964,#7074,.T.);
#7074 = LINE('',#7075,#7076);
#7075 = CARTESIAN_POINT('',(83.5696,-46.02185,1.51));
#7076 = VECTOR('',#7077,1.);
#7077 = DIRECTION('',(-1.,0.,0.));
#7078 = PLANE('',#7079);
#7079 = AXIS2_PLACEMENT_3D('',#7080,#7081,#7082);
#7080 = CARTESIAN_POINT('',(83.5696,-46.02185,1.51));
#7081 = DIRECTION('',(0.,-1.,0.));
#7082 = DIRECTION('',(-1.,0.,0.));
#7083 = ADVANCED_FACE('',(#7084),#7090,.F.);
#7084 = FACE_BOUND('',#7085,.T.);
#7085 = EDGE_LOOP('',(#7086,#7087,#7088,#7089));
#7086 = ORIENTED_EDGE('',*,*,#6989,.T.);
#7087 = ORIENTED_EDGE('',*,*,#7020,.T.);
#7088 = ORIENTED_EDGE('',*,*,#7051,.T.);
#7089 = ORIENTED_EDGE('',*,*,#7073,.T.);
#7090 = PLANE('',#7091);
#7091 = AXIS2_PLACEMENT_3D('',#7092,#7093,#7094);
#7092 = CARTESIAN_POINT('',(0.,0.,1.51));
#7093 = DIRECTION('',(0.,0.,1.));
#7094 = DIRECTION('',(1.,0.,-0.));
#7095 = ADVANCED_FACE('',(#7096),#7102,.T.);
#7096 = FACE_BOUND('',#7097,.F.);
#7097 = EDGE_LOOP('',(#7098,#7099,#7100,#7101));
#7098 = ORIENTED_EDGE('',*,*,#6973,.T.);
#7099 = ORIENTED_EDGE('',*,*,#7004,.T.);
#7100 = ORIENTED_EDGE('',*,*,#7035,.T.);
#7101 = ORIENTED_EDGE('',*,*,#7066,.T.);
#7102 = PLANE('',#7103);
#7103 = AXIS2_PLACEMENT_3D('',#7104,#7105,#7106);
#7104 = CARTESIAN_POINT('',(0.,0.,1.55));
#7105 = DIRECTION('',(0.,0.,1.));
#7106 = DIRECTION('',(1.,0.,-0.));
#7107 = MANIFOLD_SOLID_BREP('',#7108);
#7108 = CLOSED_SHELL('',(#7109,#7149,#7180,#7211,#7233,#7245));
#7109 = ADVANCED_FACE('',(#7110),#7144,.T.);
#7110 = FACE_BOUND('',#7111,.T.);
#7111 = EDGE_LOOP('',(#7112,#7122,#7130,#7138));
#7112 = ORIENTED_EDGE('',*,*,#7113,.T.);
#7113 = EDGE_CURVE('',#7114,#7116,#7118,.T.);
#7114 = VERTEX_POINT('',#7115);
#7115 = CARTESIAN_POINT('',(75.3382,-46.02185,1.51));
#7116 = VERTEX_POINT('',#7117);
#7117 = CARTESIAN_POINT('',(75.3382,-46.02185,1.55));
#7118 = LINE('',#7119,#7120);
#7119 = CARTESIAN_POINT('',(75.3382,-46.02185,1.51));
#7120 = VECTOR('',#7121,1.);
#7121 = DIRECTION('',(0.,0.,1.));
#7122 = ORIENTED_EDGE('',*,*,#7123,.T.);
#7123 = EDGE_CURVE('',#7116,#7124,#7126,.T.);
#7124 = VERTEX_POINT('',#7125);
#7125 = CARTESIAN_POINT('',(75.3382,-43.32945,1.55));
#7126 = LINE('',#7127,#7128);
#7127 = CARTESIAN_POINT('',(75.3382,-46.02185,1.55));
#7128 = VECTOR('',#7129,1.);
#7129 = DIRECTION('',(0.,1.,0.));
#7130 = ORIENTED_EDGE('',*,*,#7131,.F.);
#7131 = EDGE_CURVE('',#7132,#7124,#7134,.T.);
#7132 = VERTEX_POINT('',#7133);
#7133 = CARTESIAN_POINT('',(75.3382,-43.32945,1.51));
#7134 = LINE('',#7135,#7136);
#7135 = CARTESIAN_POINT('',(75.3382,-43.32945,1.51));
#7136 = VECTOR('',#7137,1.);
#7137 = DIRECTION('',(0.,0.,1.));
#7138 = ORIENTED_EDGE('',*,*,#7139,.F.);
#7139 = EDGE_CURVE('',#7114,#7132,#7140,.T.);
#7140 = LINE('',#7141,#7142);
#7141 = CARTESIAN_POINT('',(75.3382,-46.02185,1.51));
#7142 = VECTOR('',#7143,1.);
#7143 = DIRECTION('',(0.,1.,0.));
#7144 = PLANE('',#7145);
#7145 = AXIS2_PLACEMENT_3D('',#7146,#7147,#7148);
#7146 = CARTESIAN_POINT('',(75.3382,-46.02185,1.51));
#7147 = DIRECTION('',(-1.,0.,0.));
#7148 = DIRECTION('',(0.,1.,0.));
#7149 = ADVANCED_FACE('',(#7150),#7175,.T.);
#7150 = FACE_BOUND('',#7151,.T.);
#7151 = EDGE_LOOP('',(#7152,#7153,#7161,#7169));
#7152 = ORIENTED_EDGE('',*,*,#7131,.T.);
#7153 = ORIENTED_EDGE('',*,*,#7154,.T.);
#7154 = EDGE_CURVE('',#7124,#7155,#7157,.T.);
#7155 = VERTEX_POINT('',#7156);
#7156 = CARTESIAN_POINT('',(75.8462,-43.32945,1.55));
#7157 = LINE('',#7158,#7159);
#7158 = CARTESIAN_POINT('',(75.3382,-43.32945,1.55));
#7159 = VECTOR('',#7160,1.);
#7160 = DIRECTION('',(1.,0.,0.));
#7161 = ORIENTED_EDGE('',*,*,#7162,.F.);
#7162 = EDGE_CURVE('',#7163,#7155,#7165,.T.);
#7163 = VERTEX_POINT('',#7164);
#7164 = CARTESIAN_POINT('',(75.8462,-43.32945,1.51));
#7165 = LINE('',#7166,#7167);
#7166 = CARTESIAN_POINT('',(75.8462,-43.32945,1.51));
#7167 = VECTOR('',#7168,1.);
#7168 = DIRECTION('',(0.,0.,1.));
#7169 = ORIENTED_EDGE('',*,*,#7170,.F.);
#7170 = EDGE_CURVE('',#7132,#7163,#7171,.T.);
#7171 = LINE('',#7172,#7173);
#7172 = CARTESIAN_POINT('',(75.3382,-43.32945,1.51));
#7173 = VECTOR('',#7174,1.);
#7174 = DIRECTION('',(1.,0.,0.));
#7175 = PLANE('',#7176);
#7176 = AXIS2_PLACEMENT_3D('',#7177,#7178,#7179);
#7177 = CARTESIAN_POINT('',(75.3382,-43.32945,1.51));
#7178 = DIRECTION('',(0.,1.,0.));
#7179 = DIRECTION('',(1.,0.,0.));
#7180 = ADVANCED_FACE('',(#7181),#7206,.T.);
#7181 = FACE_BOUND('',#7182,.T.);
#7182 = EDGE_LOOP('',(#7183,#7184,#7192,#7200));
#7183 = ORIENTED_EDGE('',*,*,#7162,.T.);
#7184 = ORIENTED_EDGE('',*,*,#7185,.T.);
#7185 = EDGE_CURVE('',#7155,#7186,#7188,.T.);
#7186 = VERTEX_POINT('',#7187);
#7187 = CARTESIAN_POINT('',(75.8462,-46.02185,1.55));
#7188 = LINE('',#7189,#7190);
#7189 = CARTESIAN_POINT('',(75.8462,-43.32945,1.55));
#7190 = VECTOR('',#7191,1.);
#7191 = DIRECTION('',(0.,-1.,0.));
#7192 = ORIENTED_EDGE('',*,*,#7193,.F.);
#7193 = EDGE_CURVE('',#7194,#7186,#7196,.T.);
#7194 = VERTEX_POINT('',#7195);
#7195 = CARTESIAN_POINT('',(75.8462,-46.02185,1.51));
#7196 = LINE('',#7197,#7198);
#7197 = CARTESIAN_POINT('',(75.8462,-46.02185,1.51));
#7198 = VECTOR('',#7199,1.);
#7199 = DIRECTION('',(0.,0.,1.));
#7200 = ORIENTED_EDGE('',*,*,#7201,.F.);
#7201 = EDGE_CURVE('',#7163,#7194,#7202,.T.);
#7202 = LINE('',#7203,#7204);
#7203 = CARTESIAN_POINT('',(75.8462,-43.32945,1.51));
#7204 = VECTOR('',#7205,1.);
#7205 = DIRECTION('',(0.,-1.,0.));
#7206 = PLANE('',#7207);
#7207 = AXIS2_PLACEMENT_3D('',#7208,#7209,#7210);
#7208 = CARTESIAN_POINT('',(75.8462,-43.32945,1.51));
#7209 = DIRECTION('',(1.,0.,-0.));
#7210 = DIRECTION('',(0.,-1.,0.));
#7211 = ADVANCED_FACE('',(#7212),#7228,.T.);
#7212 = FACE_BOUND('',#7213,.T.);
#7213 = EDGE_LOOP('',(#7214,#7215,#7221,#7222));
#7214 = ORIENTED_EDGE('',*,*,#7193,.T.);
#7215 = ORIENTED_EDGE('',*,*,#7216,.T.);
#7216 = EDGE_CURVE('',#7186,#7116,#7217,.T.);
#7217 = LINE('',#7218,#7219);
#7218 = CARTESIAN_POINT('',(75.8462,-46.02185,1.55));
#7219 = VECTOR('',#7220,1.);
#7220 = DIRECTION('',(-1.,0.,0.));
#7221 = ORIENTED_EDGE('',*,*,#7113,.F.);
#7222 = ORIENTED_EDGE('',*,*,#7223,.F.);
#7223 = EDGE_CURVE('',#7194,#7114,#7224,.T.);
#7224 = LINE('',#7225,#7226);
#7225 = CARTESIAN_POINT('',(75.8462,-46.02185,1.51));
#7226 = VECTOR('',#7227,1.);
#7227 = DIRECTION('',(-1.,0.,0.));
#7228 = PLANE('',#7229);
#7229 = AXIS2_PLACEMENT_3D('',#7230,#7231,#7232);
#7230 = CARTESIAN_POINT('',(75.8462,-46.02185,1.51));
#7231 = DIRECTION('',(0.,-1.,0.));
#7232 = DIRECTION('',(-1.,0.,0.));
#7233 = ADVANCED_FACE('',(#7234),#7240,.F.);
#7234 = FACE_BOUND('',#7235,.T.);
#7235 = EDGE_LOOP('',(#7236,#7237,#7238,#7239));
#7236 = ORIENTED_EDGE('',*,*,#7139,.T.);
#7237 = ORIENTED_EDGE('',*,*,#7170,.T.);
#7238 = ORIENTED_EDGE('',*,*,#7201,.T.);
#7239 = ORIENTED_EDGE('',*,*,#7223,.T.);
#7240 = PLANE('',#7241);
#7241 = AXIS2_PLACEMENT_3D('',#7242,#7243,#7244);
#7242 = CARTESIAN_POINT('',(0.,0.,1.51));
#7243 = DIRECTION('',(0.,0.,1.));
#7244 = DIRECTION('',(1.,0.,-0.));
#7245 = ADVANCED_FACE('',(#7246),#7252,.T.);
#7246 = FACE_BOUND('',#7247,.F.);
#7247 = EDGE_LOOP('',(#7248,#7249,#7250,#7251));
#7248 = ORIENTED_EDGE('',*,*,#7123,.T.);
#7249 = ORIENTED_EDGE('',*,*,#7154,.T.);
#7250 = ORIENTED_EDGE('',*,*,#7185,.T.);
#7251 = ORIENTED_EDGE('',*,*,#7216,.T.);
#7252 = PLANE('',#7253);
#7253 = AXIS2_PLACEMENT_3D('',#7254,#7255,#7256);
#7254 = CARTESIAN_POINT('',(0.,0.,1.55));
#7255 = DIRECTION('',(0.,0.,1.));
#7256 = DIRECTION('',(1.,0.,-0.));
#7257 = MANIFOLD_SOLID_BREP('',#7258);
#7258 = CLOSED_SHELL('',(#7259,#7299,#7330,#7361,#7383,#7395));
#7259 = ADVANCED_FACE('',(#7260),#7294,.T.);
#7260 = FACE_BOUND('',#7261,.T.);
#7261 = EDGE_LOOP('',(#7262,#7272,#7280,#7288));
#7262 = ORIENTED_EDGE('',*,*,#7263,.T.);
#7263 = EDGE_CURVE('',#7264,#7266,#7268,.T.);
#7264 = VERTEX_POINT('',#7265);
#7265 = CARTESIAN_POINT('',(85.246,-46.02185,1.51));
#7266 = VERTEX_POINT('',#7267);
#7267 = CARTESIAN_POINT('',(85.246,-46.02185,1.55));
#7268 = LINE('',#7269,#7270);
#7269 = CARTESIAN_POINT('',(85.246,-46.02185,1.51));
#7270 = VECTOR('',#7271,1.);
#7271 = DIRECTION('',(0.,0.,1.));
#7272 = ORIENTED_EDGE('',*,*,#7273,.T.);
#7273 = EDGE_CURVE('',#7266,#7274,#7276,.T.);
#7274 = VERTEX_POINT('',#7275);
#7275 = CARTESIAN_POINT('',(85.246,-43.32945,1.55));
#7276 = LINE('',#7277,#7278);
#7277 = CARTESIAN_POINT('',(85.246,-46.02185,1.55));
#7278 = VECTOR('',#7279,1.);
#7279 = DIRECTION('',(0.,1.,0.));
#7280 = ORIENTED_EDGE('',*,*,#7281,.F.);
#7281 = EDGE_CURVE('',#7282,#7274,#7284,.T.);
#7282 = VERTEX_POINT('',#7283);
#7283 = CARTESIAN_POINT('',(85.246,-43.32945,1.51));
#7284 = LINE('',#7285,#7286);
#7285 = CARTESIAN_POINT('',(85.246,-43.32945,1.51));
#7286 = VECTOR('',#7287,1.);
#7287 = DIRECTION('',(0.,0.,1.));
#7288 = ORIENTED_EDGE('',*,*,#7289,.F.);
#7289 = EDGE_CURVE('',#7264,#7282,#7290,.T.);
#7290 = LINE('',#7291,#7292);
#7291 = CARTESIAN_POINT('',(85.246,-46.02185,1.51));
#7292 = VECTOR('',#7293,1.);
#7293 = DIRECTION('',(0.,1.,0.));
#7294 = PLANE('',#7295);
#7295 = AXIS2_PLACEMENT_3D('',#7296,#7297,#7298);
#7296 = CARTESIAN_POINT('',(85.246,-46.02185,1.51));
#7297 = DIRECTION('',(-1.,0.,0.));
#7298 = DIRECTION('',(0.,1.,0.));
#7299 = ADVANCED_FACE('',(#7300),#7325,.T.);
#7300 = FACE_BOUND('',#7301,.T.);
#7301 = EDGE_LOOP('',(#7302,#7303,#7311,#7319));
#7302 = ORIENTED_EDGE('',*,*,#7281,.T.);
#7303 = ORIENTED_EDGE('',*,*,#7304,.T.);
#7304 = EDGE_CURVE('',#7274,#7305,#7307,.T.);
#7305 = VERTEX_POINT('',#7306);
#7306 = CARTESIAN_POINT('',(85.754,-43.32945,1.55));
#7307 = LINE('',#7308,#7309);
#7308 = CARTESIAN_POINT('',(85.246,-43.32945,1.55));
#7309 = VECTOR('',#7310,1.);
#7310 = DIRECTION('',(1.,0.,0.));
#7311 = ORIENTED_EDGE('',*,*,#7312,.F.);
#7312 = EDGE_CURVE('',#7313,#7305,#7315,.T.);
#7313 = VERTEX_POINT('',#7314);
#7314 = CARTESIAN_POINT('',(85.754,-43.32945,1.51));
#7315 = LINE('',#7316,#7317);
#7316 = CARTESIAN_POINT('',(85.754,-43.32945,1.51));
#7317 = VECTOR('',#7318,1.);
#7318 = DIRECTION('',(0.,0.,1.));
#7319 = ORIENTED_EDGE('',*,*,#7320,.F.);
#7320 = EDGE_CURVE('',#7282,#7313,#7321,.T.);
#7321 = LINE('',#7322,#7323);
#7322 = CARTESIAN_POINT('',(85.246,-43.32945,1.51));
#7323 = VECTOR('',#7324,1.);
#7324 = DIRECTION('',(1.,0.,0.));
#7325 = PLANE('',#7326);
#7326 = AXIS2_PLACEMENT_3D('',#7327,#7328,#7329);
#7327 = CARTESIAN_POINT('',(85.246,-43.32945,1.51));
#7328 = DIRECTION('',(0.,1.,0.));
#7329 = DIRECTION('',(1.,0.,0.));
#7330 = ADVANCED_FACE('',(#7331),#7356,.T.);
#7331 = FACE_BOUND('',#7332,.T.);
#7332 = EDGE_LOOP('',(#7333,#7334,#7342,#7350));
#7333 = ORIENTED_EDGE('',*,*,#7312,.T.);
#7334 = ORIENTED_EDGE('',*,*,#7335,.T.);
#7335 = EDGE_CURVE('',#7305,#7336,#7338,.T.);
#7336 = VERTEX_POINT('',#7337);
#7337 = CARTESIAN_POINT('',(85.754,-46.02185,1.55));
#7338 = LINE('',#7339,#7340);
#7339 = CARTESIAN_POINT('',(85.754,-43.32945,1.55));
#7340 = VECTOR('',#7341,1.);
#7341 = DIRECTION('',(0.,-1.,0.));
#7342 = ORIENTED_EDGE('',*,*,#7343,.F.);
#7343 = EDGE_CURVE('',#7344,#7336,#7346,.T.);
#7344 = VERTEX_POINT('',#7345);
#7345 = CARTESIAN_POINT('',(85.754,-46.02185,1.51));
#7346 = LINE('',#7347,#7348);
#7347 = CARTESIAN_POINT('',(85.754,-46.02185,1.51));
#7348 = VECTOR('',#7349,1.);
#7349 = DIRECTION('',(0.,0.,1.));
#7350 = ORIENTED_EDGE('',*,*,#7351,.F.);
#7351 = EDGE_CURVE('',#7313,#7344,#7352,.T.);
#7352 = LINE('',#7353,#7354);
#7353 = CARTESIAN_POINT('',(85.754,-43.32945,1.51));
#7354 = VECTOR('',#7355,1.);
#7355 = DIRECTION('',(0.,-1.,0.));
#7356 = PLANE('',#7357);
#7357 = AXIS2_PLACEMENT_3D('',#7358,#7359,#7360);
#7358 = CARTESIAN_POINT('',(85.754,-43.32945,1.51));
#7359 = DIRECTION('',(1.,0.,-0.));
#7360 = DIRECTION('',(0.,-1.,0.));
#7361 = ADVANCED_FACE('',(#7362),#7378,.T.);
#7362 = FACE_BOUND('',#7363,.T.);
#7363 = EDGE_LOOP('',(#7364,#7365,#7371,#7372));
#7364 = ORIENTED_EDGE('',*,*,#7343,.T.);
#7365 = ORIENTED_EDGE('',*,*,#7366,.T.);
#7366 = EDGE_CURVE('',#7336,#7266,#7367,.T.);
#7367 = LINE('',#7368,#7369);
#7368 = CARTESIAN_POINT('',(85.754,-46.02185,1.55));
#7369 = VECTOR('',#7370,1.);
#7370 = DIRECTION('',(-1.,0.,0.));
#7371 = ORIENTED_EDGE('',*,*,#7263,.F.);
#7372 = ORIENTED_EDGE('',*,*,#7373,.F.);
#7373 = EDGE_CURVE('',#7344,#7264,#7374,.T.);
#7374 = LINE('',#7375,#7376);
#7375 = CARTESIAN_POINT('',(85.754,-46.02185,1.51));
#7376 = VECTOR('',#7377,1.);
#7377 = DIRECTION('',(-1.,0.,0.));
#7378 = PLANE('',#7379);
#7379 = AXIS2_PLACEMENT_3D('',#7380,#7381,#7382);
#7380 = CARTESIAN_POINT('',(85.754,-46.02185,1.51));
#7381 = DIRECTION('',(0.,-1.,0.));
#7382 = DIRECTION('',(-1.,0.,0.));
#7383 = ADVANCED_FACE('',(#7384),#7390,.F.);
#7384 = FACE_BOUND('',#7385,.T.);
#7385 = EDGE_LOOP('',(#7386,#7387,#7388,#7389));
#7386 = ORIENTED_EDGE('',*,*,#7289,.T.);
#7387 = ORIENTED_EDGE('',*,*,#7320,.T.);
#7388 = ORIENTED_EDGE('',*,*,#7351,.T.);
#7389 = ORIENTED_EDGE('',*,*,#7373,.T.);
#7390 = PLANE('',#7391);
#7391 = AXIS2_PLACEMENT_3D('',#7392,#7393,#7394);
#7392 = CARTESIAN_POINT('',(0.,0.,1.51));
#7393 = DIRECTION('',(0.,0.,1.));
#7394 = DIRECTION('',(1.,0.,-0.));
#7395 = ADVANCED_FACE('',(#7396),#7402,.T.);
#7396 = FACE_BOUND('',#7397,.F.);
#7397 = EDGE_LOOP('',(#7398,#7399,#7400,#7401));
#7398 = ORIENTED_EDGE('',*,*,#7273,.T.);
#7399 = ORIENTED_EDGE('',*,*,#7304,.T.);
#7400 = ORIENTED_EDGE('',*,*,#7335,.T.);
#7401 = ORIENTED_EDGE('',*,*,#7366,.T.);
#7402 = PLANE('',#7403);
#7403 = AXIS2_PLACEMENT_3D('',#7404,#7405,#7406);
#7404 = CARTESIAN_POINT('',(0.,0.,1.55));
#7405 = DIRECTION('',(0.,0.,1.));
#7406 = DIRECTION('',(1.,0.,-0.));
#7407 = MANIFOLD_SOLID_BREP('',#7408);
#7408 = CLOSED_SHELL('',(#7409,#7449,#7480,#7511,#7533,#7545));
#7409 = ADVANCED_FACE('',(#7410),#7444,.T.);
#7410 = FACE_BOUND('',#7411,.T.);
#7411 = EDGE_LOOP('',(#7412,#7422,#7430,#7438));
#7412 = ORIENTED_EDGE('',*,*,#7413,.T.);
#7413 = EDGE_CURVE('',#7414,#7416,#7418,.T.);
#7414 = VERTEX_POINT('',#7415);
#7415 = CARTESIAN_POINT('',(92.0616,-46.02185,1.51));
#7416 = VERTEX_POINT('',#7417);
#7417 = CARTESIAN_POINT('',(92.0616,-46.02185,1.55));
#7418 = LINE('',#7419,#7420);
#7419 = CARTESIAN_POINT('',(92.0616,-46.02185,1.51));
#7420 = VECTOR('',#7421,1.);
#7421 = DIRECTION('',(0.,0.,1.));
#7422 = ORIENTED_EDGE('',*,*,#7423,.T.);
#7423 = EDGE_CURVE('',#7416,#7424,#7426,.T.);
#7424 = VERTEX_POINT('',#7425);
#7425 = CARTESIAN_POINT('',(92.0616,-43.32945,1.55));
#7426 = LINE('',#7427,#7428);
#7427 = CARTESIAN_POINT('',(92.0616,-46.02185,1.55));
#7428 = VECTOR('',#7429,1.);
#7429 = DIRECTION('',(0.,1.,0.));
#7430 = ORIENTED_EDGE('',*,*,#7431,.F.);
#7431 = EDGE_CURVE('',#7432,#7424,#7434,.T.);
#7432 = VERTEX_POINT('',#7433);
#7433 = CARTESIAN_POINT('',(92.0616,-43.32945,1.51));
#7434 = LINE('',#7435,#7436);
#7435 = CARTESIAN_POINT('',(92.0616,-43.32945,1.51));
#7436 = VECTOR('',#7437,1.);
#7437 = DIRECTION('',(0.,0.,1.));
#7438 = ORIENTED_EDGE('',*,*,#7439,.F.);
#7439 = EDGE_CURVE('',#7414,#7432,#7440,.T.);
#7440 = LINE('',#7441,#7442);
#7441 = CARTESIAN_POINT('',(92.0616,-46.02185,1.51));
#7442 = VECTOR('',#7443,1.);
#7443 = DIRECTION('',(0.,1.,0.));
#7444 = PLANE('',#7445);
#7445 = AXIS2_PLACEMENT_3D('',#7446,#7447,#7448);
#7446 = CARTESIAN_POINT('',(92.0616,-46.02185,1.51));
#7447 = DIRECTION('',(-1.,0.,0.));
#7448 = DIRECTION('',(0.,1.,0.));
#7449 = ADVANCED_FACE('',(#7450),#7475,.T.);
#7450 = FACE_BOUND('',#7451,.T.);
#7451 = EDGE_LOOP('',(#7452,#7453,#7461,#7469));
#7452 = ORIENTED_EDGE('',*,*,#7431,.T.);
#7453 = ORIENTED_EDGE('',*,*,#7454,.T.);
#7454 = EDGE_CURVE('',#7424,#7455,#7457,.T.);
#7455 = VERTEX_POINT('',#7456);
#7456 = CARTESIAN_POINT('',(92.5696,-43.32945,1.55));
#7457 = LINE('',#7458,#7459);
#7458 = CARTESIAN_POINT('',(92.0616,-43.32945,1.55));
#7459 = VECTOR('',#7460,1.);
#7460 = DIRECTION('',(1.,0.,0.));
#7461 = ORIENTED_EDGE('',*,*,#7462,.F.);
#7462 = EDGE_CURVE('',#7463,#7455,#7465,.T.);
#7463 = VERTEX_POINT('',#7464);
#7464 = CARTESIAN_POINT('',(92.5696,-43.32945,1.51));
#7465 = LINE('',#7466,#7467);
#7466 = CARTESIAN_POINT('',(92.5696,-43.32945,1.51));
#7467 = VECTOR('',#7468,1.);
#7468 = DIRECTION('',(0.,0.,1.));
#7469 = ORIENTED_EDGE('',*,*,#7470,.F.);
#7470 = EDGE_CURVE('',#7432,#7463,#7471,.T.);
#7471 = LINE('',#7472,#7473);
#7472 = CARTESIAN_POINT('',(92.0616,-43.32945,1.51));
#7473 = VECTOR('',#7474,1.);
#7474 = DIRECTION('',(1.,0.,0.));
#7475 = PLANE('',#7476);
#7476 = AXIS2_PLACEMENT_3D('',#7477,#7478,#7479);
#7477 = CARTESIAN_POINT('',(92.0616,-43.32945,1.51));
#7478 = DIRECTION('',(0.,1.,0.));
#7479 = DIRECTION('',(1.,0.,0.));
#7480 = ADVANCED_FACE('',(#7481),#7506,.T.);
#7481 = FACE_BOUND('',#7482,.T.);
#7482 = EDGE_LOOP('',(#7483,#7484,#7492,#7500));
#7483 = ORIENTED_EDGE('',*,*,#7462,.T.);
#7484 = ORIENTED_EDGE('',*,*,#7485,.T.);
#7485 = EDGE_CURVE('',#7455,#7486,#7488,.T.);
#7486 = VERTEX_POINT('',#7487);
#7487 = CARTESIAN_POINT('',(92.5696,-46.02185,1.55));
#7488 = LINE('',#7489,#7490);
#7489 = CARTESIAN_POINT('',(92.5696,-43.32945,1.55));
#7490 = VECTOR('',#7491,1.);
#7491 = DIRECTION('',(0.,-1.,0.));
#7492 = ORIENTED_EDGE('',*,*,#7493,.F.);
#7493 = EDGE_CURVE('',#7494,#7486,#7496,.T.);
#7494 = VERTEX_POINT('',#7495);
#7495 = CARTESIAN_POINT('',(92.5696,-46.02185,1.51));
#7496 = LINE('',#7497,#7498);
#7497 = CARTESIAN_POINT('',(92.5696,-46.02185,1.51));
#7498 = VECTOR('',#7499,1.);
#7499 = DIRECTION('',(0.,0.,1.));
#7500 = ORIENTED_EDGE('',*,*,#7501,.F.);
#7501 = EDGE_CURVE('',#7463,#7494,#7502,.T.);
#7502 = LINE('',#7503,#7504);
#7503 = CARTESIAN_POINT('',(92.5696,-43.32945,1.51));
#7504 = VECTOR('',#7505,1.);
#7505 = DIRECTION('',(0.,-1.,0.));
#7506 = PLANE('',#7507);
#7507 = AXIS2_PLACEMENT_3D('',#7508,#7509,#7510);
#7508 = CARTESIAN_POINT('',(92.5696,-43.32945,1.51));
#7509 = DIRECTION('',(1.,0.,-0.));
#7510 = DIRECTION('',(0.,-1.,0.));
#7511 = ADVANCED_FACE('',(#7512),#7528,.T.);
#7512 = FACE_BOUND('',#7513,.T.);
#7513 = EDGE_LOOP('',(#7514,#7515,#7521,#7522));
#7514 = ORIENTED_EDGE('',*,*,#7493,.T.);
#7515 = ORIENTED_EDGE('',*,*,#7516,.T.);
#7516 = EDGE_CURVE('',#7486,#7416,#7517,.T.);
#7517 = LINE('',#7518,#7519);
#7518 = CARTESIAN_POINT('',(92.5696,-46.02185,1.55));
#7519 = VECTOR('',#7520,1.);
#7520 = DIRECTION('',(-1.,0.,0.));
#7521 = ORIENTED_EDGE('',*,*,#7413,.F.);
#7522 = ORIENTED_EDGE('',*,*,#7523,.F.);
#7523 = EDGE_CURVE('',#7494,#7414,#7524,.T.);
#7524 = LINE('',#7525,#7526);
#7525 = CARTESIAN_POINT('',(92.5696,-46.02185,1.51));
#7526 = VECTOR('',#7527,1.);
#7527 = DIRECTION('',(-1.,0.,0.));
#7528 = PLANE('',#7529);
#7529 = AXIS2_PLACEMENT_3D('',#7530,#7531,#7532);
#7530 = CARTESIAN_POINT('',(92.5696,-46.02185,1.51));
#7531 = DIRECTION('',(0.,-1.,0.));
#7532 = DIRECTION('',(-1.,0.,0.));
#7533 = ADVANCED_FACE('',(#7534),#7540,.F.);
#7534 = FACE_BOUND('',#7535,.T.);
#7535 = EDGE_LOOP('',(#7536,#7537,#7538,#7539));
#7536 = ORIENTED_EDGE('',*,*,#7439,.T.);
#7537 = ORIENTED_EDGE('',*,*,#7470,.T.);
#7538 = ORIENTED_EDGE('',*,*,#7501,.T.);
#7539 = ORIENTED_EDGE('',*,*,#7523,.T.);
#7540 = PLANE('',#7541);
#7541 = AXIS2_PLACEMENT_3D('',#7542,#7543,#7544);
#7542 = CARTESIAN_POINT('',(0.,0.,1.51));
#7543 = DIRECTION('',(0.,0.,1.));
#7544 = DIRECTION('',(1.,0.,-0.));
#7545 = ADVANCED_FACE('',(#7546),#7552,.T.);
#7546 = FACE_BOUND('',#7547,.F.);
#7547 = EDGE_LOOP('',(#7548,#7549,#7550,#7551));
#7548 = ORIENTED_EDGE('',*,*,#7423,.T.);
#7549 = ORIENTED_EDGE('',*,*,#7454,.T.);
#7550 = ORIENTED_EDGE('',*,*,#7485,.T.);
#7551 = ORIENTED_EDGE('',*,*,#7516,.T.);
#7552 = PLANE('',#7553);
#7553 = AXIS2_PLACEMENT_3D('',#7554,#7555,#7556);
#7554 = CARTESIAN_POINT('',(0.,0.,1.55));
#7555 = DIRECTION('',(0.,0.,1.));
#7556 = DIRECTION('',(1.,0.,-0.));
#7557 = MANIFOLD_SOLID_BREP('',#7558);
#7558 = CLOSED_SHELL('',(#7559,#7599,#7630,#7661,#7683,#7695));
#7559 = ADVANCED_FACE('',(#7560),#7594,.T.);
#7560 = FACE_BOUND('',#7561,.T.);
#7561 = EDGE_LOOP('',(#7562,#7572,#7580,#7588));
#7562 = ORIENTED_EDGE('',*,*,#7563,.T.);
#7563 = EDGE_CURVE('',#7564,#7566,#7568,.T.);
#7564 = VERTEX_POINT('',#7565);
#7565 = CARTESIAN_POINT('',(94.246,-46.02185,1.51));
#7566 = VERTEX_POINT('',#7567);
#7567 = CARTESIAN_POINT('',(94.246,-46.02185,1.55));
#7568 = LINE('',#7569,#7570);
#7569 = CARTESIAN_POINT('',(94.246,-46.02185,1.51));
#7570 = VECTOR('',#7571,1.);
#7571 = DIRECTION('',(0.,0.,1.));
#7572 = ORIENTED_EDGE('',*,*,#7573,.T.);
#7573 = EDGE_CURVE('',#7566,#7574,#7576,.T.);
#7574 = VERTEX_POINT('',#7575);
#7575 = CARTESIAN_POINT('',(94.246,-43.32945,1.55));
#7576 = LINE('',#7577,#7578);
#7577 = CARTESIAN_POINT('',(94.246,-46.02185,1.55));
#7578 = VECTOR('',#7579,1.);
#7579 = DIRECTION('',(0.,1.,0.));
#7580 = ORIENTED_EDGE('',*,*,#7581,.F.);
#7581 = EDGE_CURVE('',#7582,#7574,#7584,.T.);
#7582 = VERTEX_POINT('',#7583);
#7583 = CARTESIAN_POINT('',(94.246,-43.32945,1.51));
#7584 = LINE('',#7585,#7586);
#7585 = CARTESIAN_POINT('',(94.246,-43.32945,1.51));
#7586 = VECTOR('',#7587,1.);
#7587 = DIRECTION('',(0.,0.,1.));
#7588 = ORIENTED_EDGE('',*,*,#7589,.F.);
#7589 = EDGE_CURVE('',#7564,#7582,#7590,.T.);
#7590 = LINE('',#7591,#7592);
#7591 = CARTESIAN_POINT('',(94.246,-46.02185,1.51));
#7592 = VECTOR('',#7593,1.);
#7593 = DIRECTION('',(0.,1.,0.));
#7594 = PLANE('',#7595);
#7595 = AXIS2_PLACEMENT_3D('',#7596,#7597,#7598);
#7596 = CARTESIAN_POINT('',(94.246,-46.02185,1.51));
#7597 = DIRECTION('',(-1.,0.,0.));
#7598 = DIRECTION('',(0.,1.,0.));
#7599 = ADVANCED_FACE('',(#7600),#7625,.T.);
#7600 = FACE_BOUND('',#7601,.T.);
#7601 = EDGE_LOOP('',(#7602,#7603,#7611,#7619));
#7602 = ORIENTED_EDGE('',*,*,#7581,.T.);
#7603 = ORIENTED_EDGE('',*,*,#7604,.T.);
#7604 = EDGE_CURVE('',#7574,#7605,#7607,.T.);
#7605 = VERTEX_POINT('',#7606);
#7606 = CARTESIAN_POINT('',(94.754,-43.32945,1.55));
#7607 = LINE('',#7608,#7609);
#7608 = CARTESIAN_POINT('',(94.246,-43.32945,1.55));
#7609 = VECTOR('',#7610,1.);
#7610 = DIRECTION('',(1.,0.,0.));
#7611 = ORIENTED_EDGE('',*,*,#7612,.F.);
#7612 = EDGE_CURVE('',#7613,#7605,#7615,.T.);
#7613 = VERTEX_POINT('',#7614);
#7614 = CARTESIAN_POINT('',(94.754,-43.32945,1.51));
#7615 = LINE('',#7616,#7617);
#7616 = CARTESIAN_POINT('',(94.754,-43.32945,1.51));
#7617 = VECTOR('',#7618,1.);
#7618 = DIRECTION('',(0.,0.,1.));
#7619 = ORIENTED_EDGE('',*,*,#7620,.F.);
#7620 = EDGE_CURVE('',#7582,#7613,#7621,.T.);
#7621 = LINE('',#7622,#7623);
#7622 = CARTESIAN_POINT('',(94.246,-43.32945,1.51));
#7623 = VECTOR('',#7624,1.);
#7624 = DIRECTION('',(1.,0.,0.));
#7625 = PLANE('',#7626);
#7626 = AXIS2_PLACEMENT_3D('',#7627,#7628,#7629);
#7627 = CARTESIAN_POINT('',(94.246,-43.32945,1.51));
#7628 = DIRECTION('',(0.,1.,0.));
#7629 = DIRECTION('',(1.,0.,0.));
#7630 = ADVANCED_FACE('',(#7631),#7656,.T.);
#7631 = FACE_BOUND('',#7632,.T.);
#7632 = EDGE_LOOP('',(#7633,#7634,#7642,#7650));
#7633 = ORIENTED_EDGE('',*,*,#7612,.T.);
#7634 = ORIENTED_EDGE('',*,*,#7635,.T.);
#7635 = EDGE_CURVE('',#7605,#7636,#7638,.T.);
#7636 = VERTEX_POINT('',#7637);
#7637 = CARTESIAN_POINT('',(94.754,-46.02185,1.55));
#7638 = LINE('',#7639,#7640);
#7639 = CARTESIAN_POINT('',(94.754,-43.32945,1.55));
#7640 = VECTOR('',#7641,1.);
#7641 = DIRECTION('',(0.,-1.,0.));
#7642 = ORIENTED_EDGE('',*,*,#7643,.F.);
#7643 = EDGE_CURVE('',#7644,#7636,#7646,.T.);
#7644 = VERTEX_POINT('',#7645);
#7645 = CARTESIAN_POINT('',(94.754,-46.02185,1.51));
#7646 = LINE('',#7647,#7648);
#7647 = CARTESIAN_POINT('',(94.754,-46.02185,1.51));
#7648 = VECTOR('',#7649,1.);
#7649 = DIRECTION('',(0.,0.,1.));
#7650 = ORIENTED_EDGE('',*,*,#7651,.F.);
#7651 = EDGE_CURVE('',#7613,#7644,#7652,.T.);
#7652 = LINE('',#7653,#7654);
#7653 = CARTESIAN_POINT('',(94.754,-43.32945,1.51));
#7654 = VECTOR('',#7655,1.);
#7655 = DIRECTION('',(0.,-1.,0.));
#7656 = PLANE('',#7657);
#7657 = AXIS2_PLACEMENT_3D('',#7658,#7659,#7660);
#7658 = CARTESIAN_POINT('',(94.754,-43.32945,1.51));
#7659 = DIRECTION('',(1.,0.,-0.));
#7660 = DIRECTION('',(0.,-1.,0.));
#7661 = ADVANCED_FACE('',(#7662),#7678,.T.);
#7662 = FACE_BOUND('',#7663,.T.);
#7663 = EDGE_LOOP('',(#7664,#7665,#7671,#7672));
#7664 = ORIENTED_EDGE('',*,*,#7643,.T.);
#7665 = ORIENTED_EDGE('',*,*,#7666,.T.);
#7666 = EDGE_CURVE('',#7636,#7566,#7667,.T.);
#7667 = LINE('',#7668,#7669);
#7668 = CARTESIAN_POINT('',(94.754,-46.02185,1.55));
#7669 = VECTOR('',#7670,1.);
#7670 = DIRECTION('',(-1.,0.,0.));
#7671 = ORIENTED_EDGE('',*,*,#7563,.F.);
#7672 = ORIENTED_EDGE('',*,*,#7673,.F.);
#7673 = EDGE_CURVE('',#7644,#7564,#7674,.T.);
#7674 = LINE('',#7675,#7676);
#7675 = CARTESIAN_POINT('',(94.754,-46.02185,1.51));
#7676 = VECTOR('',#7677,1.);
#7677 = DIRECTION('',(-1.,0.,0.));
#7678 = PLANE('',#7679);
#7679 = AXIS2_PLACEMENT_3D('',#7680,#7681,#7682);
#7680 = CARTESIAN_POINT('',(94.754,-46.02185,1.51));
#7681 = DIRECTION('',(0.,-1.,0.));
#7682 = DIRECTION('',(-1.,0.,0.));
#7683 = ADVANCED_FACE('',(#7684),#7690,.F.);
#7684 = FACE_BOUND('',#7685,.T.);
#7685 = EDGE_LOOP('',(#7686,#7687,#7688,#7689));
#7686 = ORIENTED_EDGE('',*,*,#7589,.T.);
#7687 = ORIENTED_EDGE('',*,*,#7620,.T.);
#7688 = ORIENTED_EDGE('',*,*,#7651,.T.);
#7689 = ORIENTED_EDGE('',*,*,#7673,.T.);
#7690 = PLANE('',#7691);
#7691 = AXIS2_PLACEMENT_3D('',#7692,#7693,#7694);
#7692 = CARTESIAN_POINT('',(0.,0.,1.51));
#7693 = DIRECTION('',(0.,0.,1.));
#7694 = DIRECTION('',(1.,0.,-0.));
#7695 = ADVANCED_FACE('',(#7696),#7702,.T.);
#7696 = FACE_BOUND('',#7697,.F.);
#7697 = EDGE_LOOP('',(#7698,#7699,#7700,#7701));
#7698 = ORIENTED_EDGE('',*,*,#7573,.T.);
#7699 = ORIENTED_EDGE('',*,*,#7604,.T.);
#7700 = ORIENTED_EDGE('',*,*,#7635,.T.);
#7701 = ORIENTED_EDGE('',*,*,#7666,.T.);
#7702 = PLANE('',#7703);
#7703 = AXIS2_PLACEMENT_3D('',#7704,#7705,#7706);
#7704 = CARTESIAN_POINT('',(0.,0.,1.55));
#7705 = DIRECTION('',(0.,0.,1.));
#7706 = DIRECTION('',(1.,0.,-0.));
#7707 = MANIFOLD_SOLID_BREP('',#7708);
#7708 = CLOSED_SHELL('',(#7709,#7751,#7782,#7815,#7846,#7879,#7910,#7943
    ,#7965,#7981));
#7709 = ADVANCED_FACE('',(#7710),#7746,.T.);
#7710 = FACE_BOUND('',#7711,.T.);
#7711 = EDGE_LOOP('',(#7712,#7722,#7731,#7739));
#7712 = ORIENTED_EDGE('',*,*,#7713,.T.);
#7713 = EDGE_CURVE('',#7714,#7716,#7718,.T.);
#7714 = VERTEX_POINT('',#7715);
#7715 = CARTESIAN_POINT('',(87.2328,-41.81315,1.51));
#7716 = VERTEX_POINT('',#7717);
#7717 = CARTESIAN_POINT('',(87.2328,-41.81315,1.55));
#7718 = LINE('',#7719,#7720);
#7719 = CARTESIAN_POINT('',(87.2328,-41.81315,1.51));
#7720 = VECTOR('',#7721,1.);
#7721 = DIRECTION('',(0.,0.,1.));
#7722 = ORIENTED_EDGE('',*,*,#7723,.T.);
#7723 = EDGE_CURVE('',#7716,#7724,#7726,.T.);
#7724 = VERTEX_POINT('',#7725);
#7725 = CARTESIAN_POINT('',(87.4828,-41.56315,1.55));
#7726 = CIRCLE('',#7727,0.249998959685);
#7727 = AXIS2_PLACEMENT_3D('',#7728,#7729,#7730);
#7728 = CARTESIAN_POINT('',(87.482798959683,-41.81314895968,1.55));
#7729 = DIRECTION('',(0.,0.,-1.));
#7730 = DIRECTION('',(-0.999999999991,-4.161285837067E-06,-0.));
#7731 = ORIENTED_EDGE('',*,*,#7732,.F.);
#7732 = EDGE_CURVE('',#7733,#7724,#7735,.T.);
#7733 = VERTEX_POINT('',#7734);
#7734 = CARTESIAN_POINT('',(87.4828,-41.56315,1.51));
#7735 = LINE('',#7736,#7737);
#7736 = CARTESIAN_POINT('',(87.4828,-41.56315,1.51));
#7737 = VECTOR('',#7738,1.);
#7738 = DIRECTION('',(0.,0.,1.));
#7739 = ORIENTED_EDGE('',*,*,#7740,.F.);
#7740 = EDGE_CURVE('',#7714,#7733,#7741,.T.);
#7741 = CIRCLE('',#7742,0.249998959685);
#7742 = AXIS2_PLACEMENT_3D('',#7743,#7744,#7745);
#7743 = CARTESIAN_POINT('',(87.482798959683,-41.81314895968,1.51));
#7744 = DIRECTION('',(0.,0.,-1.));
#7745 = DIRECTION('',(-0.999999999991,-4.161285837067E-06,-0.));
#7746 = CYLINDRICAL_SURFACE('',#7747,0.249998959685);
#7747 = AXIS2_PLACEMENT_3D('',#7748,#7749,#7750);
#7748 = CARTESIAN_POINT('',(87.482798959683,-41.81314895968,1.51));
#7749 = DIRECTION('',(0.,0.,-1.));
#7750 = DIRECTION('',(-0.999999999991,-4.161285837067E-06,-0.));
#7751 = ADVANCED_FACE('',(#7752),#7777,.T.);
#7752 = FACE_BOUND('',#7753,.T.);
#7753 = EDGE_LOOP('',(#7754,#7755,#7763,#7771));
#7754 = ORIENTED_EDGE('',*,*,#7732,.T.);
#7755 = ORIENTED_EDGE('',*,*,#7756,.T.);
#7756 = EDGE_CURVE('',#7724,#7757,#7759,.T.);
#7757 = VERTEX_POINT('',#7758);
#7758 = CARTESIAN_POINT('',(90.3328,-41.56315,1.55));
#7759 = LINE('',#7760,#7761);
#7760 = CARTESIAN_POINT('',(87.4828,-41.56315,1.55));
#7761 = VECTOR('',#7762,1.);
#7762 = DIRECTION('',(1.,0.,0.));
#7763 = ORIENTED_EDGE('',*,*,#7764,.F.);
#7764 = EDGE_CURVE('',#7765,#7757,#7767,.T.);
#7765 = VERTEX_POINT('',#7766);
#7766 = CARTESIAN_POINT('',(90.3328,-41.56315,1.51));
#7767 = LINE('',#7768,#7769);
#7768 = CARTESIAN_POINT('',(90.3328,-41.56315,1.51));
#7769 = VECTOR('',#7770,1.);
#7770 = DIRECTION('',(0.,0.,1.));
#7771 = ORIENTED_EDGE('',*,*,#7772,.F.);
#7772 = EDGE_CURVE('',#7733,#7765,#7773,.T.);
#7773 = LINE('',#7774,#7775);
#7774 = CARTESIAN_POINT('',(87.4828,-41.56315,1.51));
#7775 = VECTOR('',#7776,1.);
#7776 = DIRECTION('',(1.,0.,0.));
#7777 = PLANE('',#7778);
#7778 = AXIS2_PLACEMENT_3D('',#7779,#7780,#7781);
#7779 = CARTESIAN_POINT('',(87.4828,-41.56315,1.51));
#7780 = DIRECTION('',(0.,1.,0.));
#7781 = DIRECTION('',(1.,0.,0.));
#7782 = ADVANCED_FACE('',(#7783),#7810,.T.);
#7783 = FACE_BOUND('',#7784,.T.);
#7784 = EDGE_LOOP('',(#7785,#7786,#7795,#7803));
#7785 = ORIENTED_EDGE('',*,*,#7764,.T.);
#7786 = ORIENTED_EDGE('',*,*,#7787,.T.);
#7787 = EDGE_CURVE('',#7757,#7788,#7790,.T.);
#7788 = VERTEX_POINT('',#7789);
#7789 = CARTESIAN_POINT('',(90.5828,-41.81315,1.55));
#7790 = CIRCLE('',#7791,0.249998959685);
#7791 = AXIS2_PLACEMENT_3D('',#7792,#7793,#7794);
#7792 = CARTESIAN_POINT('',(90.332801040317,-41.81314895968,1.55));
#7793 = DIRECTION('',(0.,0.,-1.));
#7794 = DIRECTION('',(-4.161285780222E-06,0.999999999991,0.));
#7795 = ORIENTED_EDGE('',*,*,#7796,.F.);
#7796 = EDGE_CURVE('',#7797,#7788,#7799,.T.);
#7797 = VERTEX_POINT('',#7798);
#7798 = CARTESIAN_POINT('',(90.5828,-41.81315,1.51));
#7799 = LINE('',#7800,#7801);
#7800 = CARTESIAN_POINT('',(90.5828,-41.81315,1.51));
#7801 = VECTOR('',#7802,1.);
#7802 = DIRECTION('',(0.,0.,1.));
#7803 = ORIENTED_EDGE('',*,*,#7804,.F.);
#7804 = EDGE_CURVE('',#7765,#7797,#7805,.T.);
#7805 = CIRCLE('',#7806,0.249998959685);
#7806 = AXIS2_PLACEMENT_3D('',#7807,#7808,#7809);
#7807 = CARTESIAN_POINT('',(90.332801040317,-41.81314895968,1.51));
#7808 = DIRECTION('',(0.,0.,-1.));
#7809 = DIRECTION('',(-4.161285780222E-06,0.999999999991,0.));
#7810 = CYLINDRICAL_SURFACE('',#7811,0.249998959685);
#7811 = AXIS2_PLACEMENT_3D('',#7812,#7813,#7814);
#7812 = CARTESIAN_POINT('',(90.332801040317,-41.81314895968,1.51));
#7813 = DIRECTION('',(0.,0.,-1.));
#7814 = DIRECTION('',(-4.161285780222E-06,0.999999999991,0.));
#7815 = ADVANCED_FACE('',(#7816),#7841,.T.);
#7816 = FACE_BOUND('',#7817,.T.);
#7817 = EDGE_LOOP('',(#7818,#7819,#7827,#7835));
#7818 = ORIENTED_EDGE('',*,*,#7796,.T.);
#7819 = ORIENTED_EDGE('',*,*,#7820,.T.);
#7820 = EDGE_CURVE('',#7788,#7821,#7823,.T.);
#7821 = VERTEX_POINT('',#7822);
#7822 = CARTESIAN_POINT('',(90.5828,-42.53815,1.55));
#7823 = LINE('',#7824,#7825);
#7824 = CARTESIAN_POINT('',(90.5828,-41.81315,1.55));
#7825 = VECTOR('',#7826,1.);
#7826 = DIRECTION('',(0.,-1.,0.));
#7827 = ORIENTED_EDGE('',*,*,#7828,.F.);
#7828 = EDGE_CURVE('',#7829,#7821,#7831,.T.);
#7829 = VERTEX_POINT('',#7830);
#7830 = CARTESIAN_POINT('',(90.5828,-42.53815,1.51));
#7831 = LINE('',#7832,#7833);
#7832 = CARTESIAN_POINT('',(90.5828,-42.53815,1.51));
#7833 = VECTOR('',#7834,1.);
#7834 = DIRECTION('',(0.,0.,1.));
#7835 = ORIENTED_EDGE('',*,*,#7836,.F.);
#7836 = EDGE_CURVE('',#7797,#7829,#7837,.T.);
#7837 = LINE('',#7838,#7839);
#7838 = CARTESIAN_POINT('',(90.5828,-41.81315,1.51));
#7839 = VECTOR('',#7840,1.);
#7840 = DIRECTION('',(0.,-1.,0.));
#7841 = PLANE('',#7842);
#7842 = AXIS2_PLACEMENT_3D('',#7843,#7844,#7845);
#7843 = CARTESIAN_POINT('',(90.5828,-41.81315,1.51));
#7844 = DIRECTION('',(1.,0.,-0.));
#7845 = DIRECTION('',(0.,-1.,0.));
#7846 = ADVANCED_FACE('',(#7847),#7874,.T.);
#7847 = FACE_BOUND('',#7848,.T.);
#7848 = EDGE_LOOP('',(#7849,#7850,#7859,#7867));
#7849 = ORIENTED_EDGE('',*,*,#7828,.T.);
#7850 = ORIENTED_EDGE('',*,*,#7851,.T.);
#7851 = EDGE_CURVE('',#7821,#7852,#7854,.T.);
#7852 = VERTEX_POINT('',#7853);
#7853 = CARTESIAN_POINT('',(90.3328,-42.78815,1.55));
#7854 = CIRCLE('',#7855,0.249998959685);
#7855 = AXIS2_PLACEMENT_3D('',#7856,#7857,#7858);
#7856 = CARTESIAN_POINT('',(90.332801040317,-42.53815104031,1.55));
#7857 = DIRECTION('',(0.,0.,-1.));
#7858 = DIRECTION('',(0.999999999991,4.161285751801E-06,0.));
#7859 = ORIENTED_EDGE('',*,*,#7860,.F.);
#7860 = EDGE_CURVE('',#7861,#7852,#7863,.T.);
#7861 = VERTEX_POINT('',#7862);
#7862 = CARTESIAN_POINT('',(90.3328,-42.78815,1.51));
#7863 = LINE('',#7864,#7865);
#7864 = CARTESIAN_POINT('',(90.3328,-42.78815,1.51));
#7865 = VECTOR('',#7866,1.);
#7866 = DIRECTION('',(0.,0.,1.));
#7867 = ORIENTED_EDGE('',*,*,#7868,.F.);
#7868 = EDGE_CURVE('',#7829,#7861,#7869,.T.);
#7869 = CIRCLE('',#7870,0.249998959685);
#7870 = AXIS2_PLACEMENT_3D('',#7871,#7872,#7873);
#7871 = CARTESIAN_POINT('',(90.332801040317,-42.53815104031,1.51));
#7872 = DIRECTION('',(0.,0.,-1.));
#7873 = DIRECTION('',(0.999999999991,4.161285751801E-06,0.));
#7874 = CYLINDRICAL_SURFACE('',#7875,0.249998959685);
#7875 = AXIS2_PLACEMENT_3D('',#7876,#7877,#7878);
#7876 = CARTESIAN_POINT('',(90.332801040317,-42.53815104031,1.51));
#7877 = DIRECTION('',(0.,0.,-1.));
#7878 = DIRECTION('',(0.999999999991,4.161285751801E-06,0.));
#7879 = ADVANCED_FACE('',(#7880),#7905,.T.);
#7880 = FACE_BOUND('',#7881,.T.);
#7881 = EDGE_LOOP('',(#7882,#7883,#7891,#7899));
#7882 = ORIENTED_EDGE('',*,*,#7860,.T.);
#7883 = ORIENTED_EDGE('',*,*,#7884,.T.);
#7884 = EDGE_CURVE('',#7852,#7885,#7887,.T.);
#7885 = VERTEX_POINT('',#7886);
#7886 = CARTESIAN_POINT('',(87.4828,-42.78815,1.55));
#7887 = LINE('',#7888,#7889);
#7888 = CARTESIAN_POINT('',(90.3328,-42.78815,1.55));
#7889 = VECTOR('',#7890,1.);
#7890 = DIRECTION('',(-1.,0.,0.));
#7891 = ORIENTED_EDGE('',*,*,#7892,.F.);
#7892 = EDGE_CURVE('',#7893,#7885,#7895,.T.);
#7893 = VERTEX_POINT('',#7894);
#7894 = CARTESIAN_POINT('',(87.4828,-42.78815,1.51));
#7895 = LINE('',#7896,#7897);
#7896 = CARTESIAN_POINT('',(87.4828,-42.78815,1.51));
#7897 = VECTOR('',#7898,1.);
#7898 = DIRECTION('',(0.,0.,1.));
#7899 = ORIENTED_EDGE('',*,*,#7900,.F.);
#7900 = EDGE_CURVE('',#7861,#7893,#7901,.T.);
#7901 = LINE('',#7902,#7903);
#7902 = CARTESIAN_POINT('',(90.3328,-42.78815,1.51));
#7903 = VECTOR('',#7904,1.);
#7904 = DIRECTION('',(-1.,0.,0.));
#7905 = PLANE('',#7906);
#7906 = AXIS2_PLACEMENT_3D('',#7907,#7908,#7909);
#7907 = CARTESIAN_POINT('',(90.3328,-42.78815,1.51));
#7908 = DIRECTION('',(0.,-1.,0.));
#7909 = DIRECTION('',(-1.,0.,0.));
#7910 = ADVANCED_FACE('',(#7911),#7938,.T.);
#7911 = FACE_BOUND('',#7912,.T.);
#7912 = EDGE_LOOP('',(#7913,#7914,#7923,#7931));
#7913 = ORIENTED_EDGE('',*,*,#7892,.T.);
#7914 = ORIENTED_EDGE('',*,*,#7915,.T.);
#7915 = EDGE_CURVE('',#7885,#7916,#7918,.T.);
#7916 = VERTEX_POINT('',#7917);
#7917 = CARTESIAN_POINT('',(87.2328,-42.53815,1.55));
#7918 = CIRCLE('',#7919,0.249998959685);
#7919 = AXIS2_PLACEMENT_3D('',#7920,#7921,#7922);
#7920 = CARTESIAN_POINT('',(87.482798959683,-42.53815104031,1.55));
#7921 = DIRECTION('',(0.,0.,-1.));
#7922 = DIRECTION('',(4.16128589391E-06,-0.999999999991,0.));
#7923 = ORIENTED_EDGE('',*,*,#7924,.F.);
#7924 = EDGE_CURVE('',#7925,#7916,#7927,.T.);
#7925 = VERTEX_POINT('',#7926);
#7926 = CARTESIAN_POINT('',(87.2328,-42.53815,1.51));
#7927 = LINE('',#7928,#7929);
#7928 = CARTESIAN_POINT('',(87.2328,-42.53815,1.51));
#7929 = VECTOR('',#7930,1.);
#7930 = DIRECTION('',(0.,0.,1.));
#7931 = ORIENTED_EDGE('',*,*,#7932,.F.);
#7932 = EDGE_CURVE('',#7893,#7925,#7933,.T.);
#7933 = CIRCLE('',#7934,0.249998959685);
#7934 = AXIS2_PLACEMENT_3D('',#7935,#7936,#7937);
#7935 = CARTESIAN_POINT('',(87.482798959683,-42.53815104031,1.51));
#7936 = DIRECTION('',(0.,0.,-1.));
#7937 = DIRECTION('',(4.16128589391E-06,-0.999999999991,0.));
#7938 = CYLINDRICAL_SURFACE('',#7939,0.249998959685);
#7939 = AXIS2_PLACEMENT_3D('',#7940,#7941,#7942);
#7940 = CARTESIAN_POINT('',(87.482798959683,-42.53815104031,1.51));
#7941 = DIRECTION('',(0.,0.,-1.));
#7942 = DIRECTION('',(4.16128589391E-06,-0.999999999991,0.));
#7943 = ADVANCED_FACE('',(#7944),#7960,.T.);
#7944 = FACE_BOUND('',#7945,.T.);
#7945 = EDGE_LOOP('',(#7946,#7947,#7953,#7954));
#7946 = ORIENTED_EDGE('',*,*,#7924,.T.);
#7947 = ORIENTED_EDGE('',*,*,#7948,.T.);
#7948 = EDGE_CURVE('',#7916,#7716,#7949,.T.);
#7949 = LINE('',#7950,#7951);
#7950 = CARTESIAN_POINT('',(87.2328,-42.53815,1.55));
#7951 = VECTOR('',#7952,1.);
#7952 = DIRECTION('',(0.,1.,0.));
#7953 = ORIENTED_EDGE('',*,*,#7713,.F.);
#7954 = ORIENTED_EDGE('',*,*,#7955,.F.);
#7955 = EDGE_CURVE('',#7925,#7714,#7956,.T.);
#7956 = LINE('',#7957,#7958);
#7957 = CARTESIAN_POINT('',(87.2328,-42.53815,1.51));
#7958 = VECTOR('',#7959,1.);
#7959 = DIRECTION('',(0.,1.,0.));
#7960 = PLANE('',#7961);
#7961 = AXIS2_PLACEMENT_3D('',#7962,#7963,#7964);
#7962 = CARTESIAN_POINT('',(87.2328,-42.53815,1.51));
#7963 = DIRECTION('',(-1.,0.,0.));
#7964 = DIRECTION('',(0.,1.,0.));
#7965 = ADVANCED_FACE('',(#7966),#7976,.F.);
#7966 = FACE_BOUND('',#7967,.T.);
#7967 = EDGE_LOOP('',(#7968,#7969,#7970,#7971,#7972,#7973,#7974,#7975));
#7968 = ORIENTED_EDGE('',*,*,#7740,.T.);
#7969 = ORIENTED_EDGE('',*,*,#7772,.T.);
#7970 = ORIENTED_EDGE('',*,*,#7804,.T.);
#7971 = ORIENTED_EDGE('',*,*,#7836,.T.);
#7972 = ORIENTED_EDGE('',*,*,#7868,.T.);
#7973 = ORIENTED_EDGE('',*,*,#7900,.T.);
#7974 = ORIENTED_EDGE('',*,*,#7932,.T.);
#7975 = ORIENTED_EDGE('',*,*,#7955,.T.);
#7976 = PLANE('',#7977);
#7977 = AXIS2_PLACEMENT_3D('',#7978,#7979,#7980);
#7978 = CARTESIAN_POINT('',(0.,0.,1.51));
#7979 = DIRECTION('',(0.,0.,1.));
#7980 = DIRECTION('',(1.,0.,-0.));
#7981 = ADVANCED_FACE('',(#7982),#7992,.T.);
#7982 = FACE_BOUND('',#7983,.F.);
#7983 = EDGE_LOOP('',(#7984,#7985,#7986,#7987,#7988,#7989,#7990,#7991));
#7984 = ORIENTED_EDGE('',*,*,#7723,.T.);
#7985 = ORIENTED_EDGE('',*,*,#7756,.T.);
#7986 = ORIENTED_EDGE('',*,*,#7787,.T.);
#7987 = ORIENTED_EDGE('',*,*,#7820,.T.);
#7988 = ORIENTED_EDGE('',*,*,#7851,.T.);
#7989 = ORIENTED_EDGE('',*,*,#7884,.T.);
#7990 = ORIENTED_EDGE('',*,*,#7915,.T.);
#7991 = ORIENTED_EDGE('',*,*,#7948,.T.);
#7992 = PLANE('',#7993);
#7993 = AXIS2_PLACEMENT_3D('',#7994,#7995,#7996);
#7994 = CARTESIAN_POINT('',(0.,0.,1.55));
#7995 = DIRECTION('',(0.,0.,1.));
#7996 = DIRECTION('',(1.,0.,-0.));
#7997 = ( GEOMETRIC_REPRESENTATION_CONTEXT(3) 
GLOBAL_UNCERTAINTY_ASSIGNED_CONTEXT((#8001)) 
GLOBAL_UNIT_ASSIGNED_CONTEXT((#7998,#7999,#8000)) REPRESENTATION_CONTEXT
('Context #1','3D Context with UNIT and UNCERTAINTY') );
#7998 = ( LENGTH_UNIT() NAMED_UNIT(*) SI_UNIT(.MILLI.,.METRE.) );
#7999 = ( NAMED_UNIT(*) PLANE_ANGLE_UNIT() SI_UNIT($,.RADIAN.) );
#8000 = ( NAMED_UNIT(*) SI_UNIT($,.STERADIAN.) SOLID_ANGLE_UNIT() );
#8001 = UNCERTAINTY_MEASURE_WITH_UNIT(LENGTH_MEASURE(1.E-07),#7998,
  'distance_accuracy_value','confusion accuracy');
#8002 = CONTEXT_DEPENDENT_SHAPE_REPRESENTATION(#8003,#8005);
#8003 = ( REPRESENTATION_RELATIONSHIP('','',#3774,#10) 
REPRESENTATION_RELATIONSHIP_WITH_TRANSFORMATION(#8004) 
SHAPE_REPRESENTATION_RELATIONSHIP() );
#8004 = ITEM_DEFINED_TRANSFORMATION('','',#11,#31);
#8005 = PRODUCT_DEFINITION_SHAPE('Placement','Placement of an item',
  #8006);
#8006 = NEXT_ASSEMBLY_USAGE_OCCURRENCE('5','=>[0:1:1:6]','',#5,#3769,$);
#8007 = PRODUCT_RELATED_PRODUCT_CATEGORY('part',$,(#3771));
#8008 = SHAPE_DEFINITION_REPRESENTATION(#8009,#8015);
#8009 = PRODUCT_DEFINITION_SHAPE('','',#8010);
#8010 = PRODUCT_DEFINITION('design','',#8011,#8014);
#8011 = PRODUCT_DEFINITION_FORMATION('','',#8012);
#8012 = PRODUCT('rollhooplight_RSL_PCB_silkscreen',
  'rollhooplight_RSL_PCB_silkscreen','',(#8013));
#8013 = PRODUCT_CONTEXT('',#2,'mechanical');
#8014 = PRODUCT_DEFINITION_CONTEXT('part definition',#2,'design');
#8015 = SHAPE_REPRESENTATION('',(#11,#8016,#8110,#8162,#8214,#8421,#8615
    ,#8727,#8934,#9155,#9267,#9474,#9710,#9822,#9866,#9910,#9954),#9998
  );
#8016 = SHELL_BASED_SURFACE_MODEL('',(#8017));
#8017 = OPEN_SHELL('',(#8018));
#8018 = ADVANCED_FACE('',(#8019),#8105,.T.);
#8019 = FACE_BOUND('',#8020,.F.);
#8020 = EDGE_LOOP('',(#8021,#8032,#8040,#8049,#8057,#8066,#8074,#8082,
    #8090,#8099));
#8021 = ORIENTED_EDGE('',*,*,#8022,.T.);
#8022 = EDGE_CURVE('',#8023,#8025,#8027,.T.);
#8023 = VERTEX_POINT('',#8024);
#8024 = CARTESIAN_POINT('',(77.1978,-41.66565,1.585));
#8025 = VERTEX_POINT('',#8026);
#8026 = CARTESIAN_POINT('',(77.2578,-41.60565,1.585));
#8027 = CIRCLE('',#8028,5.999932016258E-02);
#8028 = AXIS2_PLACEMENT_3D('',#8029,#8030,#8031);
#8029 = CARTESIAN_POINT('',(77.257799320159,-41.66564932015,1.585));
#8030 = DIRECTION('',(0.,0.,-1.));
#8031 = DIRECTION('',(-0.999999999936,-1.133081635828E-05,-0.));
#8032 = ORIENTED_EDGE('',*,*,#8033,.T.);
#8033 = EDGE_CURVE('',#8025,#8034,#8036,.T.);
#8034 = VERTEX_POINT('',#8035);
#8035 = CARTESIAN_POINT('',(81.5578,-41.60565,1.585));
#8036 = LINE('',#8037,#8038);
#8037 = CARTESIAN_POINT('',(77.2578,-41.60565,1.585));
#8038 = VECTOR('',#8039,1.);
#8039 = DIRECTION('',(1.,0.,0.));
#8040 = ORIENTED_EDGE('',*,*,#8041,.T.);
#8041 = EDGE_CURVE('',#8034,#8042,#8044,.T.);
#8042 = VERTEX_POINT('',#8043);
#8043 = CARTESIAN_POINT('',(81.6178,-41.66565,1.585));
#8044 = CIRCLE('',#8045,5.999932016262E-02);
#8045 = AXIS2_PLACEMENT_3D('',#8046,#8047,#8048);
#8046 = CARTESIAN_POINT('',(81.557800679841,-41.66564932015,1.585));
#8047 = DIRECTION('',(0.,0.,-1.));
#8048 = DIRECTION('',(-1.133081564772E-05,0.999999999936,0.));
#8049 = ORIENTED_EDGE('',*,*,#8050,.T.);
#8050 = EDGE_CURVE('',#8042,#8051,#8053,.T.);
#8051 = VERTEX_POINT('',#8052);
#8052 = CARTESIAN_POINT('',(81.6178,-47.47565,1.585));
#8053 = LINE('',#8054,#8055);
#8054 = CARTESIAN_POINT('',(81.6178,-41.66565,1.585));
#8055 = VECTOR('',#8056,1.);
#8056 = DIRECTION('',(0.,-1.,0.));
#8057 = ORIENTED_EDGE('',*,*,#8058,.T.);
#8058 = EDGE_CURVE('',#8051,#8059,#8061,.T.);
#8059 = VERTEX_POINT('',#8060);
#8060 = CARTESIAN_POINT('',(81.4978,-47.47565,1.585));
#8061 = CIRCLE('',#8062,6.000000000043E-02);
#8062 = AXIS2_PLACEMENT_3D('',#8063,#8064,#8065);
#8063 = CARTESIAN_POINT('',(81.5578,-47.47565022558,1.585));
#8064 = DIRECTION('',(0.,0.,-1.));
#8065 = DIRECTION('',(0.999999999993,3.759794016835E-06,0.));
#8066 = ORIENTED_EDGE('',*,*,#8067,.T.);
#8067 = EDGE_CURVE('',#8059,#8068,#8070,.T.);
#8068 = VERTEX_POINT('',#8069);
#8069 = CARTESIAN_POINT('',(81.4978,-41.72565,1.585));
#8070 = LINE('',#8071,#8072);
#8071 = CARTESIAN_POINT('',(81.4978,-47.47565,1.585));
#8072 = VECTOR('',#8073,1.);
#8073 = DIRECTION('',(0.,1.,0.));
#8074 = ORIENTED_EDGE('',*,*,#8075,.T.);
#8075 = EDGE_CURVE('',#8068,#8076,#8078,.T.);
#8076 = VERTEX_POINT('',#8077);
#8077 = CARTESIAN_POINT('',(77.3178,-41.72565,1.585));
#8078 = LINE('',#8079,#8080);
#8079 = CARTESIAN_POINT('',(81.4978,-41.72565,1.585));
#8080 = VECTOR('',#8081,1.);
#8081 = DIRECTION('',(-1.,0.,0.));
#8082 = ORIENTED_EDGE('',*,*,#8083,.T.);
#8083 = EDGE_CURVE('',#8076,#8084,#8086,.T.);
#8084 = VERTEX_POINT('',#8085);
#8085 = CARTESIAN_POINT('',(77.3178,-47.47565,1.585));
#8086 = LINE('',#8087,#8088);
#8087 = CARTESIAN_POINT('',(77.3178,-41.72565,1.585));
#8088 = VECTOR('',#8089,1.);
#8089 = DIRECTION('',(0.,-1.,0.));
#8090 = ORIENTED_EDGE('',*,*,#8091,.T.);
#8091 = EDGE_CURVE('',#8084,#8092,#8094,.T.);
#8092 = VERTEX_POINT('',#8093);
#8093 = CARTESIAN_POINT('',(77.1978,-47.47565,1.585));
#8094 = CIRCLE('',#8095,6.000000000043E-02);
#8095 = AXIS2_PLACEMENT_3D('',#8096,#8097,#8098);
#8096 = CARTESIAN_POINT('',(77.2578,-47.47565022558,1.585));
#8097 = DIRECTION('',(0.,0.,-1.));
#8098 = DIRECTION('',(0.999999999993,3.759794016836E-06,0.));
#8099 = ORIENTED_EDGE('',*,*,#8100,.T.);
#8100 = EDGE_CURVE('',#8092,#8023,#8101,.T.);
#8101 = LINE('',#8102,#8103);
#8102 = CARTESIAN_POINT('',(77.1978,-47.47565,1.585));
#8103 = VECTOR('',#8104,1.);
#8104 = DIRECTION('',(0.,1.,0.));
#8105 = PLANE('',#8106);
#8106 = AXIS2_PLACEMENT_3D('',#8107,#8108,#8109);
#8107 = CARTESIAN_POINT('',(0.,0.,1.585));
#8108 = DIRECTION('',(0.,0.,1.));
#8109 = DIRECTION('',(1.,0.,-0.));
#8110 = SHELL_BASED_SURFACE_MODEL('',(#8111));
#8111 = OPEN_SHELL('',(#8112));
#8112 = ADVANCED_FACE('',(#8113),#8157,.T.);
#8113 = FACE_BOUND('',#8114,.F.);
#8114 = EDGE_LOOP('',(#8115,#8126,#8134,#8143,#8151));
#8115 = ORIENTED_EDGE('',*,*,#8116,.T.);
#8116 = EDGE_CURVE('',#8117,#8119,#8121,.T.);
#8117 = VERTEX_POINT('',#8118);
#8118 = CARTESIAN_POINT('',(87.142367,-42.938125,1.585));
#8119 = VERTEX_POINT('',#8120);
#8120 = CARTESIAN_POINT('',(87.2578,-42.961086,1.585));
#8121 = CIRCLE('',#8122,6.000007318648E-02);
#8122 = AXIS2_PLACEMENT_3D('',#8123,#8124,#8125);
#8123 = CARTESIAN_POINT('',(87.197799926814,-42.96108582331,1.585));
#8124 = DIRECTION('',(0.,0.,-1.));
#8125 = DIRECTION('',(-0.923880986637,0.382679921777,0.));
#8126 = ORIENTED_EDGE('',*,*,#8127,.T.);
#8127 = EDGE_CURVE('',#8119,#8128,#8130,.T.);
#8128 = VERTEX_POINT('',#8129);
#8129 = CARTESIAN_POINT('',(87.2578,-47.315214,1.585));
#8130 = LINE('',#8131,#8132);
#8131 = CARTESIAN_POINT('',(87.2578,-42.961086,1.585));
#8132 = VECTOR('',#8133,1.);
#8133 = DIRECTION('',(0.,-1.,0.));
#8134 = ORIENTED_EDGE('',*,*,#8135,.T.);
#8135 = EDGE_CURVE('',#8128,#8136,#8138,.T.);
#8136 = VERTEX_POINT('',#8137);
#8137 = CARTESIAN_POINT('',(87.1378,-47.315214,1.585));
#8138 = CIRCLE('',#8139,6.000000000043E-02);
#8139 = AXIS2_PLACEMENT_3D('',#8140,#8141,#8142);
#8140 = CARTESIAN_POINT('',(87.1978,-47.31521422558,1.585));
#8141 = DIRECTION('',(0.,0.,-1.));
#8142 = DIRECTION('',(0.999999999993,3.759794016836E-06,0.));
#8143 = ORIENTED_EDGE('',*,*,#8144,.T.);
#8144 = EDGE_CURVE('',#8136,#8145,#8147,.T.);
#8145 = VERTEX_POINT('',#8146);
#8146 = CARTESIAN_POINT('',(87.1378,-42.961086,1.585));
#8147 = LINE('',#8148,#8149);
#8148 = CARTESIAN_POINT('',(87.1378,-47.315214,1.585));
#8149 = VECTOR('',#8150,1.);
#8150 = DIRECTION('',(0.,1.,0.));
#8151 = ORIENTED_EDGE('',*,*,#8152,.T.);
#8152 = EDGE_CURVE('',#8145,#8117,#8153,.T.);
#8153 = LINE('',#8154,#8155);
#8154 = CARTESIAN_POINT('',(87.1378,-42.961086,1.585));
#8155 = VECTOR('',#8156,1.);
#8156 = DIRECTION('',(0.195081000118,0.980787134598,0.));
#8157 = PLANE('',#8158);
#8158 = AXIS2_PLACEMENT_3D('',#8159,#8160,#8161);
#8159 = CARTESIAN_POINT('',(0.,0.,1.585));
#8160 = DIRECTION('',(0.,0.,1.));
#8161 = DIRECTION('',(1.,0.,-0.));
#8162 = SHELL_BASED_SURFACE_MODEL('',(#8163));
#8163 = OPEN_SHELL('',(#8164));
#8164 = ADVANCED_FACE('',(#8165),#8209,.T.);
#8165 = FACE_BOUND('',#8166,.F.);
#8166 = EDGE_LOOP('',(#8167,#8178,#8186,#8195,#8203));
#8167 = ORIENTED_EDGE('',*,*,#8168,.T.);
#8168 = EDGE_CURVE('',#8169,#8171,#8173,.T.);
#8169 = VERTEX_POINT('',#8170);
#8170 = CARTESIAN_POINT('',(90.562367,-42.938125,1.585));
#8171 = VERTEX_POINT('',#8172);
#8172 = CARTESIAN_POINT('',(90.6778,-42.961086,1.585));
#8173 = CIRCLE('',#8174,6.000007318648E-02);
#8174 = AXIS2_PLACEMENT_3D('',#8175,#8176,#8177);
#8175 = CARTESIAN_POINT('',(90.617799926814,-42.96108582331,1.585));
#8176 = DIRECTION('',(0.,0.,-1.));
#8177 = DIRECTION('',(-0.923880986637,0.382679921777,0.));
#8178 = ORIENTED_EDGE('',*,*,#8179,.T.);
#8179 = EDGE_CURVE('',#8171,#8180,#8182,.T.);
#8180 = VERTEX_POINT('',#8181);
#8181 = CARTESIAN_POINT('',(90.6778,-47.315214,1.585));
#8182 = LINE('',#8183,#8184);
#8183 = CARTESIAN_POINT('',(90.6778,-42.961086,1.585));
#8184 = VECTOR('',#8185,1.);
#8185 = DIRECTION('',(0.,-1.,0.));
#8186 = ORIENTED_EDGE('',*,*,#8187,.T.);
#8187 = EDGE_CURVE('',#8180,#8188,#8190,.T.);
#8188 = VERTEX_POINT('',#8189);
#8189 = CARTESIAN_POINT('',(90.5578,-47.315214,1.585));
#8190 = CIRCLE('',#8191,6.000000000043E-02);
#8191 = AXIS2_PLACEMENT_3D('',#8192,#8193,#8194);
#8192 = CARTESIAN_POINT('',(90.6178,-47.31521422558,1.585));
#8193 = DIRECTION('',(0.,0.,-1.));
#8194 = DIRECTION('',(0.999999999993,3.759794016835E-06,0.));
#8195 = ORIENTED_EDGE('',*,*,#8196,.T.);
#8196 = EDGE_CURVE('',#8188,#8197,#8199,.T.);
#8197 = VERTEX_POINT('',#8198);
#8198 = CARTESIAN_POINT('',(90.5578,-42.961086,1.585));
#8199 = LINE('',#8200,#8201);
#8200 = CARTESIAN_POINT('',(90.5578,-47.315214,1.585));
#8201 = VECTOR('',#8202,1.);
#8202 = DIRECTION('',(0.,1.,0.));
#8203 = ORIENTED_EDGE('',*,*,#8204,.T.);
#8204 = EDGE_CURVE('',#8197,#8169,#8205,.T.);
#8205 = LINE('',#8206,#8207);
#8206 = CARTESIAN_POINT('',(90.5578,-42.961086,1.585));
#8207 = VECTOR('',#8208,1.);
#8208 = DIRECTION('',(0.195081000118,0.980787134598,0.));
#8209 = PLANE('',#8210);
#8210 = AXIS2_PLACEMENT_3D('',#8211,#8212,#8213);
#8211 = CARTESIAN_POINT('',(0.,0.,1.585));
#8212 = DIRECTION('',(0.,0.,1.));
#8213 = DIRECTION('',(1.,0.,-0.));
#8214 = SHELL_BASED_SURFACE_MODEL('',(#8215));
#8215 = OPEN_SHELL('',(#8216));
#8216 = ADVANCED_FACE('',(#8217,#8333),#8416,.T.);
#8217 = FACE_BOUND('',#8218,.F.);
#8218 = EDGE_LOOP('',(#8219,#8230,#8238,#8246,#8254,#8262,#8270,#8278,
    #8286,#8294,#8302,#8310,#8318,#8327));
#8219 = ORIENTED_EDGE('',*,*,#8220,.T.);
#8220 = EDGE_CURVE('',#8221,#8223,#8225,.T.);
#8221 = VERTEX_POINT('',#8222);
#8222 = CARTESIAN_POINT('',(73.688346,-44.115837,1.585));
#8223 = VERTEX_POINT('',#8224);
#8224 = CARTESIAN_POINT('',(73.761905,-44.055469,1.585));
#8225 = CIRCLE('',#8226,7.500074938986E-02);
#8226 = AXIS2_PLACEMENT_3D('',#8227,#8228,#8229);
#8227 = CARTESIAN_POINT('',(73.76190546611,-44.13046974938,1.585));
#8228 = DIRECTION('',(0.,0.,-1.));
#8229 = DIRECTION('',(-0.980783081614,0.195101375752,0.));
#8230 = ORIENTED_EDGE('',*,*,#8231,.T.);
#8231 = EDGE_CURVE('',#8223,#8232,#8234,.T.);
#8232 = VERTEX_POINT('',#8233);
#8233 = CARTESIAN_POINT('',(74.007405,-44.056198,1.585));
#8234 = LINE('',#8235,#8236);
#8235 = CARTESIAN_POINT('',(73.761905,-44.055469,1.585));
#8236 = VECTOR('',#8237,1.);
#8237 = DIRECTION('',(0.999995591212,-2.969437010157E-03,0.));
#8238 = ORIENTED_EDGE('',*,*,#8239,.T.);
#8239 = EDGE_CURVE('',#8232,#8240,#8242,.T.);
#8240 = VERTEX_POINT('',#8241);
#8241 = CARTESIAN_POINT('',(74.184525,-44.115728,1.585));
#8242 = LINE('',#8243,#8244);
#8243 = CARTESIAN_POINT('',(74.007405,-44.056198,1.585));
#8244 = VECTOR('',#8245,1.);
#8245 = DIRECTION('',(0.947893661994,-0.318586888542,0.));
#8246 = ORIENTED_EDGE('',*,*,#8247,.T.);
#8247 = EDGE_CURVE('',#8240,#8248,#8250,.T.);
#8248 = VERTEX_POINT('',#8249);
#8249 = CARTESIAN_POINT('',(74.301214,-44.23349,1.585));
#8250 = LINE('',#8251,#8252);
#8251 = CARTESIAN_POINT('',(74.184525,-44.115728,1.585));
#8252 = VECTOR('',#8253,1.);
#8253 = DIRECTION('',(0.703863230025,-0.710335521721,0.));
#8254 = ORIENTED_EDGE('',*,*,#8255,.T.);
#8255 = EDGE_CURVE('',#8248,#8256,#8258,.T.);
#8256 = VERTEX_POINT('',#8257);
#8257 = CARTESIAN_POINT('',(74.358475,-44.350374,1.585));
#8258 = LINE('',#8259,#8260);
#8259 = CARTESIAN_POINT('',(74.301214,-44.23349,1.585));
#8260 = VECTOR('',#8261,1.);
#8261 = DIRECTION('',(0.439939908708,-0.8980272138,0.));
#8262 = ORIENTED_EDGE('',*,*,#8263,.T.);
#8263 = EDGE_CURVE('',#8256,#8264,#8266,.T.);
#8264 = VERTEX_POINT('',#8265);
#8265 = CARTESIAN_POINT('',(74.408333,-44.55904,1.585));
#8266 = LINE('',#8267,#8268);
#8267 = CARTESIAN_POINT('',(74.358475,-44.350374,1.585));
#8268 = VECTOR('',#8269,1.);
#8269 = DIRECTION('',(0.232395123349,-0.972621461126,0.));
#8270 = ORIENTED_EDGE('',*,*,#8271,.T.);
#8271 = EDGE_CURVE('',#8264,#8272,#8274,.T.);
#8272 = VERTEX_POINT('',#8273);
#8273 = CARTESIAN_POINT('',(74.406094,-44.720087,1.585));
#8274 = LINE('',#8275,#8276);
#8275 = CARTESIAN_POINT('',(74.408333,-44.55904,1.585));
#8276 = VECTOR('',#8277,1.);
#8277 = DIRECTION('',(-1.390143030568E-02,-0.999903370449,0.));
#8278 = ORIENTED_EDGE('',*,*,#8279,.T.);
#8279 = EDGE_CURVE('',#8272,#8280,#8282,.T.);
#8280 = VERTEX_POINT('',#8281);
#8281 = CARTESIAN_POINT('',(74.352796,-44.925914,1.585));
#8282 = LINE('',#8283,#8284);
#8283 = CARTESIAN_POINT('',(74.406094,-44.720087,1.585));
#8284 = VECTOR('',#8285,1.);
#8285 = DIRECTION('',(-0.250677645339,-0.968070616292,0.));
#8286 = ORIENTED_EDGE('',*,*,#8287,.T.);
#8287 = EDGE_CURVE('',#8280,#8288,#8290,.T.);
#8288 = VERTEX_POINT('',#8289);
#8289 = CARTESIAN_POINT('',(74.295846,-45.034894,1.585));
#8290 = LINE('',#8291,#8292);
#8291 = CARTESIAN_POINT('',(74.352796,-44.925914,1.585));
#8292 = VECTOR('',#8293,1.);
#8293 = DIRECTION('',(-0.463146784147,-0.886281589752,0.));
#8294 = ORIENTED_EDGE('',*,*,#8295,.T.);
#8295 = EDGE_CURVE('',#8288,#8296,#8298,.T.);
#8296 = VERTEX_POINT('',#8297);
#8297 = CARTESIAN_POINT('',(74.179999,-45.148007,1.585));
#8298 = LINE('',#8299,#8300);
#8299 = CARTESIAN_POINT('',(74.295846,-45.034894,1.585));
#8300 = VECTOR('',#8301,1.);
#8301 = DIRECTION('',(-0.715499299798,-0.698613449619,0.));
#8302 = ORIENTED_EDGE('',*,*,#8303,.T.);
#8303 = EDGE_CURVE('',#8296,#8304,#8306,.T.);
#8304 = VERTEX_POINT('',#8305);
#8305 = CARTESIAN_POINT('',(74.007405,-45.204739,1.585));
#8306 = LINE('',#8307,#8308);
#8307 = CARTESIAN_POINT('',(74.179999,-45.148007,1.585));
#8308 = VECTOR('',#8309,1.);
#8309 = DIRECTION('',(-0.949994945594,-0.312265277202,0.));
#8310 = ORIENTED_EDGE('',*,*,#8311,.T.);
#8311 = EDGE_CURVE('',#8304,#8312,#8314,.T.);
#8312 = VERTEX_POINT('',#8313);
#8313 = CARTESIAN_POINT('',(73.747273,-45.204028,1.585));
#8314 = LINE('',#8315,#8316);
#8315 = CARTESIAN_POINT('',(74.007405,-45.204739,1.585));
#8316 = VECTOR('',#8317,1.);
#8317 = DIRECTION('',(-0.999996264754,2.733217536618E-03,0.));
#8318 = ORIENTED_EDGE('',*,*,#8319,.T.);
#8319 = EDGE_CURVE('',#8312,#8320,#8322,.T.);
#8320 = VERTEX_POINT('',#8321);
#8321 = CARTESIAN_POINT('',(73.686905,-45.130469,1.585));
#8322 = CIRCLE('',#8323,7.500074938985E-02);
#8323 = AXIS2_PLACEMENT_3D('',#8324,#8325,#8326);
#8324 = CARTESIAN_POINT('',(73.761905749388,-45.13046853389,1.585));
#8325 = DIRECTION('',(0.,0.,-1.));
#8326 = DIRECTION('',(-0.195101375752,-0.980783081614,-0.));
#8327 = ORIENTED_EDGE('',*,*,#8328,.T.);
#8328 = EDGE_CURVE('',#8320,#8221,#8329,.T.);
#8329 = LINE('',#8330,#8331);
#8330 = CARTESIAN_POINT('',(73.686905,-45.130469,1.585));
#8331 = VECTOR('',#8332,1.);
#8332 = DIRECTION('',(1.420217918158E-03,0.99999899149,0.));
#8333 = FACE_BOUND('',#8334,.F.);
#8334 = EDGE_LOOP('',(#8335,#8345,#8353,#8361,#8369,#8377,#8385,#8394,
    #8402,#8410));
#8335 = ORIENTED_EDGE('',*,*,#8336,.T.);
#8336 = EDGE_CURVE('',#8337,#8339,#8341,.T.);
#8337 = VERTEX_POINT('',#8338);
#8338 = CARTESIAN_POINT('',(74.102343,-44.24364,1.585));
#8339 = VERTEX_POINT('',#8340);
#8340 = CARTESIAN_POINT('',(73.98783,-44.205469,1.585));
#8341 = LINE('',#8342,#8343);
#8342 = CARTESIAN_POINT('',(74.102343,-44.24364,1.585));
#8343 = VECTOR('',#8344,1.);
#8344 = DIRECTION('',(-0.948683298051,0.316227766017,0.));
#8345 = ORIENTED_EDGE('',*,*,#8346,.T.);
#8346 = EDGE_CURVE('',#8339,#8347,#8349,.T.);
#8347 = VERTEX_POINT('',#8348);
#8348 = CARTESIAN_POINT('',(73.836905,-44.205469,1.585));
#8349 = LINE('',#8350,#8351);
#8350 = CARTESIAN_POINT('',(73.98783,-44.205469,1.585));
#8351 = VECTOR('',#8352,1.);
#8352 = DIRECTION('',(-1.,0.,0.));
#8353 = ORIENTED_EDGE('',*,*,#8354,.T.);
#8354 = EDGE_CURVE('',#8347,#8355,#8357,.T.);
#8355 = VERTEX_POINT('',#8356);
#8356 = CARTESIAN_POINT('',(73.836905,-45.055469,1.585));
#8357 = LINE('',#8358,#8359);
#8358 = CARTESIAN_POINT('',(73.836905,-44.205469,1.585));
#8359 = VECTOR('',#8360,1.);
#8360 = DIRECTION('',(0.,-1.,0.));
#8361 = ORIENTED_EDGE('',*,*,#8362,.T.);
#8362 = EDGE_CURVE('',#8355,#8363,#8365,.T.);
#8363 = VERTEX_POINT('',#8364);
#8364 = CARTESIAN_POINT('',(73.98783,-45.055469,1.585));
#8365 = LINE('',#8366,#8367);
#8366 = CARTESIAN_POINT('',(73.836905,-45.055469,1.585));
#8367 = VECTOR('',#8368,1.);
#8368 = DIRECTION('',(1.,0.,0.));
#8369 = ORIENTED_EDGE('',*,*,#8370,.T.);
#8370 = EDGE_CURVE('',#8363,#8371,#8373,.T.);
#8371 = VERTEX_POINT('',#8372);
#8372 = CARTESIAN_POINT('',(74.102343,-45.017297,1.585));
#8373 = LINE('',#8374,#8375);
#8374 = CARTESIAN_POINT('',(73.98783,-45.055469,1.585));
#8375 = VECTOR('',#8376,1.);
#8376 = DIRECTION('',(0.948680812677,0.31623522204,0.));
#8377 = ORIENTED_EDGE('',*,*,#8378,.T.);
#8378 = EDGE_CURVE('',#8371,#8379,#8381,.T.);
#8379 = VERTEX_POINT('',#8380);
#8380 = CARTESIAN_POINT('',(74.176455,-44.943184,1.585));
#8381 = LINE('',#8382,#8383);
#8382 = CARTESIAN_POINT('',(74.102343,-45.017297,1.585));
#8383 = VECTOR('',#8384,1.);
#8384 = DIRECTION('',(0.707102010674,0.707111551667,0.));
#8385 = ORIENTED_EDGE('',*,*,#8386,.T.);
#8386 = EDGE_CURVE('',#8379,#8387,#8389,.T.);
#8387 = VERTEX_POINT('',#8388);
#8388 = CARTESIAN_POINT('',(74.258333,-44.568274,1.585));
#8389 = CIRCLE('',#8390,0.611719141131);
#8390 = AXIS2_PLACEMENT_3D('',#8391,#8392,#8393);
#8391 = CARTESIAN_POINT('',(73.649920962242,-44.63179643649,1.585));
#8392 = DIRECTION('',(0.,0.,1.));
#8393 = DIRECTION('',(0.860744747637,-0.509036815383,0.));
#8394 = ORIENTED_EDGE('',*,*,#8395,.T.);
#8395 = EDGE_CURVE('',#8387,#8396,#8398,.T.);
#8396 = VERTEX_POINT('',#8397);
#8397 = CARTESIAN_POINT('',(74.214949,-44.39474,1.585));
#8398 = LINE('',#8399,#8400);
#8399 = CARTESIAN_POINT('',(74.258333,-44.568274,1.585));
#8400 = VECTOR('',#8401,1.);
#8401 = DIRECTION('',(-0.242538255859,0.970141842436,0.));
#8402 = ORIENTED_EDGE('',*,*,#8403,.T.);
#8403 = EDGE_CURVE('',#8396,#8404,#8406,.T.);
#8404 = VERTEX_POINT('',#8405);
#8405 = CARTESIAN_POINT('',(74.176456,-44.317753,1.585));
#8406 = LINE('',#8407,#8408);
#8407 = CARTESIAN_POINT('',(74.214949,-44.39474,1.585));
#8408 = VECTOR('',#8409,1.);
#8409 = DIRECTION('',(-0.447208948322,0.894429514574,0.));
#8410 = ORIENTED_EDGE('',*,*,#8411,.T.);
#8411 = EDGE_CURVE('',#8404,#8337,#8412,.T.);
#8412 = LINE('',#8413,#8414);
#8413 = CARTESIAN_POINT('',(74.176456,-44.317753,1.585));
#8414 = VECTOR('',#8415,1.);
#8415 = DIRECTION('',(-0.707106781187,0.707106781187,0.));
#8416 = PLANE('',#8417);
#8417 = AXIS2_PLACEMENT_3D('',#8418,#8419,#8420);
#8418 = CARTESIAN_POINT('',(0.,0.,1.585));
#8419 = DIRECTION('',(0.,0.,1.));
#8420 = DIRECTION('',(1.,0.,-0.));
#8421 = SHELL_BASED_SURFACE_MODEL('',(#8422));
#8422 = OPEN_SHELL('',(#8423));
#8423 = ADVANCED_FACE('',(#8424),#8610,.T.);
#8424 = FACE_BOUND('',#8425,.F.);
#8425 = EDGE_LOOP('',(#8426,#8437,#8445,#8454,#8462,#8470,#8479,#8487,
    #8496,#8504,#8512,#8520,#8529,#8537,#8546,#8554,#8563,#8571,#8579,
    #8587,#8596,#8604));
#8426 = ORIENTED_EDGE('',*,*,#8427,.T.);
#8427 = EDGE_CURVE('',#8428,#8430,#8432,.T.);
#8428 = VERTEX_POINT('',#8429);
#8429 = CARTESIAN_POINT('',(74.652035,-44.204028,1.585));
#8430 = VERTEX_POINT('',#8431);
#8431 = CARTESIAN_POINT('',(74.666667,-44.055469,1.585));
#8432 = CIRCLE('',#8433,7.500006711464E-02);
#8433 = AXIS2_PLACEMENT_3D('',#8434,#8435,#8436);
#8434 = CARTESIAN_POINT('',(74.666666932885,-44.13046906711,1.585));
#8435 = DIRECTION('',(0.,0.,-1.));
#8436 = DIRECTION('',(-0.195092263891,-0.980784894138,-0.));
#8437 = ORIENTED_EDGE('',*,*,#8438,.T.);
#8438 = EDGE_CURVE('',#8430,#8439,#8441,.T.);
#8439 = VERTEX_POINT('',#8440);
#8440 = CARTESIAN_POINT('',(75.293452,-44.056231,1.585));
#8441 = LINE('',#8442,#8443);
#8442 = CARTESIAN_POINT('',(74.666667,-44.055469,1.585));
#8443 = VECTOR('',#8444,1.);
#8444 = DIRECTION('',(0.999999261004,-1.215726982744E-03,0.));
#8445 = ORIENTED_EDGE('',*,*,#8446,.T.);
#8446 = EDGE_CURVE('',#8439,#8447,#8449,.T.);
#8447 = VERTEX_POINT('',#8448);
#8448 = CARTESIAN_POINT('',(75.359273,-44.145101,1.585));
#8449 = CIRCLE('',#8450,7.447391611626E-02);
#8450 = AXIS2_PLACEMENT_3D('',#8451,#8452,#8453);
#8451 = CARTESIAN_POINT('',(75.286272926644,-44.1303580874,1.585));
#8452 = DIRECTION('',(0.,0.,-1.));
#8453 = DIRECTION('',(9.639715124813E-02,0.995342950561,0.));
#8454 = ORIENTED_EDGE('',*,*,#8455,.T.);
#8455 = EDGE_CURVE('',#8447,#8456,#8458,.T.);
#8456 = VERTEX_POINT('',#8457);
#8457 = CARTESIAN_POINT('',(75.342157,-44.179857,1.585));
#8458 = LINE('',#8459,#8460);
#8459 = CARTESIAN_POINT('',(75.359273,-44.145101,1.585));
#8460 = VECTOR('',#8461,1.);
#8461 = DIRECTION('',(-0.441795255027,-0.897115908139,0.));
#8462 = ORIENTED_EDGE('',*,*,#8463,.T.);
#8463 = EDGE_CURVE('',#8456,#8464,#8466,.T.);
#8464 = VERTEX_POINT('',#8465);
#8465 = CARTESIAN_POINT('',(75.115261,-44.439166,1.585));
#8466 = LINE('',#8467,#8468);
#8467 = CARTESIAN_POINT('',(75.342157,-44.179857,1.585));
#8468 = VECTOR('',#8469,1.);
#8469 = DIRECTION('',(-0.658505635208,-0.752575795784,0.));
#8470 = ORIENTED_EDGE('',*,*,#8471,.T.);
#8471 = EDGE_CURVE('',#8464,#8472,#8474,.T.);
#8472 = VERTEX_POINT('',#8473);
#8473 = CARTESIAN_POINT('',(75.359273,-44.687265,1.585));
#8474 = CIRCLE('',#8475,0.348520834816);
#8475 = AXIS2_PLACEMENT_3D('',#8476,#8477,#8478);
#8476 = CARTESIAN_POINT('',(75.0219676174,-44.77496819931,1.585));
#8477 = DIRECTION('',(0.,0.,-1.));
#8478 = DIRECTION('',(0.267683803321,0.963506814423,0.));
#8479 = ORIENTED_EDGE('',*,*,#8480,.T.);
#8480 = EDGE_CURVE('',#8472,#8481,#8483,.T.);
#8481 = VERTEX_POINT('',#8482);
#8482 = CARTESIAN_POINT('',(75.358051,-44.959802,1.585));
#8483 = LINE('',#8484,#8485);
#8484 = CARTESIAN_POINT('',(75.359273,-44.687265,1.585));
#8485 = VECTOR('',#8486,1.);
#8486 = DIRECTION('',(-4.483749789516E-03,-0.999989947943,0.));
#8487 = ORIENTED_EDGE('',*,*,#8488,.T.);
#8488 = EDGE_CURVE('',#8481,#8489,#8491,.T.);
#8489 = VERTEX_POINT('',#8490);
#8490 = CARTESIAN_POINT('',(75.10987,-45.204028,1.585));
#8491 = CIRCLE('',#8492,0.348635327447);
#8492 = AXIS2_PLACEMENT_3D('',#8493,#8494,#8495);
#8493 = CARTESIAN_POINT('',(75.022098481291,-44.86662208415,1.585));
#8494 = DIRECTION('',(0.,0.,-1.));
#8495 = DIRECTION('',(0.963621561732,-0.267270435638,0.));
#8496 = ORIENTED_EDGE('',*,*,#8497,.T.);
#8497 = EDGE_CURVE('',#8489,#8498,#8500,.T.);
#8498 = VERTEX_POINT('',#8499);
#8499 = CARTESIAN_POINT('',(74.789714,-45.202806,1.585));
#8500 = LINE('',#8501,#8502);
#8501 = CARTESIAN_POINT('',(75.10987,-45.204028,1.585));
#8502 = VECTOR('',#8503,1.);
#8503 = DIRECTION('',(-0.999992715758,3.816861463332E-03,0.));
#8504 = ORIENTED_EDGE('',*,*,#8505,.T.);
#8505 = EDGE_CURVE('',#8498,#8506,#8508,.T.);
#8506 = VERTEX_POINT('',#8507);
#8507 = CARTESIAN_POINT('',(74.667001,-45.1406,1.585));
#8508 = LINE('',#8509,#8510);
#8509 = CARTESIAN_POINT('',(74.789714,-45.202806,1.585));
#8510 = VECTOR('',#8511,1.);
#8511 = DIRECTION('',(-0.891943702445,0.452146471477,0.));
#8512 = ORIENTED_EDGE('',*,*,#8513,.T.);
#8513 = EDGE_CURVE('',#8506,#8514,#8516,.T.);
#8514 = VERTEX_POINT('',#8515);
#8515 = CARTESIAN_POINT('',(74.604306,-45.076897,1.585));
#8516 = LINE('',#8517,#8518);
#8517 = CARTESIAN_POINT('',(74.667001,-45.1406,1.585));
#8518 = VECTOR('',#8519,1.);
#8519 = DIRECTION('',(-0.701445434384,0.712723159846,0.));
#8520 = ORIENTED_EDGE('',*,*,#8521,.T.);
#8521 = EDGE_CURVE('',#8514,#8522,#8524,.T.);
#8522 = VERTEX_POINT('',#8523);
#8523 = CARTESIAN_POINT('',(74.719701,-44.982198,1.585));
#8524 = CIRCLE('',#8525,7.50001266804E-02);
#8525 = AXIS2_PLACEMENT_3D('',#8526,#8527,#8528);
#8526 = CARTESIAN_POINT('',(74.666667051994,-45.03523024831,1.585));
#8527 = DIRECTION('',(0.,0.,-1.));
#8528 = DIRECTION('',(-0.831479288827,-0.555555750804,-0.));
#8529 = ORIENTED_EDGE('',*,*,#8530,.T.);
#8530 = EDGE_CURVE('',#8522,#8531,#8533,.T.);
#8531 = VERTEX_POINT('',#8532);
#8532 = CARTESIAN_POINT('',(74.758713,-45.021211,1.585));
#8533 = LINE('',#8534,#8535);
#8534 = CARTESIAN_POINT('',(74.719701,-44.982198,1.585));
#8535 = VECTOR('',#8536,1.);
#8536 = DIRECTION('',(0.707097718562,-0.707115843695,0.));
#8537 = ORIENTED_EDGE('',*,*,#8538,.T.);
#8538 = EDGE_CURVE('',#8531,#8539,#8541,.T.);
#8539 = VERTEX_POINT('',#8540);
#8540 = CARTESIAN_POINT('',(75.146048,-45.021211,1.585));
#8541 = CIRCLE('',#8542,0.358502380266);
#8542 = AXIS2_PLACEMENT_3D('',#8543,#8544,#8545);
#8543 = CARTESIAN_POINT('',(74.9523805,-44.719521,1.585));
#8544 = DIRECTION('',(0.,0.,1.));
#8545 = DIRECTION('',(-0.540212591772,-0.841528582813,0.));
#8546 = ORIENTED_EDGE('',*,*,#8547,.T.);
#8547 = EDGE_CURVE('',#8539,#8548,#8550,.T.);
#8548 = VERTEX_POINT('',#8549);
#8549 = CARTESIAN_POINT('',(75.176455,-44.990803,1.585));
#8550 = LINE('',#8551,#8552);
#8551 = CARTESIAN_POINT('',(75.146048,-45.021211,1.585));
#8552 = VECTOR('',#8553,1.);
#8553 = DIRECTION('',(0.707095153914,0.707118408268,0.));
#8554 = ORIENTED_EDGE('',*,*,#8555,.T.);
#8555 = EDGE_CURVE('',#8548,#8556,#8558,.T.);
#8556 = VERTEX_POINT('',#8557);
#8557 = CARTESIAN_POINT('',(75.176456,-44.651086,1.585));
#8558 = CIRCLE('',#8559,0.305616146029);
#8559 = AXIS2_PLACEMENT_3D('',#8560,#8561,#8562);
#8560 = CARTESIAN_POINT('',(74.922389920492,-44.82094375212,1.585));
#8561 = DIRECTION('',(0.,-0.,1.));
#8562 = DIRECTION('',(0.831320867071,-0.555792781505,-0.));
#8563 = ORIENTED_EDGE('',*,*,#8564,.T.);
#8564 = EDGE_CURVE('',#8556,#8565,#8567,.T.);
#8565 = VERTEX_POINT('',#8566);
#8566 = CARTESIAN_POINT('',(75.146049,-44.620679,1.585));
#8567 = LINE('',#8568,#8569);
#8568 = CARTESIAN_POINT('',(75.176456,-44.651086,1.585));
#8569 = VECTOR('',#8570,1.);
#8570 = DIRECTION('',(-0.707106781187,0.707106781187,0.));
#8571 = ORIENTED_EDGE('',*,*,#8572,.T.);
#8572 = EDGE_CURVE('',#8565,#8573,#8575,.T.);
#8573 = VERTEX_POINT('',#8574);
#8574 = CARTESIAN_POINT('',(75.077533,-44.586421,1.585));
#8575 = LINE('',#8576,#8577);
#8576 = CARTESIAN_POINT('',(75.146049,-44.620679,1.585));
#8577 = VECTOR('',#8578,1.);
#8578 = DIRECTION('',(-0.894427191,0.4472135955,0.));
#8579 = ORIENTED_EDGE('',*,*,#8580,.T.);
#8580 = EDGE_CURVE('',#8573,#8581,#8583,.T.);
#8581 = VERTEX_POINT('',#8582);
#8582 = CARTESIAN_POINT('',(74.937749,-44.58498,1.585));
#8583 = LINE('',#8584,#8585);
#8584 = CARTESIAN_POINT('',(75.077533,-44.586421,1.585));
#8585 = VECTOR('',#8586,1.);
#8586 = DIRECTION('',(-0.999946868947,1.030821437469E-02,0.));
#8587 = ORIENTED_EDGE('',*,*,#8588,.T.);
#8588 = EDGE_CURVE('',#8581,#8589,#8591,.T.);
#8589 = VERTEX_POINT('',#8590);
#8590 = CARTESIAN_POINT('',(74.895938,-44.462033,1.585));
#8591 = CIRCLE('',#8592,7.500015628755E-02);
#8592 = AXIS2_PLACEMENT_3D('',#8593,#8594,#8595);
#8593 = CARTESIAN_POINT('',(74.952381284325,-44.5114210461,1.585));
#8594 = DIRECTION('',(0.,0.,-1.));
#8595 = DIRECTION('',(-0.195096717785,-0.980784008184,-0.));
#8596 = ORIENTED_EDGE('',*,*,#8597,.T.);
#8597 = EDGE_CURVE('',#8589,#8598,#8600,.T.);
#8598 = VERTEX_POINT('',#8599);
#8599 = CARTESIAN_POINT('',(75.120432,-44.205469,1.585));
#8600 = LINE('',#8601,#8602);
#8601 = CARTESIAN_POINT('',(74.895938,-44.462033,1.585));
#8602 = VECTOR('',#8603,1.);
#8603 = DIRECTION('',(0.658505438534,0.752575967874,0.));
#8604 = ORIENTED_EDGE('',*,*,#8605,.T.);
#8605 = EDGE_CURVE('',#8598,#8428,#8606,.T.);
#8606 = LINE('',#8607,#8608);
#8607 = CARTESIAN_POINT('',(75.120432,-44.205469,1.585));
#8608 = VECTOR('',#8609,1.);
#8609 = DIRECTION('',(-0.999995267761,3.076435546862E-03,0.));
#8610 = PLANE('',#8611);
#8611 = AXIS2_PLACEMENT_3D('',#8612,#8613,#8614);
#8612 = CARTESIAN_POINT('',(0.,0.,1.585));
#8613 = DIRECTION('',(0.,0.,1.));
#8614 = DIRECTION('',(1.,0.,-0.));
#8615 = SHELL_BASED_SURFACE_MODEL('',(#8616));
#8616 = OPEN_SHELL('',(#8617));
#8617 = ADVANCED_FACE('',(#8618,#8688),#8722,.T.);
#8618 = FACE_BOUND('',#8619,.F.);
#8619 = EDGE_LOOP('',(#8620,#8631,#8639,#8648,#8656,#8665,#8673,#8682));
#8620 = ORIENTED_EDGE('',*,*,#8621,.T.);
#8621 = EDGE_CURVE('',#8622,#8624,#8626,.T.);
#8622 = VERTEX_POINT('',#8623);
#8623 = CARTESIAN_POINT('',(72.571064,-42.806584,1.585));
#8624 = VERTEX_POINT('',#8625);
#8625 = CARTESIAN_POINT('',(72.6458,-42.74525,1.585));
#8626 = CIRCLE('',#8627,7.620164703098E-02);
#8627 = AXIS2_PLACEMENT_3D('',#8628,#8629,#8630);
#8628 = CARTESIAN_POINT('',(72.645801166673,-42.82145164702,1.585));
#8629 = DIRECTION('',(0.,0.,-1.));
#8630 = DIRECTION('',(-0.98078151306,0.195109260775,0.));
#8631 = ORIENTED_EDGE('',*,*,#8632,.T.);
#8632 = EDGE_CURVE('',#8624,#8633,#8635,.T.);
#8633 = VERTEX_POINT('',#8634);
#8634 = CARTESIAN_POINT('',(76.369066,-42.746714,1.585));
#8635 = LINE('',#8636,#8637);
#8636 = CARTESIAN_POINT('',(72.6458,-42.74525,1.585));
#8637 = VECTOR('',#8638,1.);
#8638 = DIRECTION('',(0.999999922696,-3.932031412274E-04,0.));
#8639 = ORIENTED_EDGE('',*,*,#8640,.T.);
#8640 = EDGE_CURVE('',#8633,#8641,#8643,.T.);
#8641 = VERTEX_POINT('',#8642);
#8642 = CARTESIAN_POINT('',(76.4304,-42.82145,1.585));
#8643 = CIRCLE('',#8644,7.6201647031E-02);
#8644 = AXIS2_PLACEMENT_3D('',#8645,#8646,#8647);
#8645 = CARTESIAN_POINT('',(76.354198352978,-42.82145116667,1.585));
#8646 = DIRECTION('',(0.,0.,-1.));
#8647 = DIRECTION('',(0.195109260775,0.98078151306,0.));
#8648 = ORIENTED_EDGE('',*,*,#8649,.T.);
#8649 = EDGE_CURVE('',#8641,#8650,#8652,.T.);
#8650 = VERTEX_POINT('',#8651);
#8651 = CARTESIAN_POINT('',(76.428936,-46.544716,1.585));
#8652 = LINE('',#8653,#8654);
#8653 = CARTESIAN_POINT('',(76.4304,-42.82145,1.585));
#8654 = VECTOR('',#8655,1.);
#8655 = DIRECTION('',(-3.932031412312E-04,-0.999999922696,0.));
#8656 = ORIENTED_EDGE('',*,*,#8657,.T.);
#8657 = EDGE_CURVE('',#8650,#8658,#8660,.T.);
#8658 = VERTEX_POINT('',#8659);
#8659 = CARTESIAN_POINT('',(76.3542,-46.60605,1.585));
#8660 = CIRCLE('',#8661,7.620164703098E-02);
#8661 = AXIS2_PLACEMENT_3D('',#8662,#8663,#8664);
#8662 = CARTESIAN_POINT('',(76.354198833327,-46.52984835297,1.585));
#8663 = DIRECTION('',(0.,0.,-1.));
#8664 = DIRECTION('',(0.98078151306,-0.195109260775,0.));
#8665 = ORIENTED_EDGE('',*,*,#8666,.T.);
#8666 = EDGE_CURVE('',#8658,#8667,#8669,.T.);
#8667 = VERTEX_POINT('',#8668);
#8668 = CARTESIAN_POINT('',(72.630934,-46.604586,1.585));
#8669 = LINE('',#8670,#8671);
#8670 = CARTESIAN_POINT('',(76.3542,-46.60605,1.585));
#8671 = VECTOR('',#8672,1.);
#8672 = DIRECTION('',(-0.999999922696,3.932031412293E-04,0.));
#8673 = ORIENTED_EDGE('',*,*,#8674,.T.);
#8674 = EDGE_CURVE('',#8667,#8675,#8677,.T.);
#8675 = VERTEX_POINT('',#8676);
#8676 = CARTESIAN_POINT('',(72.5696,-46.52985,1.585));
#8677 = CIRCLE('',#8678,7.620164703099E-02);
#8678 = AXIS2_PLACEMENT_3D('',#8679,#8680,#8681);
#8679 = CARTESIAN_POINT('',(72.645801647022,-46.52984883332,1.585));
#8680 = DIRECTION('',(0.,0.,-1.));
#8681 = DIRECTION('',(-0.195109260775,-0.98078151306,-0.));
#8682 = ORIENTED_EDGE('',*,*,#8683,.T.);
#8683 = EDGE_CURVE('',#8675,#8622,#8684,.T.);
#8684 = LINE('',#8685,#8686);
#8685 = CARTESIAN_POINT('',(72.5696,-46.52985,1.585));
#8686 = VECTOR('',#8687,1.);
#8687 = DIRECTION('',(3.932031412312E-04,0.999999922696,0.));
#8688 = FACE_BOUND('',#8689,.F.);
#8689 = EDGE_LOOP('',(#8690,#8700,#8708,#8716));
#8690 = ORIENTED_EDGE('',*,*,#8691,.T.);
#8691 = EDGE_CURVE('',#8692,#8694,#8696,.T.);
#8692 = VERTEX_POINT('',#8693);
#8693 = CARTESIAN_POINT('',(76.278,-46.45365,1.585));
#8694 = VERTEX_POINT('',#8695);
#8695 = CARTESIAN_POINT('',(76.278,-42.89765,1.585));
#8696 = LINE('',#8697,#8698);
#8697 = CARTESIAN_POINT('',(76.278,-46.45365,1.585));
#8698 = VECTOR('',#8699,1.);
#8699 = DIRECTION('',(0.,1.,0.));
#8700 = ORIENTED_EDGE('',*,*,#8701,.T.);
#8701 = EDGE_CURVE('',#8694,#8702,#8704,.T.);
#8702 = VERTEX_POINT('',#8703);
#8703 = CARTESIAN_POINT('',(72.722,-42.89765,1.585));
#8704 = LINE('',#8705,#8706);
#8705 = CARTESIAN_POINT('',(76.278,-42.89765,1.585));
#8706 = VECTOR('',#8707,1.);
#8707 = DIRECTION('',(-1.,0.,0.));
#8708 = ORIENTED_EDGE('',*,*,#8709,.T.);
#8709 = EDGE_CURVE('',#8702,#8710,#8712,.T.);
#8710 = VERTEX_POINT('',#8711);
#8711 = CARTESIAN_POINT('',(72.722,-46.45365,1.585));
#8712 = LINE('',#8713,#8714);
#8713 = CARTESIAN_POINT('',(72.722,-42.89765,1.585));
#8714 = VECTOR('',#8715,1.);
#8715 = DIRECTION('',(0.,-1.,0.));
#8716 = ORIENTED_EDGE('',*,*,#8717,.T.);
#8717 = EDGE_CURVE('',#8710,#8692,#8718,.T.);
#8718 = LINE('',#8719,#8720);
#8719 = CARTESIAN_POINT('',(72.722,-46.45365,1.585));
#8720 = VECTOR('',#8721,1.);
#8721 = DIRECTION('',(1.,0.,0.));
#8722 = PLANE('',#8723);
#8723 = AXIS2_PLACEMENT_3D('',#8724,#8725,#8726);
#8724 = CARTESIAN_POINT('',(0.,0.,1.585));
#8725 = DIRECTION('',(0.,0.,1.));
#8726 = DIRECTION('',(1.,0.,-0.));
#8727 = SHELL_BASED_SURFACE_MODEL('',(#8728));
#8728 = OPEN_SHELL('',(#8729));
#8729 = ADVANCED_FACE('',(#8730,#8846),#8929,.T.);
#8730 = FACE_BOUND('',#8731,.F.);
#8731 = EDGE_LOOP('',(#8732,#8743,#8751,#8759,#8767,#8775,#8783,#8791,
    #8799,#8807,#8815,#8823,#8831,#8840));
#8732 = ORIENTED_EDGE('',*,*,#8733,.T.);
#8733 = EDGE_CURVE('',#8734,#8736,#8738,.T.);
#8734 = VERTEX_POINT('',#8735);
#8735 = CARTESIAN_POINT('',(83.596146,-44.115837,1.585));
#8736 = VERTEX_POINT('',#8737);
#8737 = CARTESIAN_POINT('',(83.669705,-44.055469,1.585));
#8738 = CIRCLE('',#8739,7.50007493898E-02);
#8739 = AXIS2_PLACEMENT_3D('',#8740,#8741,#8742);
#8740 = CARTESIAN_POINT('',(83.66970546611,-44.13046974938,1.585));
#8741 = DIRECTION('',(0.,0.,-1.));
#8742 = DIRECTION('',(-0.980783081614,0.195101375752,0.));
#8743 = ORIENTED_EDGE('',*,*,#8744,.T.);
#8744 = EDGE_CURVE('',#8736,#8745,#8747,.T.);
#8745 = VERTEX_POINT('',#8746);
#8746 = CARTESIAN_POINT('',(83.915205,-44.056198,1.585));
#8747 = LINE('',#8748,#8749);
#8748 = CARTESIAN_POINT('',(83.669705,-44.055469,1.585));
#8749 = VECTOR('',#8750,1.);
#8750 = DIRECTION('',(0.999995591212,-2.969437010157E-03,0.));
#8751 = ORIENTED_EDGE('',*,*,#8752,.T.);
#8752 = EDGE_CURVE('',#8745,#8753,#8755,.T.);
#8753 = VERTEX_POINT('',#8754);
#8754 = CARTESIAN_POINT('',(84.092325,-44.115728,1.585));
#8755 = LINE('',#8756,#8757);
#8756 = CARTESIAN_POINT('',(83.915205,-44.056198,1.585));
#8757 = VECTOR('',#8758,1.);
#8758 = DIRECTION('',(0.947893661994,-0.318586888542,0.));
#8759 = ORIENTED_EDGE('',*,*,#8760,.T.);
#8760 = EDGE_CURVE('',#8753,#8761,#8763,.T.);
#8761 = VERTEX_POINT('',#8762);
#8762 = CARTESIAN_POINT('',(84.209014,-44.23349,1.585));
#8763 = LINE('',#8764,#8765);
#8764 = CARTESIAN_POINT('',(84.092325,-44.115728,1.585));
#8765 = VECTOR('',#8766,1.);
#8766 = DIRECTION('',(0.703863230025,-0.710335521722,0.));
#8767 = ORIENTED_EDGE('',*,*,#8768,.T.);
#8768 = EDGE_CURVE('',#8761,#8769,#8771,.T.);
#8769 = VERTEX_POINT('',#8770);
#8770 = CARTESIAN_POINT('',(84.266275,-44.350374,1.585));
#8771 = LINE('',#8772,#8773);
#8772 = CARTESIAN_POINT('',(84.209014,-44.23349,1.585));
#8773 = VECTOR('',#8774,1.);
#8774 = DIRECTION('',(0.439939908708,-0.8980272138,0.));
#8775 = ORIENTED_EDGE('',*,*,#8776,.T.);
#8776 = EDGE_CURVE('',#8769,#8777,#8779,.T.);
#8777 = VERTEX_POINT('',#8778);
#8778 = CARTESIAN_POINT('',(84.316133,-44.55904,1.585));
#8779 = LINE('',#8780,#8781);
#8780 = CARTESIAN_POINT('',(84.266275,-44.350374,1.585));
#8781 = VECTOR('',#8782,1.);
#8782 = DIRECTION('',(0.232395123349,-0.972621461126,0.));
#8783 = ORIENTED_EDGE('',*,*,#8784,.T.);
#8784 = EDGE_CURVE('',#8777,#8785,#8787,.T.);
#8785 = VERTEX_POINT('',#8786);
#8786 = CARTESIAN_POINT('',(84.313894,-44.720087,1.585));
#8787 = LINE('',#8788,#8789);
#8788 = CARTESIAN_POINT('',(84.316133,-44.55904,1.585));
#8789 = VECTOR('',#8790,1.);
#8790 = DIRECTION('',(-1.390143030559E-02,-0.999903370449,0.));
#8791 = ORIENTED_EDGE('',*,*,#8792,.T.);
#8792 = EDGE_CURVE('',#8785,#8793,#8795,.T.);
#8793 = VERTEX_POINT('',#8794);
#8794 = CARTESIAN_POINT('',(84.260596,-44.925914,1.585));
#8795 = LINE('',#8796,#8797);
#8796 = CARTESIAN_POINT('',(84.313894,-44.720087,1.585));
#8797 = VECTOR('',#8798,1.);
#8798 = DIRECTION('',(-0.250677645339,-0.968070616292,0.));
#8799 = ORIENTED_EDGE('',*,*,#8800,.T.);
#8800 = EDGE_CURVE('',#8793,#8801,#8803,.T.);
#8801 = VERTEX_POINT('',#8802);
#8802 = CARTESIAN_POINT('',(84.203646,-45.034894,1.585));
#8803 = LINE('',#8804,#8805);
#8804 = CARTESIAN_POINT('',(84.260596,-44.925914,1.585));
#8805 = VECTOR('',#8806,1.);
#8806 = DIRECTION('',(-0.463146784147,-0.886281589752,0.));
#8807 = ORIENTED_EDGE('',*,*,#8808,.T.);
#8808 = EDGE_CURVE('',#8801,#8809,#8811,.T.);
#8809 = VERTEX_POINT('',#8810);
#8810 = CARTESIAN_POINT('',(84.087799,-45.148007,1.585));
#8811 = LINE('',#8812,#8813);
#8812 = CARTESIAN_POINT('',(84.203646,-45.034894,1.585));
#8813 = VECTOR('',#8814,1.);
#8814 = DIRECTION('',(-0.715499299798,-0.698613449619,0.));
#8815 = ORIENTED_EDGE('',*,*,#8816,.T.);
#8816 = EDGE_CURVE('',#8809,#8817,#8819,.T.);
#8817 = VERTEX_POINT('',#8818);
#8818 = CARTESIAN_POINT('',(83.915205,-45.204739,1.585));
#8819 = LINE('',#8820,#8821);
#8820 = CARTESIAN_POINT('',(84.087799,-45.148007,1.585));
#8821 = VECTOR('',#8822,1.);
#8822 = DIRECTION('',(-0.949994945594,-0.312265277202,0.));
#8823 = ORIENTED_EDGE('',*,*,#8824,.T.);
#8824 = EDGE_CURVE('',#8817,#8825,#8827,.T.);
#8825 = VERTEX_POINT('',#8826);
#8826 = CARTESIAN_POINT('',(83.655073,-45.204028,1.585));
#8827 = LINE('',#8828,#8829);
#8828 = CARTESIAN_POINT('',(83.915205,-45.204739,1.585));
#8829 = VECTOR('',#8830,1.);
#8830 = DIRECTION('',(-0.999996264754,2.733217536618E-03,0.));
#8831 = ORIENTED_EDGE('',*,*,#8832,.T.);
#8832 = EDGE_CURVE('',#8825,#8833,#8835,.T.);
#8833 = VERTEX_POINT('',#8834);
#8834 = CARTESIAN_POINT('',(83.594705,-45.130469,1.585));
#8835 = CIRCLE('',#8836,7.500074938987E-02);
#8836 = AXIS2_PLACEMENT_3D('',#8837,#8838,#8839);
#8837 = CARTESIAN_POINT('',(83.669705749388,-45.13046853389,1.585));
#8838 = DIRECTION('',(0.,0.,-1.));
#8839 = DIRECTION('',(-0.195101375752,-0.980783081614,-0.));
#8840 = ORIENTED_EDGE('',*,*,#8841,.T.);
#8841 = EDGE_CURVE('',#8833,#8734,#8842,.T.);
#8842 = LINE('',#8843,#8844);
#8843 = CARTESIAN_POINT('',(83.594705,-45.130469,1.585));
#8844 = VECTOR('',#8845,1.);
#8845 = DIRECTION('',(1.420217918158E-03,0.99999899149,0.));
#8846 = FACE_BOUND('',#8847,.F.);
#8847 = EDGE_LOOP('',(#8848,#8858,#8866,#8874,#8882,#8890,#8898,#8907,
    #8915,#8923));
#8848 = ORIENTED_EDGE('',*,*,#8849,.T.);
#8849 = EDGE_CURVE('',#8850,#8852,#8854,.T.);
#8850 = VERTEX_POINT('',#8851);
#8851 = CARTESIAN_POINT('',(84.010143,-44.24364,1.585));
#8852 = VERTEX_POINT('',#8853);
#8853 = CARTESIAN_POINT('',(83.89563,-44.205469,1.585));
#8854 = LINE('',#8855,#8856);
#8855 = CARTESIAN_POINT('',(84.010143,-44.24364,1.585));
#8856 = VECTOR('',#8857,1.);
#8857 = DIRECTION('',(-0.948683298051,0.316227766017,0.));
#8858 = ORIENTED_EDGE('',*,*,#8859,.T.);
#8859 = EDGE_CURVE('',#8852,#8860,#8862,.T.);
#8860 = VERTEX_POINT('',#8861);
#8861 = CARTESIAN_POINT('',(83.744705,-44.205469,1.585));
#8862 = LINE('',#8863,#8864);
#8863 = CARTESIAN_POINT('',(83.89563,-44.205469,1.585));
#8864 = VECTOR('',#8865,1.);
#8865 = DIRECTION('',(-1.,0.,0.));
#8866 = ORIENTED_EDGE('',*,*,#8867,.T.);
#8867 = EDGE_CURVE('',#8860,#8868,#8870,.T.);
#8868 = VERTEX_POINT('',#8869);
#8869 = CARTESIAN_POINT('',(83.744705,-45.055469,1.585));
#8870 = LINE('',#8871,#8872);
#8871 = CARTESIAN_POINT('',(83.744705,-44.205469,1.585));
#8872 = VECTOR('',#8873,1.);
#8873 = DIRECTION('',(0.,-1.,0.));
#8874 = ORIENTED_EDGE('',*,*,#8875,.T.);
#8875 = EDGE_CURVE('',#8868,#8876,#8878,.T.);
#8876 = VERTEX_POINT('',#8877);
#8877 = CARTESIAN_POINT('',(83.89563,-45.055469,1.585));
#8878 = LINE('',#8879,#8880);
#8879 = CARTESIAN_POINT('',(83.744705,-45.055469,1.585));
#8880 = VECTOR('',#8881,1.);
#8881 = DIRECTION('',(1.,0.,0.));
#8882 = ORIENTED_EDGE('',*,*,#8883,.T.);
#8883 = EDGE_CURVE('',#8876,#8884,#8886,.T.);
#8884 = VERTEX_POINT('',#8885);
#8885 = CARTESIAN_POINT('',(84.010143,-45.017297,1.585));
#8886 = LINE('',#8887,#8888);
#8887 = CARTESIAN_POINT('',(83.89563,-45.055469,1.585));
#8888 = VECTOR('',#8889,1.);
#8889 = DIRECTION('',(0.948680812677,0.31623522204,0.));
#8890 = ORIENTED_EDGE('',*,*,#8891,.T.);
#8891 = EDGE_CURVE('',#8884,#8892,#8894,.T.);
#8892 = VERTEX_POINT('',#8893);
#8893 = CARTESIAN_POINT('',(84.084255,-44.943184,1.585));
#8894 = LINE('',#8895,#8896);
#8895 = CARTESIAN_POINT('',(84.010143,-45.017297,1.585));
#8896 = VECTOR('',#8897,1.);
#8897 = DIRECTION('',(0.707102010674,0.707111551667,0.));
#8898 = ORIENTED_EDGE('',*,*,#8899,.T.);
#8899 = EDGE_CURVE('',#8892,#8900,#8902,.T.);
#8900 = VERTEX_POINT('',#8901);
#8901 = CARTESIAN_POINT('',(84.166133,-44.568274,1.585));
#8902 = CIRCLE('',#8903,0.611719141131);
#8903 = AXIS2_PLACEMENT_3D('',#8904,#8905,#8906);
#8904 = CARTESIAN_POINT('',(83.557720962242,-44.63179643649,1.585));
#8905 = DIRECTION('',(0.,0.,1.));
#8906 = DIRECTION('',(0.860744747637,-0.509036815383,0.));
#8907 = ORIENTED_EDGE('',*,*,#8908,.T.);
#8908 = EDGE_CURVE('',#8900,#8909,#8911,.T.);
#8909 = VERTEX_POINT('',#8910);
#8910 = CARTESIAN_POINT('',(84.122749,-44.39474,1.585));
#8911 = LINE('',#8912,#8913);
#8912 = CARTESIAN_POINT('',(84.166133,-44.568274,1.585));
#8913 = VECTOR('',#8914,1.);
#8914 = DIRECTION('',(-0.242538255859,0.970141842436,0.));
#8915 = ORIENTED_EDGE('',*,*,#8916,.T.);
#8916 = EDGE_CURVE('',#8909,#8917,#8919,.T.);
#8917 = VERTEX_POINT('',#8918);
#8918 = CARTESIAN_POINT('',(84.084256,-44.317753,1.585));
#8919 = LINE('',#8920,#8921);
#8920 = CARTESIAN_POINT('',(84.122749,-44.39474,1.585));
#8921 = VECTOR('',#8922,1.);
#8922 = DIRECTION('',(-0.447208948322,0.894429514574,0.));
#8923 = ORIENTED_EDGE('',*,*,#8924,.T.);
#8924 = EDGE_CURVE('',#8917,#8850,#8925,.T.);
#8925 = LINE('',#8926,#8927);
#8926 = CARTESIAN_POINT('',(84.084256,-44.317753,1.585));
#8927 = VECTOR('',#8928,1.);
#8928 = DIRECTION('',(-0.707106781187,0.707106781187,0.));
#8929 = PLANE('',#8930);
#8930 = AXIS2_PLACEMENT_3D('',#8931,#8932,#8933);
#8931 = CARTESIAN_POINT('',(0.,0.,1.585));
#8932 = DIRECTION('',(0.,0.,1.));
#8933 = DIRECTION('',(1.,0.,-0.));
#8934 = SHELL_BASED_SURFACE_MODEL('',(#8935));
#8935 = OPEN_SHELL('',(#8936));
#8936 = ADVANCED_FACE('',(#8937,#9080),#9150,.T.);
#8937 = FACE_BOUND('',#8938,.F.);
#8938 = EDGE_LOOP('',(#8939,#8950,#8958,#8966,#8975,#8983,#8991,#8999,
    #9007,#9015,#9023,#9031,#9040,#9048,#9057,#9065,#9074));
#8939 = ORIENTED_EDGE('',*,*,#8940,.T.);
#8940 = EDGE_CURVE('',#8941,#8943,#8945,.T.);
#8941 = VERTEX_POINT('',#8942);
#8942 = CARTESIAN_POINT('',(84.549325,-44.54085,1.585));
#8943 = VERTEX_POINT('',#8944);
#8944 = CARTESIAN_POINT('',(84.779021,-44.111006,1.585));
#8945 = CIRCLE('',#8946,0.610092147705);
#8946 = AXIS2_PLACEMENT_3D('',#8947,#8948,#8949);
#8947 = CARTESIAN_POINT('',(85.157471740242,-44.58953234817,1.585));
#8948 = DIRECTION('',(0.,0.,-1.));
#8949 = DIRECTION('',(-0.99681128913,7.979507417366E-02,0.));
#8950 = ORIENTED_EDGE('',*,*,#8951,.T.);
#8951 = EDGE_CURVE('',#8943,#8952,#8954,.T.);
#8952 = VERTEX_POINT('',#8953);
#8953 = CARTESIAN_POINT('',(84.893168,-44.05691,1.585));
#8954 = LINE('',#8955,#8956);
#8955 = CARTESIAN_POINT('',(84.779021,-44.111006,1.585));
#8956 = VECTOR('',#8957,1.);
#8957 = DIRECTION('',(0.903657062662,0.428256830769,0.));
#8958 = ORIENTED_EDGE('',*,*,#8959,.T.);
#8959 = EDGE_CURVE('',#8952,#8960,#8962,.T.);
#8960 = VERTEX_POINT('',#8961);
#8961 = CARTESIAN_POINT('',(85.112908,-44.05691,1.585));
#8962 = LINE('',#8963,#8964);
#8963 = CARTESIAN_POINT('',(84.893168,-44.05691,1.585));
#8964 = VECTOR('',#8965,1.);
#8965 = DIRECTION('',(1.,0.,0.));
#8966 = ORIENTED_EDGE('',*,*,#8967,.T.);
#8967 = EDGE_CURVE('',#8960,#8968,#8970,.T.);
#8968 = VERTEX_POINT('',#8969);
#8969 = CARTESIAN_POINT('',(85.098276,-44.205469,1.585));
#8970 = CIRCLE('',#8971,7.500006711464E-02);
#8971 = AXIS2_PLACEMENT_3D('',#8972,#8973,#8974);
#8972 = CARTESIAN_POINT('',(85.098276067115,-44.13046893288,1.585));
#8973 = DIRECTION('',(0.,0.,-1.));
#8974 = DIRECTION('',(0.195092263891,0.980784894138,0.));
#8975 = ORIENTED_EDGE('',*,*,#8976,.T.);
#8976 = EDGE_CURVE('',#8968,#8977,#8979,.T.);
#8977 = VERTEX_POINT('',#8978);
#8978 = CARTESIAN_POINT('',(84.925505,-44.205469,1.585));
#8979 = LINE('',#8980,#8981);
#8980 = CARTESIAN_POINT('',(85.098276,-44.205469,1.585));
#8981 = VECTOR('',#8982,1.);
#8982 = DIRECTION('',(-1.,0.,0.));
#8983 = ORIENTED_EDGE('',*,*,#8984,.T.);
#8984 = EDGE_CURVE('',#8977,#8985,#8987,.T.);
#8985 = VERTEX_POINT('',#8986);
#8986 = CARTESIAN_POINT('',(84.856989,-44.239727,1.585));
#8987 = LINE('',#8988,#8989);
#8988 = CARTESIAN_POINT('',(84.925505,-44.205469,1.585));
#8989 = VECTOR('',#8990,1.);
#8990 = DIRECTION('',(-0.894427191,-0.4472135955,0.));
#8991 = ORIENTED_EDGE('',*,*,#8992,.T.);
#8992 = EDGE_CURVE('',#8985,#8993,#8995,.T.);
#8993 = VERTEX_POINT('',#8994);
#8994 = CARTESIAN_POINT('',(84.823227,-44.273488,1.585));
#8995 = LINE('',#8996,#8997);
#8996 = CARTESIAN_POINT('',(84.856989,-44.239727,1.585));
#8997 = VECTOR('',#8998,1.);
#8998 = DIRECTION('',(-0.707117253197,-0.707096309021,0.));
#8999 = ORIENTED_EDGE('',*,*,#9000,.T.);
#9000 = EDGE_CURVE('',#8993,#9001,#9003,.T.);
#9001 = VERTEX_POINT('',#9002);
#9002 = CARTESIAN_POINT('',(84.739315,-44.399357,1.585));
#9003 = LINE('',#9004,#9005);
#9004 = CARTESIAN_POINT('',(84.823227,-44.273488,1.585));
#9005 = VECTOR('',#9006,1.);
#9006 = DIRECTION('',(-0.554697145239,-0.832052328321,0.));
#9007 = ORIENTED_EDGE('',*,*,#9008,.T.);
#9008 = EDGE_CURVE('',#9001,#9009,#9011,.T.);
#9009 = VERTEX_POINT('',#9010);
#9010 = CARTESIAN_POINT('',(84.720791,-44.473454,1.585));
#9011 = LINE('',#9012,#9013);
#9012 = CARTESIAN_POINT('',(84.739315,-44.399357,1.585));
#9013 = VECTOR('',#9014,1.);
#9014 = DIRECTION('',(-0.242532544357,-0.97014327031,0.));
#9015 = ORIENTED_EDGE('',*,*,#9016,.T.);
#9016 = EDGE_CURVE('',#9009,#9017,#9019,.T.);
#9017 = VERTEX_POINT('',#9018);
#9018 = CARTESIAN_POINT('',(84.79793,-44.437862,1.585));
#9019 = LINE('',#9020,#9021);
#9020 = CARTESIAN_POINT('',(84.720791,-44.473454,1.585));
#9021 = VECTOR('',#9022,1.);
#9022 = DIRECTION('',(0.90800692221,0.418955163734,0.));
#9023 = ORIENTED_EDGE('',*,*,#9024,.T.);
#9024 = EDGE_CURVE('',#9017,#9025,#9027,.T.);
#9025 = VERTEX_POINT('',#9026);
#9026 = CARTESIAN_POINT('',(85.022847,-44.439084,1.585));
#9027 = LINE('',#9028,#9029);
#9028 = CARTESIAN_POINT('',(84.79793,-44.437862,1.585));
#9029 = VECTOR('',#9030,1.);
#9030 = DIRECTION('',(0.999985240956,-5.433035139391E-03,0.));
#9031 = ORIENTED_EDGE('',*,*,#9032,.T.);
#9032 = EDGE_CURVE('',#9025,#9033,#9035,.T.);
#9033 = VERTEX_POINT('',#9034);
#9034 = CARTESIAN_POINT('',(85.267073,-44.687265,1.585));
#9035 = CIRCLE('',#9036,0.348625649748);
#9036 = AXIS2_PLACEMENT_3D('',#9037,#9038,#9039);
#9037 = CARTESIAN_POINT('',(84.929675045865,-44.77502868387,1.585));
#9038 = DIRECTION('',(0.,0.,-1.));
#9039 = DIRECTION('',(0.267255017531,0.96362583797,0.));
#9040 = ORIENTED_EDGE('',*,*,#9041,.T.);
#9041 = EDGE_CURVE('',#9033,#9042,#9044,.T.);
#9042 = VERTEX_POINT('',#9043);
#9043 = CARTESIAN_POINT('',(85.265851,-44.959802,1.585));
#9044 = LINE('',#9045,#9046);
#9045 = CARTESIAN_POINT('',(85.267073,-44.687265,1.585));
#9046 = VECTOR('',#9047,1.);
#9047 = DIRECTION('',(-4.483749789516E-03,-0.999989947943,0.));
#9048 = ORIENTED_EDGE('',*,*,#9049,.T.);
#9049 = EDGE_CURVE('',#9042,#9050,#9052,.T.);
#9050 = VERTEX_POINT('',#9051);
#9051 = CARTESIAN_POINT('',(85.01767,-45.204028,1.585));
#9052 = CIRCLE('',#9053,0.348635327447);
#9053 = AXIS2_PLACEMENT_3D('',#9054,#9055,#9056);
#9054 = CARTESIAN_POINT('',(84.929898481291,-44.86662208415,1.585));
#9055 = DIRECTION('',(0.,0.,-1.));
#9056 = DIRECTION('',(0.963621561732,-0.267270435638,0.));
#9057 = ORIENTED_EDGE('',*,*,#9058,.T.);
#9058 = EDGE_CURVE('',#9050,#9059,#9061,.T.);
#9059 = VERTEX_POINT('',#9060);
#9060 = CARTESIAN_POINT('',(84.792752,-45.202806,1.585));
#9061 = LINE('',#9062,#9063);
#9062 = CARTESIAN_POINT('',(85.01767,-45.204028,1.585));
#9063 = VECTOR('',#9064,1.);
#9064 = DIRECTION('',(-0.999985241087,5.433010984477E-03,0.));
#9065 = ORIENTED_EDGE('',*,*,#9066,.T.);
#9066 = EDGE_CURVE('',#9059,#9067,#9069,.T.);
#9067 = VERTEX_POINT('',#9068);
#9068 = CARTESIAN_POINT('',(84.548527,-44.954624,1.585));
#9069 = CIRCLE('',#9070,0.348628446662);
#9070 = AXIS2_PLACEMENT_3D('',#9071,#9072,#9073);
#9071 = CARTESIAN_POINT('',(84.885927613227,-44.86685942847,1.585));
#9072 = DIRECTION('',(0.,0.,-1.));
#9073 = DIRECTION('',(-0.267263369124,-0.963623521674,-0.));
#9074 = ORIENTED_EDGE('',*,*,#9075,.T.);
#9075 = EDGE_CURVE('',#9067,#8941,#9076,.T.);
#9076 = LINE('',#9077,#9078);
#9077 = CARTESIAN_POINT('',(84.548527,-44.954624,1.585));
#9078 = VECTOR('',#9079,1.);
#9079 = DIRECTION('',(1.92858544986E-03,0.999998140277,0.));
#9080 = FACE_BOUND('',#9081,.F.);
#9081 = EDGE_LOOP('',(#9082,#9093,#9101,#9110,#9118,#9127,#9135,#9144));
#9082 = ORIENTED_EDGE('',*,*,#9083,.T.);
#9083 = EDGE_CURVE('',#9084,#9086,#9088,.T.);
#9084 = VERTEX_POINT('',#9085);
#9085 = CARTESIAN_POINT('',(85.053849,-44.620679,1.585));
#9086 = VERTEX_POINT('',#9087);
#9087 = CARTESIAN_POINT('',(84.761751,-44.620679,1.585));
#9088 = CIRCLE('',#9089,0.252889603602);
#9089 = AXIS2_PLACEMENT_3D('',#9090,#9091,#9092);
#9090 = CARTESIAN_POINT('',(84.9078,-44.827132,1.585));
#9091 = DIRECTION('',(0.,0.,1.));
#9092 = DIRECTION('',(0.577520775547,0.816375988018,-0.));
#9093 = ORIENTED_EDGE('',*,*,#9094,.T.);
#9094 = EDGE_CURVE('',#9086,#9095,#9097,.T.);
#9095 = VERTEX_POINT('',#9096);
#9096 = CARTESIAN_POINT('',(84.731344,-44.651086,1.585));
#9097 = LINE('',#9098,#9099);
#9098 = CARTESIAN_POINT('',(84.761751,-44.620679,1.585));
#9099 = VECTOR('',#9100,1.);
#9100 = DIRECTION('',(-0.707106781187,-0.707106781187,0.));
#9101 = ORIENTED_EDGE('',*,*,#9102,.T.);
#9102 = EDGE_CURVE('',#9095,#9103,#9105,.T.);
#9103 = VERTEX_POINT('',#9104);
#9104 = CARTESIAN_POINT('',(84.731344,-44.990803,1.585));
#9105 = CIRCLE('',#9106,0.305621483548);
#9106 = AXIS2_PLACEMENT_3D('',#9107,#9108,#9109);
#9107 = CARTESIAN_POINT('',(84.985416,-44.8209445,1.585));
#9108 = DIRECTION('',(0.,0.,1.));
#9109 = DIRECTION('',(-0.831328992485,0.555780627814,0.));
#9110 = ORIENTED_EDGE('',*,*,#9111,.T.);
#9111 = EDGE_CURVE('',#9103,#9112,#9114,.T.);
#9112 = VERTEX_POINT('',#9113);
#9113 = CARTESIAN_POINT('',(84.761751,-45.021211,1.585));
#9114 = LINE('',#9115,#9116);
#9115 = CARTESIAN_POINT('',(84.731344,-44.990803,1.585));
#9116 = VECTOR('',#9117,1.);
#9117 = DIRECTION('',(0.707095153914,-0.707118408268,0.));
#9118 = ORIENTED_EDGE('',*,*,#9119,.T.);
#9119 = EDGE_CURVE('',#9112,#9120,#9122,.T.);
#9120 = VERTEX_POINT('',#9121);
#9121 = CARTESIAN_POINT('',(85.053848,-45.021211,1.585));
#9122 = CIRCLE('',#9123,0.252888498466);
#9123 = AXIS2_PLACEMENT_3D('',#9124,#9125,#9126);
#9124 = CARTESIAN_POINT('',(84.9077995,-44.814759,1.585));
#9125 = DIRECTION('',(0.,0.,1.));
#9126 = DIRECTION('',(-0.577521322188,-0.816375601313,0.));
#9127 = ORIENTED_EDGE('',*,*,#9128,.T.);
#9128 = EDGE_CURVE('',#9120,#9129,#9131,.T.);
#9129 = VERTEX_POINT('',#9130);
#9130 = CARTESIAN_POINT('',(85.084255,-44.990803,1.585));
#9131 = LINE('',#9132,#9133);
#9132 = CARTESIAN_POINT('',(85.053848,-45.021211,1.585));
#9133 = VECTOR('',#9134,1.);
#9134 = DIRECTION('',(0.707095153914,0.707118408268,0.));
#9135 = ORIENTED_EDGE('',*,*,#9136,.T.);
#9136 = EDGE_CURVE('',#9129,#9137,#9139,.T.);
#9137 = VERTEX_POINT('',#9138);
#9138 = CARTESIAN_POINT('',(85.084256,-44.651086,1.585));
#9139 = CIRCLE('',#9140,0.305616146029);
#9140 = AXIS2_PLACEMENT_3D('',#9141,#9142,#9143);
#9141 = CARTESIAN_POINT('',(84.830189920493,-44.82094375212,1.585));
#9142 = DIRECTION('',(0.,-0.,1.));
#9143 = DIRECTION('',(0.831320867071,-0.555792781505,-0.));
#9144 = ORIENTED_EDGE('',*,*,#9145,.T.);
#9145 = EDGE_CURVE('',#9137,#9084,#9146,.T.);
#9146 = LINE('',#9147,#9148);
#9147 = CARTESIAN_POINT('',(85.084256,-44.651086,1.585));
#9148 = VECTOR('',#9149,1.);
#9149 = DIRECTION('',(-0.707106781187,0.707106781187,0.));
#9150 = PLANE('',#9151);
#9151 = AXIS2_PLACEMENT_3D('',#9152,#9153,#9154);
#9152 = CARTESIAN_POINT('',(0.,0.,1.585));
#9153 = DIRECTION('',(0.,0.,1.));
#9154 = DIRECTION('',(1.,0.,-0.));
#9155 = SHELL_BASED_SURFACE_MODEL('',(#9156));
#9156 = OPEN_SHELL('',(#9157));
#9157 = ADVANCED_FACE('',(#9158,#9228),#9262,.T.);
#9158 = FACE_BOUND('',#9159,.F.);
#9159 = EDGE_LOOP('',(#9160,#9171,#9179,#9188,#9196,#9205,#9213,#9222));
#9160 = ORIENTED_EDGE('',*,*,#9161,.T.);
#9161 = EDGE_CURVE('',#9162,#9164,#9166,.T.);
#9162 = VERTEX_POINT('',#9163);
#9163 = CARTESIAN_POINT('',(82.478864,-42.806584,1.585));
#9164 = VERTEX_POINT('',#9165);
#9165 = CARTESIAN_POINT('',(82.5536,-42.74525,1.585));
#9166 = CIRCLE('',#9167,7.620164703096E-02);
#9167 = AXIS2_PLACEMENT_3D('',#9168,#9169,#9170);
#9168 = CARTESIAN_POINT('',(82.553601166673,-42.82145164702,1.585));
#9169 = DIRECTION('',(0.,0.,-1.));
#9170 = DIRECTION('',(-0.98078151306,0.195109260775,0.));
#9171 = ORIENTED_EDGE('',*,*,#9172,.T.);
#9172 = EDGE_CURVE('',#9164,#9173,#9175,.T.);
#9173 = VERTEX_POINT('',#9174);
#9174 = CARTESIAN_POINT('',(86.276866,-42.746714,1.585));
#9175 = LINE('',#9176,#9177);
#9176 = CARTESIAN_POINT('',(82.5536,-42.74525,1.585));
#9177 = VECTOR('',#9178,1.);
#9178 = DIRECTION('',(0.999999922696,-3.932031412274E-04,0.));
#9179 = ORIENTED_EDGE('',*,*,#9180,.T.);
#9180 = EDGE_CURVE('',#9173,#9181,#9183,.T.);
#9181 = VERTEX_POINT('',#9182);
#9182 = CARTESIAN_POINT('',(86.3382,-42.82145,1.585));
#9183 = CIRCLE('',#9184,7.620164703101E-02);
#9184 = AXIS2_PLACEMENT_3D('',#9185,#9186,#9187);
#9185 = CARTESIAN_POINT('',(86.261998352978,-42.82145116667,1.585));
#9186 = DIRECTION('',(0.,0.,-1.));
#9187 = DIRECTION('',(0.195109260775,0.98078151306,0.));
#9188 = ORIENTED_EDGE('',*,*,#9189,.T.);
#9189 = EDGE_CURVE('',#9181,#9190,#9192,.T.);
#9190 = VERTEX_POINT('',#9191);
#9191 = CARTESIAN_POINT('',(86.336736,-46.544716,1.585));
#9192 = LINE('',#9193,#9194);
#9193 = CARTESIAN_POINT('',(86.3382,-42.82145,1.585));
#9194 = VECTOR('',#9195,1.);
#9195 = DIRECTION('',(-3.932031412274E-04,-0.999999922696,0.));
#9196 = ORIENTED_EDGE('',*,*,#9197,.T.);
#9197 = EDGE_CURVE('',#9190,#9198,#9200,.T.);
#9198 = VERTEX_POINT('',#9199);
#9199 = CARTESIAN_POINT('',(86.262,-46.60605,1.585));
#9200 = CIRCLE('',#9201,7.620164703103E-02);
#9201 = AXIS2_PLACEMENT_3D('',#9202,#9203,#9204);
#9202 = CARTESIAN_POINT('',(86.261998833327,-46.52984835297,1.585));
#9203 = DIRECTION('',(0.,0.,-1.));
#9204 = DIRECTION('',(0.98078151306,-0.195109260775,0.));
#9205 = ORIENTED_EDGE('',*,*,#9206,.T.);
#9206 = EDGE_CURVE('',#9198,#9207,#9209,.T.);
#9207 = VERTEX_POINT('',#9208);
#9208 = CARTESIAN_POINT('',(82.538734,-46.604586,1.585));
#9209 = LINE('',#9210,#9211);
#9210 = CARTESIAN_POINT('',(86.262,-46.60605,1.585));
#9211 = VECTOR('',#9212,1.);
#9212 = DIRECTION('',(-0.999999922696,3.932031412293E-04,0.));
#9213 = ORIENTED_EDGE('',*,*,#9214,.T.);
#9214 = EDGE_CURVE('',#9207,#9215,#9217,.T.);
#9215 = VERTEX_POINT('',#9216);
#9216 = CARTESIAN_POINT('',(82.4774,-46.52985,1.585));
#9217 = CIRCLE('',#9218,7.620164703099E-02);
#9218 = AXIS2_PLACEMENT_3D('',#9219,#9220,#9221);
#9219 = CARTESIAN_POINT('',(82.553601647022,-46.52984883332,1.585));
#9220 = DIRECTION('',(0.,0.,-1.));
#9221 = DIRECTION('',(-0.195109260775,-0.98078151306,-0.));
#9222 = ORIENTED_EDGE('',*,*,#9223,.T.);
#9223 = EDGE_CURVE('',#9215,#9162,#9224,.T.);
#9224 = LINE('',#9225,#9226);
#9225 = CARTESIAN_POINT('',(82.4774,-46.52985,1.585));
#9226 = VECTOR('',#9227,1.);
#9227 = DIRECTION('',(3.932031412274E-04,0.999999922696,0.));
#9228 = FACE_BOUND('',#9229,.F.);
#9229 = EDGE_LOOP('',(#9230,#9240,#9248,#9256));
#9230 = ORIENTED_EDGE('',*,*,#9231,.T.);
#9231 = EDGE_CURVE('',#9232,#9234,#9236,.T.);
#9232 = VERTEX_POINT('',#9233);
#9233 = CARTESIAN_POINT('',(86.1858,-46.45365,1.585));
#9234 = VERTEX_POINT('',#9235);
#9235 = CARTESIAN_POINT('',(86.1858,-42.89765,1.585));
#9236 = LINE('',#9237,#9238);
#9237 = CARTESIAN_POINT('',(86.1858,-46.45365,1.585));
#9238 = VECTOR('',#9239,1.);
#9239 = DIRECTION('',(0.,1.,0.));
#9240 = ORIENTED_EDGE('',*,*,#9241,.T.);
#9241 = EDGE_CURVE('',#9234,#9242,#9244,.T.);
#9242 = VERTEX_POINT('',#9243);
#9243 = CARTESIAN_POINT('',(82.6298,-42.89765,1.585));
#9244 = LINE('',#9245,#9246);
#9245 = CARTESIAN_POINT('',(86.1858,-42.89765,1.585));
#9246 = VECTOR('',#9247,1.);
#9247 = DIRECTION('',(-1.,0.,0.));
#9248 = ORIENTED_EDGE('',*,*,#9249,.T.);
#9249 = EDGE_CURVE('',#9242,#9250,#9252,.T.);
#9250 = VERTEX_POINT('',#9251);
#9251 = CARTESIAN_POINT('',(82.6298,-46.45365,1.585));
#9252 = LINE('',#9253,#9254);
#9253 = CARTESIAN_POINT('',(82.6298,-42.89765,1.585));
#9254 = VECTOR('',#9255,1.);
#9255 = DIRECTION('',(0.,-1.,0.));
#9256 = ORIENTED_EDGE('',*,*,#9257,.T.);
#9257 = EDGE_CURVE('',#9250,#9232,#9258,.T.);
#9258 = LINE('',#9259,#9260);
#9259 = CARTESIAN_POINT('',(82.6298,-46.45365,1.585));
#9260 = VECTOR('',#9261,1.);
#9261 = DIRECTION('',(1.,0.,0.));
#9262 = PLANE('',#9263);
#9263 = AXIS2_PLACEMENT_3D('',#9264,#9265,#9266);
#9264 = CARTESIAN_POINT('',(0.,0.,1.585));
#9265 = DIRECTION('',(0.,0.,1.));
#9266 = DIRECTION('',(1.,0.,-0.));
#9267 = SHELL_BASED_SURFACE_MODEL('',(#9268));
#9268 = OPEN_SHELL('',(#9269));
#9269 = ADVANCED_FACE('',(#9270,#9386),#9469,.T.);
#9270 = FACE_BOUND('',#9271,.F.);
#9271 = EDGE_LOOP('',(#9272,#9283,#9291,#9299,#9307,#9315,#9323,#9331,
    #9339,#9347,#9355,#9363,#9371,#9380));
#9272 = ORIENTED_EDGE('',*,*,#9273,.T.);
#9273 = EDGE_CURVE('',#9274,#9276,#9278,.T.);
#9274 = VERTEX_POINT('',#9275);
#9275 = CARTESIAN_POINT('',(92.596146,-44.115837,1.585));
#9276 = VERTEX_POINT('',#9277);
#9277 = CARTESIAN_POINT('',(92.669705,-44.055469,1.585));
#9278 = CIRCLE('',#9279,7.50007493898E-02);
#9279 = AXIS2_PLACEMENT_3D('',#9280,#9281,#9282);
#9280 = CARTESIAN_POINT('',(92.66970546611,-44.13046974938,1.585));
#9281 = DIRECTION('',(0.,0.,-1.));
#9282 = DIRECTION('',(-0.980783081614,0.195101375752,0.));
#9283 = ORIENTED_EDGE('',*,*,#9284,.T.);
#9284 = EDGE_CURVE('',#9276,#9285,#9287,.T.);
#9285 = VERTEX_POINT('',#9286);
#9286 = CARTESIAN_POINT('',(92.915205,-44.056198,1.585));
#9287 = LINE('',#9288,#9289);
#9288 = CARTESIAN_POINT('',(92.669705,-44.055469,1.585));
#9289 = VECTOR('',#9290,1.);
#9290 = DIRECTION('',(0.999995591212,-2.969437010157E-03,0.));
#9291 = ORIENTED_EDGE('',*,*,#9292,.T.);
#9292 = EDGE_CURVE('',#9285,#9293,#9295,.T.);
#9293 = VERTEX_POINT('',#9294);
#9294 = CARTESIAN_POINT('',(93.092325,-44.115728,1.585));
#9295 = LINE('',#9296,#9297);
#9296 = CARTESIAN_POINT('',(92.915205,-44.056198,1.585));
#9297 = VECTOR('',#9298,1.);
#9298 = DIRECTION('',(0.947893661994,-0.318586888542,0.));
#9299 = ORIENTED_EDGE('',*,*,#9300,.T.);
#9300 = EDGE_CURVE('',#9293,#9301,#9303,.T.);
#9301 = VERTEX_POINT('',#9302);
#9302 = CARTESIAN_POINT('',(93.209014,-44.23349,1.585));
#9303 = LINE('',#9304,#9305);
#9304 = CARTESIAN_POINT('',(93.092325,-44.115728,1.585));
#9305 = VECTOR('',#9306,1.);
#9306 = DIRECTION('',(0.703863230025,-0.710335521722,0.));
#9307 = ORIENTED_EDGE('',*,*,#9308,.T.);
#9308 = EDGE_CURVE('',#9301,#9309,#9311,.T.);
#9309 = VERTEX_POINT('',#9310);
#9310 = CARTESIAN_POINT('',(93.266275,-44.350374,1.585));
#9311 = LINE('',#9312,#9313);
#9312 = CARTESIAN_POINT('',(93.209014,-44.23349,1.585));
#9313 = VECTOR('',#9314,1.);
#9314 = DIRECTION('',(0.439939908708,-0.8980272138,0.));
#9315 = ORIENTED_EDGE('',*,*,#9316,.T.);
#9316 = EDGE_CURVE('',#9309,#9317,#9319,.T.);
#9317 = VERTEX_POINT('',#9318);
#9318 = CARTESIAN_POINT('',(93.316133,-44.55904,1.585));
#9319 = LINE('',#9320,#9321);
#9320 = CARTESIAN_POINT('',(93.266275,-44.350374,1.585));
#9321 = VECTOR('',#9322,1.);
#9322 = DIRECTION('',(0.232395123349,-0.972621461126,0.));
#9323 = ORIENTED_EDGE('',*,*,#9324,.T.);
#9324 = EDGE_CURVE('',#9317,#9325,#9327,.T.);
#9325 = VERTEX_POINT('',#9326);
#9326 = CARTESIAN_POINT('',(93.313894,-44.720087,1.585));
#9327 = LINE('',#9328,#9329);
#9328 = CARTESIAN_POINT('',(93.316133,-44.55904,1.585));
#9329 = VECTOR('',#9330,1.);
#9330 = DIRECTION('',(-1.390143030559E-02,-0.999903370449,0.));
#9331 = ORIENTED_EDGE('',*,*,#9332,.T.);
#9332 = EDGE_CURVE('',#9325,#9333,#9335,.T.);
#9333 = VERTEX_POINT('',#9334);
#9334 = CARTESIAN_POINT('',(93.260596,-44.925914,1.585));
#9335 = LINE('',#9336,#9337);
#9336 = CARTESIAN_POINT('',(93.313894,-44.720087,1.585));
#9337 = VECTOR('',#9338,1.);
#9338 = DIRECTION('',(-0.250677645339,-0.968070616292,0.));
#9339 = ORIENTED_EDGE('',*,*,#9340,.T.);
#9340 = EDGE_CURVE('',#9333,#9341,#9343,.T.);
#9341 = VERTEX_POINT('',#9342);
#9342 = CARTESIAN_POINT('',(93.203646,-45.034894,1.585));
#9343 = LINE('',#9344,#9345);
#9344 = CARTESIAN_POINT('',(93.260596,-44.925914,1.585));
#9345 = VECTOR('',#9346,1.);
#9346 = DIRECTION('',(-0.463146784147,-0.886281589752,0.));
#9347 = ORIENTED_EDGE('',*,*,#9348,.T.);
#9348 = EDGE_CURVE('',#9341,#9349,#9351,.T.);
#9349 = VERTEX_POINT('',#9350);
#9350 = CARTESIAN_POINT('',(93.087799,-45.148007,1.585));
#9351 = LINE('',#9352,#9353);
#9352 = CARTESIAN_POINT('',(93.203646,-45.034894,1.585));
#9353 = VECTOR('',#9354,1.);
#9354 = DIRECTION('',(-0.715499299798,-0.698613449619,0.));
#9355 = ORIENTED_EDGE('',*,*,#9356,.T.);
#9356 = EDGE_CURVE('',#9349,#9357,#9359,.T.);
#9357 = VERTEX_POINT('',#9358);
#9358 = CARTESIAN_POINT('',(92.915205,-45.204739,1.585));
#9359 = LINE('',#9360,#9361);
#9360 = CARTESIAN_POINT('',(93.087799,-45.148007,1.585));
#9361 = VECTOR('',#9362,1.);
#9362 = DIRECTION('',(-0.949994945594,-0.312265277202,0.));
#9363 = ORIENTED_EDGE('',*,*,#9364,.T.);
#9364 = EDGE_CURVE('',#9357,#9365,#9367,.T.);
#9365 = VERTEX_POINT('',#9366);
#9366 = CARTESIAN_POINT('',(92.655073,-45.204028,1.585));
#9367 = LINE('',#9368,#9369);
#9368 = CARTESIAN_POINT('',(92.915205,-45.204739,1.585));
#9369 = VECTOR('',#9370,1.);
#9370 = DIRECTION('',(-0.999996264754,2.733217536618E-03,0.));
#9371 = ORIENTED_EDGE('',*,*,#9372,.T.);
#9372 = EDGE_CURVE('',#9365,#9373,#9375,.T.);
#9373 = VERTEX_POINT('',#9374);
#9374 = CARTESIAN_POINT('',(92.594705,-45.130469,1.585));
#9375 = CIRCLE('',#9376,7.500074938987E-02);
#9376 = AXIS2_PLACEMENT_3D('',#9377,#9378,#9379);
#9377 = CARTESIAN_POINT('',(92.669705749388,-45.13046853389,1.585));
#9378 = DIRECTION('',(0.,0.,-1.));
#9379 = DIRECTION('',(-0.195101375752,-0.980783081614,-0.));
#9380 = ORIENTED_EDGE('',*,*,#9381,.T.);
#9381 = EDGE_CURVE('',#9373,#9274,#9382,.T.);
#9382 = LINE('',#9383,#9384);
#9383 = CARTESIAN_POINT('',(92.594705,-45.130469,1.585));
#9384 = VECTOR('',#9385,1.);
#9385 = DIRECTION('',(1.420217918158E-03,0.99999899149,0.));
#9386 = FACE_BOUND('',#9387,.F.);
#9387 = EDGE_LOOP('',(#9388,#9398,#9406,#9414,#9422,#9430,#9438,#9447,
    #9455,#9463));
#9388 = ORIENTED_EDGE('',*,*,#9389,.T.);
#9389 = EDGE_CURVE('',#9390,#9392,#9394,.T.);
#9390 = VERTEX_POINT('',#9391);
#9391 = CARTESIAN_POINT('',(93.010143,-44.24364,1.585));
#9392 = VERTEX_POINT('',#9393);
#9393 = CARTESIAN_POINT('',(92.89563,-44.205469,1.585));
#9394 = LINE('',#9395,#9396);
#9395 = CARTESIAN_POINT('',(93.010143,-44.24364,1.585));
#9396 = VECTOR('',#9397,1.);
#9397 = DIRECTION('',(-0.948683298051,0.316227766017,0.));
#9398 = ORIENTED_EDGE('',*,*,#9399,.T.);
#9399 = EDGE_CURVE('',#9392,#9400,#9402,.T.);
#9400 = VERTEX_POINT('',#9401);
#9401 = CARTESIAN_POINT('',(92.744705,-44.205469,1.585));
#9402 = LINE('',#9403,#9404);
#9403 = CARTESIAN_POINT('',(92.89563,-44.205469,1.585));
#9404 = VECTOR('',#9405,1.);
#9405 = DIRECTION('',(-1.,0.,0.));
#9406 = ORIENTED_EDGE('',*,*,#9407,.T.);
#9407 = EDGE_CURVE('',#9400,#9408,#9410,.T.);
#9408 = VERTEX_POINT('',#9409);
#9409 = CARTESIAN_POINT('',(92.744705,-45.055469,1.585));
#9410 = LINE('',#9411,#9412);
#9411 = CARTESIAN_POINT('',(92.744705,-44.205469,1.585));
#9412 = VECTOR('',#9413,1.);
#9413 = DIRECTION('',(0.,-1.,0.));
#9414 = ORIENTED_EDGE('',*,*,#9415,.T.);
#9415 = EDGE_CURVE('',#9408,#9416,#9418,.T.);
#9416 = VERTEX_POINT('',#9417);
#9417 = CARTESIAN_POINT('',(92.89563,-45.055469,1.585));
#9418 = LINE('',#9419,#9420);
#9419 = CARTESIAN_POINT('',(92.744705,-45.055469,1.585));
#9420 = VECTOR('',#9421,1.);
#9421 = DIRECTION('',(1.,0.,0.));
#9422 = ORIENTED_EDGE('',*,*,#9423,.T.);
#9423 = EDGE_CURVE('',#9416,#9424,#9426,.T.);
#9424 = VERTEX_POINT('',#9425);
#9425 = CARTESIAN_POINT('',(93.010143,-45.017297,1.585));
#9426 = LINE('',#9427,#9428);
#9427 = CARTESIAN_POINT('',(92.89563,-45.055469,1.585));
#9428 = VECTOR('',#9429,1.);
#9429 = DIRECTION('',(0.948680812677,0.31623522204,0.));
#9430 = ORIENTED_EDGE('',*,*,#9431,.T.);
#9431 = EDGE_CURVE('',#9424,#9432,#9434,.T.);
#9432 = VERTEX_POINT('',#9433);
#9433 = CARTESIAN_POINT('',(93.084255,-44.943184,1.585));
#9434 = LINE('',#9435,#9436);
#9435 = CARTESIAN_POINT('',(93.010143,-45.017297,1.585));
#9436 = VECTOR('',#9437,1.);
#9437 = DIRECTION('',(0.707102010674,0.707111551667,0.));
#9438 = ORIENTED_EDGE('',*,*,#9439,.T.);
#9439 = EDGE_CURVE('',#9432,#9440,#9442,.T.);
#9440 = VERTEX_POINT('',#9441);
#9441 = CARTESIAN_POINT('',(93.166133,-44.568274,1.585));
#9442 = CIRCLE('',#9443,0.611719141131);
#9443 = AXIS2_PLACEMENT_3D('',#9444,#9445,#9446);
#9444 = CARTESIAN_POINT('',(92.557720962242,-44.63179643649,1.585));
#9445 = DIRECTION('',(0.,0.,1.));
#9446 = DIRECTION('',(0.860744747637,-0.509036815383,0.));
#9447 = ORIENTED_EDGE('',*,*,#9448,.T.);
#9448 = EDGE_CURVE('',#9440,#9449,#9451,.T.);
#9449 = VERTEX_POINT('',#9450);
#9450 = CARTESIAN_POINT('',(93.122749,-44.39474,1.585));
#9451 = LINE('',#9452,#9453);
#9452 = CARTESIAN_POINT('',(93.166133,-44.568274,1.585));
#9453 = VECTOR('',#9454,1.);
#9454 = DIRECTION('',(-0.242538255859,0.970141842436,0.));
#9455 = ORIENTED_EDGE('',*,*,#9456,.T.);
#9456 = EDGE_CURVE('',#9449,#9457,#9459,.T.);
#9457 = VERTEX_POINT('',#9458);
#9458 = CARTESIAN_POINT('',(93.084256,-44.317753,1.585));
#9459 = LINE('',#9460,#9461);
#9460 = CARTESIAN_POINT('',(93.122749,-44.39474,1.585));
#9461 = VECTOR('',#9462,1.);
#9462 = DIRECTION('',(-0.447208948322,0.894429514574,0.));
#9463 = ORIENTED_EDGE('',*,*,#9464,.T.);
#9464 = EDGE_CURVE('',#9457,#9390,#9465,.T.);
#9465 = LINE('',#9466,#9467);
#9466 = CARTESIAN_POINT('',(93.084256,-44.317753,1.585));
#9467 = VECTOR('',#9468,1.);
#9468 = DIRECTION('',(-0.707106781187,0.707106781187,0.));
#9469 = PLANE('',#9470);
#9470 = AXIS2_PLACEMENT_3D('',#9471,#9472,#9473);
#9471 = CARTESIAN_POINT('',(0.,0.,1.585));
#9472 = DIRECTION('',(0.,0.,1.));
#9473 = DIRECTION('',(1.,0.,-0.));
#9474 = SHELL_BASED_SURFACE_MODEL('',(#9475));
#9475 = OPEN_SHELL('',(#9476));
#9476 = ADVANCED_FACE('',(#9477,#9635),#9705,.T.);
#9477 = FACE_BOUND('',#9478,.F.);
#9478 = EDGE_LOOP('',(#9479,#9490,#9498,#9506,#9514,#9523,#9531,#9539,
    #9548,#9556,#9564,#9572,#9580,#9588,#9596,#9604,#9613,#9621,#9629));
#9479 = ORIENTED_EDGE('',*,*,#9480,.T.);
#9480 = EDGE_CURVE('',#9481,#9483,#9485,.T.);
#9481 = VERTEX_POINT('',#9482);
#9482 = CARTESIAN_POINT('',(93.677483,-44.11497,1.585));
#9483 = VERTEX_POINT('',#9484);
#9484 = CARTESIAN_POINT('',(94.145559,-44.120336,1.585));
#9485 = CIRCLE('',#9486,0.397581403297);
#9486 = AXIS2_PLACEMENT_3D('',#9487,#9488,#9489);
#9487 = CARTESIAN_POINT('',(93.907836870627,-44.43901948161,1.585));
#9488 = DIRECTION('',(0.,0.,-1.));
#9489 = DIRECTION('',(-0.579387940978,0.815051908684,0.));
#9490 = ORIENTED_EDGE('',*,*,#9491,.T.);
#9491 = EDGE_CURVE('',#9483,#9492,#9494,.T.);
#9492 = VERTEX_POINT('',#9493);
#9493 = CARTESIAN_POINT('',(94.209012,-44.185866,1.585));
#9494 = LINE('',#9495,#9496);
#9495 = CARTESIAN_POINT('',(94.145559,-44.120336,1.585));
#9496 = VECTOR('',#9497,1.);
#9497 = DIRECTION('',(0.695630129574,-0.718400113328,0.));
#9498 = ORIENTED_EDGE('',*,*,#9499,.T.);
#9499 = EDGE_CURVE('',#9492,#9500,#9502,.T.);
#9500 = VERTEX_POINT('',#9501);
#9501 = CARTESIAN_POINT('',(94.267073,-44.306313,1.585));
#9502 = LINE('',#9503,#9504);
#9503 = CARTESIAN_POINT('',(94.209012,-44.185866,1.585));
#9504 = VECTOR('',#9505,1.);
#9505 = DIRECTION('',(0.434228424707,-0.900802794832,0.));
#9506 = ORIENTED_EDGE('',*,*,#9507,.T.);
#9507 = EDGE_CURVE('',#9500,#9508,#9510,.T.);
#9508 = VERTEX_POINT('',#9509);
#9509 = CARTESIAN_POINT('',(94.266275,-44.720087,1.585));
#9510 = LINE('',#9511,#9512);
#9511 = CARTESIAN_POINT('',(94.267073,-44.306313,1.585));
#9512 = VECTOR('',#9513,1.);
#9513 = DIRECTION('',(-1.928585449894E-03,-0.999998140277,0.));
#9514 = ORIENTED_EDGE('',*,*,#9515,.T.);
#9515 = EDGE_CURVE('',#9508,#9516,#9518,.T.);
#9516 = VERTEX_POINT('',#9517);
#9517 = CARTESIAN_POINT('',(94.036579,-45.149932,1.585));
#9518 = CIRCLE('',#9519,0.610117599579);
#9519 = AXIS2_PLACEMENT_3D('',#9520,#9521,#9522);
#9520 = CARTESIAN_POINT('',(93.658103688502,-44.67139263494,1.585));
#9521 = DIRECTION('',(0.,0.,-1.));
#9522 = DIRECTION('',(0.996809978793,-7.981144140794E-02,0.));
#9523 = ORIENTED_EDGE('',*,*,#9524,.T.);
#9524 = EDGE_CURVE('',#9516,#9525,#9527,.T.);
#9525 = VERTEX_POINT('',#9526);
#9526 = CARTESIAN_POINT('',(93.922432,-45.204028,1.585));
#9527 = LINE('',#9528,#9529);
#9528 = CARTESIAN_POINT('',(94.036579,-45.149932,1.585));
#9529 = VECTOR('',#9530,1.);
#9530 = DIRECTION('',(-0.903657062662,-0.428256830769,0.));
#9531 = ORIENTED_EDGE('',*,*,#9532,.T.);
#9532 = EDGE_CURVE('',#9525,#9533,#9535,.T.);
#9533 = VERTEX_POINT('',#9534);
#9534 = CARTESIAN_POINT('',(93.702692,-45.204028,1.585));
#9535 = LINE('',#9536,#9537);
#9536 = CARTESIAN_POINT('',(93.922432,-45.204028,1.585));
#9537 = VECTOR('',#9538,1.);
#9538 = DIRECTION('',(-1.,0.,0.));
#9539 = ORIENTED_EDGE('',*,*,#9540,.T.);
#9540 = EDGE_CURVE('',#9533,#9541,#9543,.T.);
#9541 = VERTEX_POINT('',#9542);
#9542 = CARTESIAN_POINT('',(93.717324,-45.055469,1.585));
#9543 = CIRCLE('',#9544,7.500006711464E-02);
#9544 = AXIS2_PLACEMENT_3D('',#9545,#9546,#9547);
#9545 = CARTESIAN_POINT('',(93.717323932885,-45.13046906711,1.585));
#9546 = DIRECTION('',(0.,0.,-1.));
#9547 = DIRECTION('',(-0.195092263891,-0.980784894138,-0.));
#9548 = ORIENTED_EDGE('',*,*,#9549,.T.);
#9549 = EDGE_CURVE('',#9541,#9550,#9552,.T.);
#9550 = VERTEX_POINT('',#9551);
#9551 = CARTESIAN_POINT('',(93.890095,-45.055469,1.585));
#9552 = LINE('',#9553,#9554);
#9553 = CARTESIAN_POINT('',(93.717324,-45.055469,1.585));
#9554 = VECTOR('',#9555,1.);
#9555 = DIRECTION('',(1.,0.,0.));
#9556 = ORIENTED_EDGE('',*,*,#9557,.T.);
#9557 = EDGE_CURVE('',#9550,#9558,#9560,.T.);
#9558 = VERTEX_POINT('',#9559);
#9559 = CARTESIAN_POINT('',(93.95861,-45.021211,1.585));
#9560 = LINE('',#9561,#9562);
#9561 = CARTESIAN_POINT('',(93.890095,-45.055469,1.585));
#9562 = VECTOR('',#9563,1.);
#9563 = DIRECTION('',(0.894424580098,0.447218817266,0.));
#9564 = ORIENTED_EDGE('',*,*,#9565,.T.);
#9565 = EDGE_CURVE('',#9558,#9566,#9568,.T.);
#9566 = VERTEX_POINT('',#9567);
#9567 = CARTESIAN_POINT('',(93.99237,-44.98745,1.585));
#9568 = LINE('',#9569,#9570);
#9569 = CARTESIAN_POINT('',(93.95861,-45.021211,1.585));
#9570 = VECTOR('',#9571,1.);
#9571 = DIRECTION('',(0.707096308711,0.707117253507,0.));
#9572 = ORIENTED_EDGE('',*,*,#9573,.T.);
#9573 = EDGE_CURVE('',#9566,#9574,#9576,.T.);
#9574 = VERTEX_POINT('',#9575);
#9575 = CARTESIAN_POINT('',(94.076285,-44.861579,1.585));
#9576 = LINE('',#9577,#9578);
#9577 = CARTESIAN_POINT('',(93.99237,-44.98745,1.585));
#9578 = VECTOR('',#9579,1.);
#9579 = DIRECTION('',(0.55470477259,0.83204724341,0.));
#9580 = ORIENTED_EDGE('',*,*,#9581,.T.);
#9581 = EDGE_CURVE('',#9574,#9582,#9584,.T.);
#9582 = VERTEX_POINT('',#9583);
#9583 = CARTESIAN_POINT('',(94.094809,-44.787483,1.585));
#9584 = LINE('',#9585,#9586);
#9585 = CARTESIAN_POINT('',(94.076285,-44.861579,1.585));
#9586 = VECTOR('',#9587,1.);
#9587 = DIRECTION('',(0.242535625036,0.970142500145,0.));
#9588 = ORIENTED_EDGE('',*,*,#9589,.T.);
#9589 = EDGE_CURVE('',#9582,#9590,#9592,.T.);
#9590 = VERTEX_POINT('',#9591);
#9591 = CARTESIAN_POINT('',(94.01767,-44.823075,1.585));
#9592 = LINE('',#9593,#9594);
#9593 = CARTESIAN_POINT('',(94.094809,-44.787483,1.585));
#9594 = VECTOR('',#9595,1.);
#9595 = DIRECTION('',(-0.90800692221,-0.418955163734,0.));
#9596 = ORIENTED_EDGE('',*,*,#9597,.T.);
#9597 = EDGE_CURVE('',#9590,#9598,#9600,.T.);
#9598 = VERTEX_POINT('',#9599);
#9599 = CARTESIAN_POINT('',(93.792752,-44.821853,1.585));
#9600 = LINE('',#9601,#9602);
#9601 = CARTESIAN_POINT('',(94.01767,-44.823075,1.585));
#9602 = VECTOR('',#9603,1.);
#9603 = DIRECTION('',(-0.999985241087,5.433010984509E-03,0.));
#9604 = ORIENTED_EDGE('',*,*,#9605,.T.);
#9605 = EDGE_CURVE('',#9598,#9606,#9608,.T.);
#9606 = VERTEX_POINT('',#9607);
#9607 = CARTESIAN_POINT('',(93.548527,-44.573672,1.585));
#9608 = CIRCLE('',#9609,0.348628078749);
#9609 = AXIS2_PLACEMENT_3D('',#9610,#9611,#9612);
#9610 = CARTESIAN_POINT('',(93.885927030202,-44.48590664857,1.585));
#9611 = DIRECTION('',(0.,0.,-1.));
#9612 = DIRECTION('',(-0.26726197883,-0.963623907275,-0.));
#9613 = ORIENTED_EDGE('',*,*,#9614,.T.);
#9614 = EDGE_CURVE('',#9606,#9615,#9617,.T.);
#9615 = VERTEX_POINT('',#9616);
#9616 = CARTESIAN_POINT('',(93.549749,-44.301136,1.585));
#9617 = LINE('',#9618,#9619);
#9618 = CARTESIAN_POINT('',(93.548527,-44.573672,1.585));
#9619 = VECTOR('',#9620,1.);
#9620 = DIRECTION('',(4.483766241139E-03,0.99998994787,0.));
#9621 = ORIENTED_EDGE('',*,*,#9622,.T.);
#9622 = EDGE_CURVE('',#9615,#9623,#9625,.T.);
#9623 = VERTEX_POINT('',#9624);
#9624 = CARTESIAN_POINT('',(93.611953,-44.178423,1.585));
#9625 = LINE('',#9626,#9627);
#9626 = CARTESIAN_POINT('',(93.549749,-44.301136,1.585));
#9627 = VECTOR('',#9628,1.);
#9628 = DIRECTION('',(0.4521349062,0.891949565052,0.));
#9629 = ORIENTED_EDGE('',*,*,#9630,.T.);
#9630 = EDGE_CURVE('',#9623,#9481,#9631,.T.);
#9631 = LINE('',#9632,#9633);
#9632 = CARTESIAN_POINT('',(93.611953,-44.178423,1.585));
#9633 = VECTOR('',#9634,1.);
#9634 = DIRECTION('',(0.718400113328,0.695630129574,0.));
#9635 = FACE_BOUND('',#9636,.F.);
#9636 = EDGE_LOOP('',(#9637,#9648,#9656,#9665,#9673,#9682,#9690,#9699));
#9637 = ORIENTED_EDGE('',*,*,#9638,.T.);
#9638 = EDGE_CURVE('',#9639,#9641,#9643,.T.);
#9639 = VERTEX_POINT('',#9640);
#9640 = CARTESIAN_POINT('',(94.053849,-44.239727,1.585));
#9641 = VERTEX_POINT('',#9642);
#9642 = CARTESIAN_POINT('',(93.761751,-44.239727,1.585));
#9643 = CIRCLE('',#9644,0.252889603602);
#9644 = AXIS2_PLACEMENT_3D('',#9645,#9646,#9647);
#9645 = CARTESIAN_POINT('',(93.9078,-44.44618,1.585));
#9646 = DIRECTION('',(0.,0.,1.));
#9647 = DIRECTION('',(0.577520775547,0.816375988018,-0.));
#9648 = ORIENTED_EDGE('',*,*,#9649,.T.);
#9649 = EDGE_CURVE('',#9641,#9650,#9652,.T.);
#9650 = VERTEX_POINT('',#9651);
#9651 = CARTESIAN_POINT('',(93.731344,-44.270134,1.585));
#9652 = LINE('',#9653,#9654);
#9653 = CARTESIAN_POINT('',(93.761751,-44.239727,1.585));
#9654 = VECTOR('',#9655,1.);
#9655 = DIRECTION('',(-0.707106781187,-0.707106781187,0.));
#9656 = ORIENTED_EDGE('',*,*,#9657,.T.);
#9657 = EDGE_CURVE('',#9650,#9658,#9660,.T.);
#9658 = VERTEX_POINT('',#9659);
#9659 = CARTESIAN_POINT('',(93.731344,-44.609851,1.585));
#9660 = CIRCLE('',#9661,0.305621483548);
#9661 = AXIS2_PLACEMENT_3D('',#9662,#9663,#9664);
#9662 = CARTESIAN_POINT('',(93.985416,-44.4399925,1.585));
#9663 = DIRECTION('',(0.,0.,1.));
#9664 = DIRECTION('',(-0.831328992485,0.555780627814,0.));
#9665 = ORIENTED_EDGE('',*,*,#9666,.T.);
#9666 = EDGE_CURVE('',#9658,#9667,#9669,.T.);
#9667 = VERTEX_POINT('',#9668);
#9668 = CARTESIAN_POINT('',(93.761751,-44.640258,1.585));
#9669 = LINE('',#9670,#9671);
#9670 = CARTESIAN_POINT('',(93.731344,-44.609851,1.585));
#9671 = VECTOR('',#9672,1.);
#9672 = DIRECTION('',(0.707106781186,-0.707106781187,0.));
#9673 = ORIENTED_EDGE('',*,*,#9674,.T.);
#9674 = EDGE_CURVE('',#9667,#9675,#9677,.T.);
#9675 = VERTEX_POINT('',#9676);
#9676 = CARTESIAN_POINT('',(94.053849,-44.640258,1.585));
#9677 = CIRCLE('',#9678,0.252889603602);
#9678 = AXIS2_PLACEMENT_3D('',#9679,#9680,#9681);
#9679 = CARTESIAN_POINT('',(93.9078,-44.433805,1.585));
#9680 = DIRECTION('',(0.,0.,1.));
#9681 = DIRECTION('',(-0.577520775547,-0.816375988018,0.));
#9682 = ORIENTED_EDGE('',*,*,#9683,.T.);
#9683 = EDGE_CURVE('',#9675,#9684,#9686,.T.);
#9684 = VERTEX_POINT('',#9685);
#9685 = CARTESIAN_POINT('',(94.084256,-44.609851,1.585));
#9686 = LINE('',#9687,#9688);
#9687 = CARTESIAN_POINT('',(94.053849,-44.640258,1.585));
#9688 = VECTOR('',#9689,1.);
#9689 = DIRECTION('',(0.707106781186,0.707106781187,0.));
#9690 = ORIENTED_EDGE('',*,*,#9691,.T.);
#9691 = EDGE_CURVE('',#9684,#9692,#9694,.T.);
#9692 = VERTEX_POINT('',#9693);
#9693 = CARTESIAN_POINT('',(94.084256,-44.270134,1.585));
#9694 = CIRCLE('',#9695,0.305621483548);
#9695 = AXIS2_PLACEMENT_3D('',#9696,#9697,#9698);
#9696 = CARTESIAN_POINT('',(93.830184,-44.4399925,1.585));
#9697 = DIRECTION('',(0.,-0.,1.));
#9698 = DIRECTION('',(0.831328992485,-0.555780627814,-0.));
#9699 = ORIENTED_EDGE('',*,*,#9700,.T.);
#9700 = EDGE_CURVE('',#9692,#9639,#9701,.T.);
#9701 = LINE('',#9702,#9703);
#9702 = CARTESIAN_POINT('',(94.084256,-44.270134,1.585));
#9703 = VECTOR('',#9704,1.);
#9704 = DIRECTION('',(-0.707106781187,0.707106781187,0.));
#9705 = PLANE('',#9706);
#9706 = AXIS2_PLACEMENT_3D('',#9707,#9708,#9709);
#9707 = CARTESIAN_POINT('',(0.,0.,1.585));
#9708 = DIRECTION('',(0.,0.,1.));
#9709 = DIRECTION('',(1.,0.,-0.));
#9710 = SHELL_BASED_SURFACE_MODEL('',(#9711));
#9711 = OPEN_SHELL('',(#9712));
#9712 = ADVANCED_FACE('',(#9713,#9783),#9817,.T.);
#9713 = FACE_BOUND('',#9714,.F.);
#9714 = EDGE_LOOP('',(#9715,#9726,#9734,#9743,#9751,#9760,#9768,#9777));
#9715 = ORIENTED_EDGE('',*,*,#9716,.T.);
#9716 = EDGE_CURVE('',#9717,#9719,#9721,.T.);
#9717 = VERTEX_POINT('',#9718);
#9718 = CARTESIAN_POINT('',(91.478864,-42.806584,1.585));
#9719 = VERTEX_POINT('',#9720);
#9720 = CARTESIAN_POINT('',(91.5536,-42.74525,1.585));
#9721 = CIRCLE('',#9722,7.620164703096E-02);
#9722 = AXIS2_PLACEMENT_3D('',#9723,#9724,#9725);
#9723 = CARTESIAN_POINT('',(91.553601166673,-42.82145164702,1.585));
#9724 = DIRECTION('',(0.,0.,-1.));
#9725 = DIRECTION('',(-0.98078151306,0.195109260775,0.));
#9726 = ORIENTED_EDGE('',*,*,#9727,.T.);
#9727 = EDGE_CURVE('',#9719,#9728,#9730,.T.);
#9728 = VERTEX_POINT('',#9729);
#9729 = CARTESIAN_POINT('',(95.276866,-42.746714,1.585));
#9730 = LINE('',#9731,#9732);
#9731 = CARTESIAN_POINT('',(91.5536,-42.74525,1.585));
#9732 = VECTOR('',#9733,1.);
#9733 = DIRECTION('',(0.999999922696,-3.932031412274E-04,0.));
#9734 = ORIENTED_EDGE('',*,*,#9735,.T.);
#9735 = EDGE_CURVE('',#9728,#9736,#9738,.T.);
#9736 = VERTEX_POINT('',#9737);
#9737 = CARTESIAN_POINT('',(95.3382,-42.82145,1.585));
#9738 = CIRCLE('',#9739,7.620164703101E-02);
#9739 = AXIS2_PLACEMENT_3D('',#9740,#9741,#9742);
#9740 = CARTESIAN_POINT('',(95.261998352978,-42.82145116667,1.585));
#9741 = DIRECTION('',(0.,0.,-1.));
#9742 = DIRECTION('',(0.195109260775,0.98078151306,0.));
#9743 = ORIENTED_EDGE('',*,*,#9744,.T.);
#9744 = EDGE_CURVE('',#9736,#9745,#9747,.T.);
#9745 = VERTEX_POINT('',#9746);
#9746 = CARTESIAN_POINT('',(95.336736,-46.544716,1.585));
#9747 = LINE('',#9748,#9749);
#9748 = CARTESIAN_POINT('',(95.3382,-42.82145,1.585));
#9749 = VECTOR('',#9750,1.);
#9750 = DIRECTION('',(-3.932031412274E-04,-0.999999922696,0.));
#9751 = ORIENTED_EDGE('',*,*,#9752,.T.);
#9752 = EDGE_CURVE('',#9745,#9753,#9755,.T.);
#9753 = VERTEX_POINT('',#9754);
#9754 = CARTESIAN_POINT('',(95.262,-46.60605,1.585));
#9755 = CIRCLE('',#9756,7.620164703103E-02);
#9756 = AXIS2_PLACEMENT_3D('',#9757,#9758,#9759);
#9757 = CARTESIAN_POINT('',(95.261998833327,-46.52984835297,1.585));
#9758 = DIRECTION('',(0.,0.,-1.));
#9759 = DIRECTION('',(0.98078151306,-0.195109260775,0.));
#9760 = ORIENTED_EDGE('',*,*,#9761,.T.);
#9761 = EDGE_CURVE('',#9753,#9762,#9764,.T.);
#9762 = VERTEX_POINT('',#9763);
#9763 = CARTESIAN_POINT('',(91.538734,-46.604586,1.585));
#9764 = LINE('',#9765,#9766);
#9765 = CARTESIAN_POINT('',(95.262,-46.60605,1.585));
#9766 = VECTOR('',#9767,1.);
#9767 = DIRECTION('',(-0.999999922696,3.932031412293E-04,0.));
#9768 = ORIENTED_EDGE('',*,*,#9769,.T.);
#9769 = EDGE_CURVE('',#9762,#9770,#9772,.T.);
#9770 = VERTEX_POINT('',#9771);
#9771 = CARTESIAN_POINT('',(91.4774,-46.52985,1.585));
#9772 = CIRCLE('',#9773,7.620164703099E-02);
#9773 = AXIS2_PLACEMENT_3D('',#9774,#9775,#9776);
#9774 = CARTESIAN_POINT('',(91.553601647022,-46.52984883332,1.585));
#9775 = DIRECTION('',(0.,0.,-1.));
#9776 = DIRECTION('',(-0.195109260775,-0.98078151306,-0.));
#9777 = ORIENTED_EDGE('',*,*,#9778,.T.);
#9778 = EDGE_CURVE('',#9770,#9717,#9779,.T.);
#9779 = LINE('',#9780,#9781);
#9780 = CARTESIAN_POINT('',(91.4774,-46.52985,1.585));
#9781 = VECTOR('',#9782,1.);
#9782 = DIRECTION('',(3.932031412274E-04,0.999999922696,0.));
#9783 = FACE_BOUND('',#9784,.F.);
#9784 = EDGE_LOOP('',(#9785,#9795,#9803,#9811));
#9785 = ORIENTED_EDGE('',*,*,#9786,.T.);
#9786 = EDGE_CURVE('',#9787,#9789,#9791,.T.);
#9787 = VERTEX_POINT('',#9788);
#9788 = CARTESIAN_POINT('',(95.1858,-46.45365,1.585));
#9789 = VERTEX_POINT('',#9790);
#9790 = CARTESIAN_POINT('',(95.1858,-42.89765,1.585));
#9791 = LINE('',#9792,#9793);
#9792 = CARTESIAN_POINT('',(95.1858,-46.45365,1.585));
#9793 = VECTOR('',#9794,1.);
#9794 = DIRECTION('',(0.,1.,0.));
#9795 = ORIENTED_EDGE('',*,*,#9796,.T.);
#9796 = EDGE_CURVE('',#9789,#9797,#9799,.T.);
#9797 = VERTEX_POINT('',#9798);
#9798 = CARTESIAN_POINT('',(91.6298,-42.89765,1.585));
#9799 = LINE('',#9800,#9801);
#9800 = CARTESIAN_POINT('',(95.1858,-42.89765,1.585));
#9801 = VECTOR('',#9802,1.);
#9802 = DIRECTION('',(-1.,0.,0.));
#9803 = ORIENTED_EDGE('',*,*,#9804,.T.);
#9804 = EDGE_CURVE('',#9797,#9805,#9807,.T.);
#9805 = VERTEX_POINT('',#9806);
#9806 = CARTESIAN_POINT('',(91.6298,-46.45365,1.585));
#9807 = LINE('',#9808,#9809);
#9808 = CARTESIAN_POINT('',(91.6298,-42.89765,1.585));
#9809 = VECTOR('',#9810,1.);
#9810 = DIRECTION('',(0.,-1.,0.));
#9811 = ORIENTED_EDGE('',*,*,#9812,.T.);
#9812 = EDGE_CURVE('',#9805,#9787,#9813,.T.);
#9813 = LINE('',#9814,#9815);
#9814 = CARTESIAN_POINT('',(91.6298,-46.45365,1.585));
#9815 = VECTOR('',#9816,1.);
#9816 = DIRECTION('',(1.,0.,0.));
#9817 = PLANE('',#9818);
#9818 = AXIS2_PLACEMENT_3D('',#9819,#9820,#9821);
#9819 = CARTESIAN_POINT('',(0.,0.,1.585));
#9820 = DIRECTION('',(0.,0.,1.));
#9821 = DIRECTION('',(1.,0.,-0.));
#9822 = SHELL_BASED_SURFACE_MODEL('',(#9823));
#9823 = OPEN_SHELL('',(#9824));
#9824 = ADVANCED_FACE('',(#9825),#9861,.T.);
#9825 = FACE_BOUND('',#9826,.F.);
#9826 = EDGE_LOOP('',(#9827,#9838,#9846,#9855));
#9827 = ORIENTED_EDGE('',*,*,#9828,.T.);
#9828 = EDGE_CURVE('',#9829,#9831,#9833,.T.);
#9829 = VERTEX_POINT('',#9830);
#9830 = CARTESIAN_POINT('',(66.405736,-41.14565,1.585));
#9831 = VERTEX_POINT('',#9832);
#9832 = CARTESIAN_POINT('',(66.405736,-41.02565,1.585));
#9833 = CIRCLE('',#9834,6.000000000043E-02);
#9834 = AXIS2_PLACEMENT_3D('',#9835,#9836,#9837);
#9835 = CARTESIAN_POINT('',(66.405735774412,-41.08565,1.585));
#9836 = DIRECTION('',(0.,0.,-1.));
#9837 = DIRECTION('',(3.759794253684E-06,-0.999999999993,0.));
#9838 = ORIENTED_EDGE('',*,*,#9839,.T.);
#9839 = EDGE_CURVE('',#9831,#9840,#9842,.T.);
#9840 = VERTEX_POINT('',#9841);
#9841 = CARTESIAN_POINT('',(67.609864,-41.02565,1.585));
#9842 = LINE('',#9843,#9844);
#9843 = CARTESIAN_POINT('',(66.405736,-41.02565,1.585));
#9844 = VECTOR('',#9845,1.);
#9845 = DIRECTION('',(1.,0.,0.));
#9846 = ORIENTED_EDGE('',*,*,#9847,.T.);
#9847 = EDGE_CURVE('',#9840,#9848,#9850,.T.);
#9848 = VERTEX_POINT('',#9849);
#9849 = CARTESIAN_POINT('',(67.609864,-41.14565,1.585));
#9850 = CIRCLE('',#9851,6.000000000043E-02);
#9851 = AXIS2_PLACEMENT_3D('',#9852,#9853,#9854);
#9852 = CARTESIAN_POINT('',(67.609864225588,-41.08565,1.585));
#9853 = DIRECTION('',(0.,0.,-1.));
#9854 = DIRECTION('',(-3.759794016836E-06,0.999999999993,-0.));
#9855 = ORIENTED_EDGE('',*,*,#9856,.T.);
#9856 = EDGE_CURVE('',#9848,#9829,#9857,.T.);
#9857 = LINE('',#9858,#9859);
#9858 = CARTESIAN_POINT('',(67.609864,-41.14565,1.585));
#9859 = VECTOR('',#9860,1.);
#9860 = DIRECTION('',(-1.,0.,0.));
#9861 = PLANE('',#9862);
#9862 = AXIS2_PLACEMENT_3D('',#9863,#9864,#9865);
#9863 = CARTESIAN_POINT('',(0.,0.,1.585));
#9864 = DIRECTION('',(0.,0.,1.));
#9865 = DIRECTION('',(1.,0.,-0.));
#9866 = SHELL_BASED_SURFACE_MODEL('',(#9867));
#9867 = OPEN_SHELL('',(#9868));
#9868 = ADVANCED_FACE('',(#9869),#9905,.T.);
#9869 = FACE_BOUND('',#9870,.F.);
#9870 = EDGE_LOOP('',(#9871,#9882,#9890,#9899));
#9871 = ORIENTED_EDGE('',*,*,#9872,.T.);
#9872 = EDGE_CURVE('',#9873,#9875,#9877,.T.);
#9873 = VERTEX_POINT('',#9874);
#9874 = CARTESIAN_POINT('',(72.171548,-41.14565,1.585));
#9875 = VERTEX_POINT('',#9876);
#9876 = CARTESIAN_POINT('',(72.171548,-41.02565,1.585));
#9877 = CIRCLE('',#9878,6.000000000043E-02);
#9878 = AXIS2_PLACEMENT_3D('',#9879,#9880,#9881);
#9879 = CARTESIAN_POINT('',(72.171547774412,-41.08565,1.585));
#9880 = DIRECTION('',(0.,0.,-1.));
#9881 = DIRECTION('',(3.759794016836E-06,-0.999999999993,0.));
#9882 = ORIENTED_EDGE('',*,*,#9883,.T.);
#9883 = EDGE_CURVE('',#9875,#9884,#9886,.T.);
#9884 = VERTEX_POINT('',#9885);
#9885 = CARTESIAN_POINT('',(73.594052,-41.02565,1.585));
#9886 = LINE('',#9887,#9888);
#9887 = CARTESIAN_POINT('',(72.171548,-41.02565,1.585));
#9888 = VECTOR('',#9889,1.);
#9889 = DIRECTION('',(1.,0.,0.));
#9890 = ORIENTED_EDGE('',*,*,#9891,.T.);
#9891 = EDGE_CURVE('',#9884,#9892,#9894,.T.);
#9892 = VERTEX_POINT('',#9893);
#9893 = CARTESIAN_POINT('',(73.594052,-41.14565,1.585));
#9894 = CIRCLE('',#9895,6.000000000043E-02);
#9895 = AXIS2_PLACEMENT_3D('',#9896,#9897,#9898);
#9896 = CARTESIAN_POINT('',(73.594052225588,-41.08565,1.585));
#9897 = DIRECTION('',(0.,0.,-1.));
#9898 = DIRECTION('',(-3.759794016836E-06,0.999999999993,-0.));
#9899 = ORIENTED_EDGE('',*,*,#9900,.T.);
#9900 = EDGE_CURVE('',#9892,#9873,#9901,.T.);
#9901 = LINE('',#9902,#9903);
#9902 = CARTESIAN_POINT('',(73.594052,-41.14565,1.585));
#9903 = VECTOR('',#9904,1.);
#9904 = DIRECTION('',(-1.,0.,0.));
#9905 = PLANE('',#9906);
#9906 = AXIS2_PLACEMENT_3D('',#9907,#9908,#9909);
#9907 = CARTESIAN_POINT('',(0.,0.,1.585));
#9908 = DIRECTION('',(0.,0.,1.));
#9909 = DIRECTION('',(1.,0.,-0.));
#9910 = SHELL_BASED_SURFACE_MODEL('',(#9911));
#9911 = OPEN_SHELL('',(#9912));
#9912 = ADVANCED_FACE('',(#9913),#9949,.T.);
#9913 = FACE_BOUND('',#9914,.F.);
#9914 = EDGE_LOOP('',(#9915,#9926,#9934,#9943));
#9915 = ORIENTED_EDGE('',*,*,#9916,.T.);
#9916 = EDGE_CURVE('',#9917,#9919,#9921,.T.);
#9917 = VERTEX_POINT('',#9918);
#9918 = CARTESIAN_POINT('',(66.405736,-39.32565,1.585));
#9919 = VERTEX_POINT('',#9920);
#9920 = CARTESIAN_POINT('',(66.405736,-39.20565,1.585));
#9921 = CIRCLE('',#9922,6.000000000043E-02);
#9922 = AXIS2_PLACEMENT_3D('',#9923,#9924,#9925);
#9923 = CARTESIAN_POINT('',(66.405735774412,-39.26565,1.585));
#9924 = DIRECTION('',(0.,0.,-1.));
#9925 = DIRECTION('',(3.759794253683E-06,-0.999999999993,0.));
#9926 = ORIENTED_EDGE('',*,*,#9927,.T.);
#9927 = EDGE_CURVE('',#9919,#9928,#9930,.T.);
#9928 = VERTEX_POINT('',#9929);
#9929 = CARTESIAN_POINT('',(67.609864,-39.20565,1.585));
#9930 = LINE('',#9931,#9932);
#9931 = CARTESIAN_POINT('',(66.405736,-39.20565,1.585));
#9932 = VECTOR('',#9933,1.);
#9933 = DIRECTION('',(1.,0.,0.));
#9934 = ORIENTED_EDGE('',*,*,#9935,.T.);
#9935 = EDGE_CURVE('',#9928,#9936,#9938,.T.);
#9936 = VERTEX_POINT('',#9937);
#9937 = CARTESIAN_POINT('',(67.609864,-39.32565,1.585));
#9938 = CIRCLE('',#9939,6.000000000043E-02);
#9939 = AXIS2_PLACEMENT_3D('',#9940,#9941,#9942);
#9940 = CARTESIAN_POINT('',(67.609864225588,-39.26565,1.585));
#9941 = DIRECTION('',(0.,0.,-1.));
#9942 = DIRECTION('',(-3.759794016836E-06,0.999999999993,-0.));
#9943 = ORIENTED_EDGE('',*,*,#9944,.T.);
#9944 = EDGE_CURVE('',#9936,#9917,#9945,.T.);
#9945 = LINE('',#9946,#9947);
#9946 = CARTESIAN_POINT('',(67.609864,-39.32565,1.585));
#9947 = VECTOR('',#9948,1.);
#9948 = DIRECTION('',(-1.,0.,0.));
#9949 = PLANE('',#9950);
#9950 = AXIS2_PLACEMENT_3D('',#9951,#9952,#9953);
#9951 = CARTESIAN_POINT('',(0.,0.,1.585));
#9952 = DIRECTION('',(0.,0.,1.));
#9953 = DIRECTION('',(1.,0.,-0.));
#9954 = SHELL_BASED_SURFACE_MODEL('',(#9955));
#9955 = OPEN_SHELL('',(#9956));
#9956 = ADVANCED_FACE('',(#9957),#9993,.T.);
#9957 = FACE_BOUND('',#9958,.F.);
#9958 = EDGE_LOOP('',(#9959,#9970,#9978,#9987));
#9959 = ORIENTED_EDGE('',*,*,#9960,.T.);
#9960 = EDGE_CURVE('',#9961,#9963,#9965,.T.);
#9961 = VERTEX_POINT('',#9962);
#9962 = CARTESIAN_POINT('',(72.171548,-39.32565,1.585));
#9963 = VERTEX_POINT('',#9964);
#9964 = CARTESIAN_POINT('',(72.171548,-39.20565,1.585));
#9965 = CIRCLE('',#9966,6.000000000043E-02);
#9966 = AXIS2_PLACEMENT_3D('',#9967,#9968,#9969);
#9967 = CARTESIAN_POINT('',(72.171547774412,-39.26565,1.585));
#9968 = DIRECTION('',(0.,0.,-1.));
#9969 = DIRECTION('',(3.759794016836E-06,-0.999999999993,0.));
#9970 = ORIENTED_EDGE('',*,*,#9971,.T.);
#9971 = EDGE_CURVE('',#9963,#9972,#9974,.T.);
#9972 = VERTEX_POINT('',#9973);
#9973 = CARTESIAN_POINT('',(73.594052,-39.20565,1.585));
#9974 = LINE('',#9975,#9976);
#9975 = CARTESIAN_POINT('',(72.171548,-39.20565,1.585));
#9976 = VECTOR('',#9977,1.);
#9977 = DIRECTION('',(1.,0.,0.));
#9978 = ORIENTED_EDGE('',*,*,#9979,.T.);
#9979 = EDGE_CURVE('',#9972,#9980,#9982,.T.);
#9980 = VERTEX_POINT('',#9981);
#9981 = CARTESIAN_POINT('',(73.594052,-39.32565,1.585));
#9982 = CIRCLE('',#9983,6.000000000043E-02);
#9983 = AXIS2_PLACEMENT_3D('',#9984,#9985,#9986);
#9984 = CARTESIAN_POINT('',(73.594052225588,-39.26565,1.585));
#9985 = DIRECTION('',(0.,0.,-1.));
#9986 = DIRECTION('',(-3.759794016836E-06,0.999999999993,-0.));
#9987 = ORIENTED_EDGE('',*,*,#9988,.T.);
#9988 = EDGE_CURVE('',#9980,#9961,#9989,.T.);
#9989 = LINE('',#9990,#9991);
#9990 = CARTESIAN_POINT('',(73.594052,-39.32565,1.585));
#9991 = VECTOR('',#9992,1.);
#9992 = DIRECTION('',(-1.,0.,0.));
#9993 = PLANE('',#9994);
#9994 = AXIS2_PLACEMENT_3D('',#9995,#9996,#9997);
#9995 = CARTESIAN_POINT('',(0.,0.,1.585));
#9996 = DIRECTION('',(0.,0.,1.));
#9997 = DIRECTION('',(1.,0.,-0.));
#9998 = ( GEOMETRIC_REPRESENTATION_CONTEXT(3) 
GLOBAL_UNCERTAINTY_ASSIGNED_CONTEXT((#10002)) 
GLOBAL_UNIT_ASSIGNED_CONTEXT((#9999,#10000,#10001)) 
REPRESENTATION_CONTEXT('Context #1',
  '3D Context with UNIT and UNCERTAINTY') );
#9999 = ( LENGTH_UNIT() NAMED_UNIT(*) SI_UNIT(.MILLI.,.METRE.) );
#10000 = ( NAMED_UNIT(*) PLANE_ANGLE_UNIT() SI_UNIT($,.RADIAN.) );
#10001 = ( NAMED_UNIT(*) SI_UNIT($,.STERADIAN.) SOLID_ANGLE_UNIT() );
#10002 = UNCERTAINTY_MEASURE_WITH_UNIT(LENGTH_MEASURE(1.E-07),#9999,
  'distance_accuracy_value','confusion accuracy');
#10003 = CONTEXT_DEPENDENT_SHAPE_REPRESENTATION(#10004,#10006);
#10004 = ( REPRESENTATION_RELATIONSHIP('','',#8015,#10) 
REPRESENTATION_RELATIONSHIP_WITH_TRANSFORMATION(#10005) 
SHAPE_REPRESENTATION_RELATIONSHIP() );
#10005 = ITEM_DEFINED_TRANSFORMATION('','',#11,#35);
#10006 = PRODUCT_DEFINITION_SHAPE('Placement','Placement of an item',
  #10007);
#10007 = NEXT_ASSEMBLY_USAGE_OCCURRENCE('6','=>[0:1:1:7]','',#5,#8010,$
  );
#10008 = PRODUCT_RELATED_PRODUCT_CATEGORY('part',$,(#8012));
#10009 = SHAPE_DEFINITION_REPRESENTATION(#10010,#10016);
#10010 = PRODUCT_DEFINITION_SHAPE('','',#10011);
#10011 = PRODUCT_DEFINITION('design','',#10012,#10015);
#10012 = PRODUCT_DEFINITION_FORMATION('','',#10013);
#10013 = PRODUCT('rollhooplight_RSL_PCB_PCB','rollhooplight_RSL_PCB_PCB'
  ,'',(#10014));
#10014 = PRODUCT_CONTEXT('',#2,'mechanical');
#10015 = PRODUCT_DEFINITION_CONTEXT('part definition',#2,'design');
#10016 = ADVANCED_BREP_SHAPE_REPRESENTATION('',(#11,#10017),#10323);
#10017 = MANIFOLD_SOLID_BREP('',#10018);
#10018 = CLOSED_SHELL('',(#10019,#10059,#10090,#10121,#10182,#10243,
    #10255,#10272,#10289,#10306));
#10019 = ADVANCED_FACE('',(#10020),#10054,.T.);
#10020 = FACE_BOUND('',#10021,.T.);
#10021 = EDGE_LOOP('',(#10022,#10032,#10040,#10048));
#10022 = ORIENTED_EDGE('',*,*,#10023,.T.);
#10023 = EDGE_CURVE('',#10024,#10026,#10028,.T.);
#10024 = VERTEX_POINT('',#10025);
#10025 = CARTESIAN_POINT('',(103.5,-50.,0.));
#10026 = VERTEX_POINT('',#10027);
#10027 = CARTESIAN_POINT('',(103.5,-50.,1.51));
#10028 = LINE('',#10029,#10030);
#10029 = CARTESIAN_POINT('',(103.5,-50.,0.));
#10030 = VECTOR('',#10031,1.);
#10031 = DIRECTION('',(0.,0.,1.));
#10032 = ORIENTED_EDGE('',*,*,#10033,.T.);
#10033 = EDGE_CURVE('',#10026,#10034,#10036,.T.);
#10034 = VERTEX_POINT('',#10035);
#10035 = CARTESIAN_POINT('',(61.,-50.,1.51));
#10036 = LINE('',#10037,#10038);
#10037 = CARTESIAN_POINT('',(103.5,-50.,1.51));
#10038 = VECTOR('',#10039,1.);
#10039 = DIRECTION('',(-1.,0.,0.));
#10040 = ORIENTED_EDGE('',*,*,#10041,.F.);
#10041 = EDGE_CURVE('',#10042,#10034,#10044,.T.);
#10042 = VERTEX_POINT('',#10043);
#10043 = CARTESIAN_POINT('',(61.,-50.,0.));
#10044 = LINE('',#10045,#10046);
#10045 = CARTESIAN_POINT('',(61.,-50.,0.));
#10046 = VECTOR('',#10047,1.);
#10047 = DIRECTION('',(0.,0.,1.));
#10048 = ORIENTED_EDGE('',*,*,#10049,.F.);
#10049 = EDGE_CURVE('',#10024,#10042,#10050,.T.);
#10050 = LINE('',#10051,#10052);
#10051 = CARTESIAN_POINT('',(103.5,-50.,0.));
#10052 = VECTOR('',#10053,1.);
#10053 = DIRECTION('',(-1.,0.,0.));
#10054 = PLANE('',#10055);
#10055 = AXIS2_PLACEMENT_3D('',#10056,#10057,#10058);
#10056 = CARTESIAN_POINT('',(103.5,-50.,0.));
#10057 = DIRECTION('',(0.,-1.,0.));
#10058 = DIRECTION('',(-1.,0.,0.));
#10059 = ADVANCED_FACE('',(#10060),#10085,.T.);
#10060 = FACE_BOUND('',#10061,.T.);
#10061 = EDGE_LOOP('',(#10062,#10072,#10078,#10079));
#10062 = ORIENTED_EDGE('',*,*,#10063,.T.);
#10063 = EDGE_CURVE('',#10064,#10066,#10068,.T.);
#10064 = VERTEX_POINT('',#10065);
#10065 = CARTESIAN_POINT('',(103.5,-38.5,0.));
#10066 = VERTEX_POINT('',#10067);
#10067 = CARTESIAN_POINT('',(103.5,-38.5,1.51));
#10068 = LINE('',#10069,#10070);
#10069 = CARTESIAN_POINT('',(103.5,-38.5,0.));
#10070 = VECTOR('',#10071,1.);
#10071 = DIRECTION('',(0.,0.,1.));
#10072 = ORIENTED_EDGE('',*,*,#10073,.T.);
#10073 = EDGE_CURVE('',#10066,#10026,#10074,.T.);
#10074 = LINE('',#10075,#10076);
#10075 = CARTESIAN_POINT('',(103.5,-38.5,1.51));
#10076 = VECTOR('',#10077,1.);
#10077 = DIRECTION('',(0.,-1.,0.));
#10078 = ORIENTED_EDGE('',*,*,#10023,.F.);
#10079 = ORIENTED_EDGE('',*,*,#10080,.F.);
#10080 = EDGE_CURVE('',#10064,#10024,#10081,.T.);
#10081 = LINE('',#10082,#10083);
#10082 = CARTESIAN_POINT('',(103.5,-38.5,0.));
#10083 = VECTOR('',#10084,1.);
#10084 = DIRECTION('',(0.,-1.,0.));
#10085 = PLANE('',#10086);
#10086 = AXIS2_PLACEMENT_3D('',#10087,#10088,#10089);
#10087 = CARTESIAN_POINT('',(103.5,-38.5,0.));
#10088 = DIRECTION('',(1.,0.,-0.));
#10089 = DIRECTION('',(0.,-1.,0.));
#10090 = ADVANCED_FACE('',(#10091),#10116,.T.);
#10091 = FACE_BOUND('',#10092,.T.);
#10092 = EDGE_LOOP('',(#10093,#10094,#10102,#10110));
#10093 = ORIENTED_EDGE('',*,*,#10041,.T.);
#10094 = ORIENTED_EDGE('',*,*,#10095,.T.);
#10095 = EDGE_CURVE('',#10034,#10096,#10098,.T.);
#10096 = VERTEX_POINT('',#10097);
#10097 = CARTESIAN_POINT('',(61.,-38.5,1.51));
#10098 = LINE('',#10099,#10100);
#10099 = CARTESIAN_POINT('',(61.,-50.,1.51));
#10100 = VECTOR('',#10101,1.);
#10101 = DIRECTION('',(0.,1.,0.));
#10102 = ORIENTED_EDGE('',*,*,#10103,.F.);
#10103 = EDGE_CURVE('',#10104,#10096,#10106,.T.);
#10104 = VERTEX_POINT('',#10105);
#10105 = CARTESIAN_POINT('',(61.,-38.5,0.));
#10106 = LINE('',#10107,#10108);
#10107 = CARTESIAN_POINT('',(61.,-38.5,0.));
#10108 = VECTOR('',#10109,1.);
#10109 = DIRECTION('',(0.,0.,1.));
#10110 = ORIENTED_EDGE('',*,*,#10111,.F.);
#10111 = EDGE_CURVE('',#10042,#10104,#10112,.T.);
#10112 = LINE('',#10113,#10114);
#10113 = CARTESIAN_POINT('',(61.,-50.,0.));
#10114 = VECTOR('',#10115,1.);
#10115 = DIRECTION('',(0.,1.,0.));
#10116 = PLANE('',#10117);
#10117 = AXIS2_PLACEMENT_3D('',#10118,#10119,#10120);
#10118 = CARTESIAN_POINT('',(61.,-50.,0.));
#10119 = DIRECTION('',(-1.,0.,0.));
#10120 = DIRECTION('',(0.,1.,0.));
#10121 = ADVANCED_FACE('',(#10122,#10133,#10144,#10155,#10166),#10177,
  .F.);
#10122 = FACE_BOUND('',#10123,.F.);
#10123 = EDGE_LOOP('',(#10124,#10125,#10126,#10132));
#10124 = ORIENTED_EDGE('',*,*,#10049,.F.);
#10125 = ORIENTED_EDGE('',*,*,#10080,.F.);
#10126 = ORIENTED_EDGE('',*,*,#10127,.F.);
#10127 = EDGE_CURVE('',#10104,#10064,#10128,.T.);
#10128 = LINE('',#10129,#10130);
#10129 = CARTESIAN_POINT('',(61.,-38.5,0.));
#10130 = VECTOR('',#10131,1.);
#10131 = DIRECTION('',(1.,0.,0.));
#10132 = ORIENTED_EDGE('',*,*,#10111,.F.);
#10133 = FACE_BOUND('',#10134,.F.);
#10134 = EDGE_LOOP('',(#10135));
#10135 = ORIENTED_EDGE('',*,*,#10136,.T.);
#10136 = EDGE_CURVE('',#10137,#10137,#10139,.T.);
#10137 = VERTEX_POINT('',#10138);
#10138 = CARTESIAN_POINT('',(69.4078,-45.77565,0.));
#10139 = CIRCLE('',#10140,1.1);
#10140 = AXIS2_PLACEMENT_3D('',#10141,#10142,#10143);
#10141 = CARTESIAN_POINT('',(69.4078,-44.67565,0.));
#10142 = DIRECTION('',(-0.,0.,-1.));
#10143 = DIRECTION('',(-1.2918958832E-14,-1.,0.));
#10144 = FACE_BOUND('',#10145,.F.);
#10145 = EDGE_LOOP('',(#10146));
#10146 = ORIENTED_EDGE('',*,*,#10147,.T.);
#10147 = EDGE_CURVE('',#10148,#10148,#10150,.T.);
#10148 = VERTEX_POINT('',#10149);
#10149 = CARTESIAN_POINT('',(98.,-47.6,0.));
#10150 = CIRCLE('',#10151,1.1);
#10151 = AXIS2_PLACEMENT_3D('',#10152,#10153,#10154);
#10152 = CARTESIAN_POINT('',(98.,-46.5,0.));
#10153 = DIRECTION('',(-0.,0.,-1.));
#10154 = DIRECTION('',(-0.,-1.,0.));
#10155 = FACE_BOUND('',#10156,.F.);
#10156 = EDGE_LOOP('',(#10157));
#10157 = ORIENTED_EDGE('',*,*,#10158,.T.);
#10158 = EDGE_CURVE('',#10159,#10159,#10161,.T.);
#10159 = VERTEX_POINT('',#10160);
#10160 = CARTESIAN_POINT('',(64.,-45.1,0.));
#10161 = CIRCLE('',#10162,1.1);
#10162 = AXIS2_PLACEMENT_3D('',#10163,#10164,#10165);
#10163 = CARTESIAN_POINT('',(64.,-44.,0.));
#10164 = DIRECTION('',(-0.,0.,-1.));
#10165 = DIRECTION('',(-0.,-1.,0.));
#10166 = FACE_BOUND('',#10167,.F.);
#10167 = EDGE_LOOP('',(#10168));
#10168 = ORIENTED_EDGE('',*,*,#10169,.T.);
#10169 = EDGE_CURVE('',#10170,#10170,#10172,.T.);
#10170 = VERTEX_POINT('',#10171);
#10171 = CARTESIAN_POINT('',(100.5,-43.1,0.));
#10172 = CIRCLE('',#10173,1.1);
#10173 = AXIS2_PLACEMENT_3D('',#10174,#10175,#10176);
#10174 = CARTESIAN_POINT('',(100.5,-42.,0.));
#10175 = DIRECTION('',(-0.,0.,-1.));
#10176 = DIRECTION('',(-0.,-1.,0.));
#10177 = PLANE('',#10178);
#10178 = AXIS2_PLACEMENT_3D('',#10179,#10180,#10181);
#10179 = CARTESIAN_POINT('',(0.,0.,0.));
#10180 = DIRECTION('',(0.,0.,1.));
#10181 = DIRECTION('',(1.,0.,-0.));
#10182 = ADVANCED_FACE('',(#10183,#10194,#10205,#10216,#10227),#10238,
  .T.);
#10183 = FACE_BOUND('',#10184,.T.);
#10184 = EDGE_LOOP('',(#10185,#10186,#10187,#10193));
#10185 = ORIENTED_EDGE('',*,*,#10033,.F.);
#10186 = ORIENTED_EDGE('',*,*,#10073,.F.);
#10187 = ORIENTED_EDGE('',*,*,#10188,.F.);
#10188 = EDGE_CURVE('',#10096,#10066,#10189,.T.);
#10189 = LINE('',#10190,#10191);
#10190 = CARTESIAN_POINT('',(61.,-38.5,1.51));
#10191 = VECTOR('',#10192,1.);
#10192 = DIRECTION('',(1.,0.,0.));
#10193 = ORIENTED_EDGE('',*,*,#10095,.F.);
#10194 = FACE_BOUND('',#10195,.T.);
#10195 = EDGE_LOOP('',(#10196));
#10196 = ORIENTED_EDGE('',*,*,#10197,.T.);
#10197 = EDGE_CURVE('',#10198,#10198,#10200,.T.);
#10198 = VERTEX_POINT('',#10199);
#10199 = CARTESIAN_POINT('',(69.4078,-45.77565,1.51));
#10200 = CIRCLE('',#10201,1.1);
#10201 = AXIS2_PLACEMENT_3D('',#10202,#10203,#10204);
#10202 = CARTESIAN_POINT('',(69.4078,-44.67565,1.51));
#10203 = DIRECTION('',(-0.,0.,-1.));
#10204 = DIRECTION('',(-1.2918958832E-14,-1.,0.));
#10205 = FACE_BOUND('',#10206,.T.);
#10206 = EDGE_LOOP('',(#10207));
#10207 = ORIENTED_EDGE('',*,*,#10208,.T.);
#10208 = EDGE_CURVE('',#10209,#10209,#10211,.T.);
#10209 = VERTEX_POINT('',#10210);
#10210 = CARTESIAN_POINT('',(98.,-47.6,1.51));
#10211 = CIRCLE('',#10212,1.1);
#10212 = AXIS2_PLACEMENT_3D('',#10213,#10214,#10215);
#10213 = CARTESIAN_POINT('',(98.,-46.5,1.51));
#10214 = DIRECTION('',(-0.,0.,-1.));
#10215 = DIRECTION('',(-0.,-1.,0.));
#10216 = FACE_BOUND('',#10217,.T.);
#10217 = EDGE_LOOP('',(#10218));
#10218 = ORIENTED_EDGE('',*,*,#10219,.T.);
#10219 = EDGE_CURVE('',#10220,#10220,#10222,.T.);
#10220 = VERTEX_POINT('',#10221);
#10221 = CARTESIAN_POINT('',(64.,-45.1,1.51));
#10222 = CIRCLE('',#10223,1.1);
#10223 = AXIS2_PLACEMENT_3D('',#10224,#10225,#10226);
#10224 = CARTESIAN_POINT('',(64.,-44.,1.51));
#10225 = DIRECTION('',(-0.,0.,-1.));
#10226 = DIRECTION('',(-0.,-1.,0.));
#10227 = FACE_BOUND('',#10228,.T.);
#10228 = EDGE_LOOP('',(#10229));
#10229 = ORIENTED_EDGE('',*,*,#10230,.T.);
#10230 = EDGE_CURVE('',#10231,#10231,#10233,.T.);
#10231 = VERTEX_POINT('',#10232);
#10232 = CARTESIAN_POINT('',(100.5,-43.1,1.51));
#10233 = CIRCLE('',#10234,1.1);
#10234 = AXIS2_PLACEMENT_3D('',#10235,#10236,#10237);
#10235 = CARTESIAN_POINT('',(100.5,-42.,1.51));
#10236 = DIRECTION('',(-0.,0.,-1.));
#10237 = DIRECTION('',(-0.,-1.,0.));
#10238 = PLANE('',#10239);
#10239 = AXIS2_PLACEMENT_3D('',#10240,#10241,#10242);
#10240 = CARTESIAN_POINT('',(0.,0.,1.51));
#10241 = DIRECTION('',(0.,0.,1.));
#10242 = DIRECTION('',(1.,0.,-0.));
#10243 = ADVANCED_FACE('',(#10244),#10250,.T.);
#10244 = FACE_BOUND('',#10245,.T.);
#10245 = EDGE_LOOP('',(#10246,#10247,#10248,#10249));
#10246 = ORIENTED_EDGE('',*,*,#10103,.T.);
#10247 = ORIENTED_EDGE('',*,*,#10188,.T.);
#10248 = ORIENTED_EDGE('',*,*,#10063,.F.);
#10249 = ORIENTED_EDGE('',*,*,#10127,.F.);
#10250 = PLANE('',#10251);
#10251 = AXIS2_PLACEMENT_3D('',#10252,#10253,#10254);
#10252 = CARTESIAN_POINT('',(61.,-38.5,0.));
#10253 = DIRECTION('',(0.,1.,0.));
#10254 = DIRECTION('',(1.,0.,0.));
#10255 = ADVANCED_FACE('',(#10256),#10267,.F.);
#10256 = FACE_BOUND('',#10257,.T.);
#10257 = EDGE_LOOP('',(#10258,#10259,#10265,#10266));
#10258 = ORIENTED_EDGE('',*,*,#10136,.T.);
#10259 = ORIENTED_EDGE('',*,*,#10260,.T.);
#10260 = EDGE_CURVE('',#10137,#10198,#10261,.T.);
#10261 = LINE('',#10262,#10263);
#10262 = CARTESIAN_POINT('',(69.4078,-45.77565,-4.6E-02));
#10263 = VECTOR('',#10264,1.);
#10264 = DIRECTION('',(0.,0.,1.));
#10265 = ORIENTED_EDGE('',*,*,#10197,.F.);
#10266 = ORIENTED_EDGE('',*,*,#10260,.F.);
#10267 = CYLINDRICAL_SURFACE('',#10268,1.1);
#10268 = AXIS2_PLACEMENT_3D('',#10269,#10270,#10271);
#10269 = CARTESIAN_POINT('',(69.4078,-44.67565,-4.6E-02));
#10270 = DIRECTION('',(-0.,-0.,-1.));
#10271 = DIRECTION('',(-1.2918958832E-14,-1.,0.));
#10272 = ADVANCED_FACE('',(#10273),#10284,.F.);
#10273 = FACE_BOUND('',#10274,.T.);
#10274 = EDGE_LOOP('',(#10275,#10276,#10282,#10283));
#10275 = ORIENTED_EDGE('',*,*,#10147,.T.);
#10276 = ORIENTED_EDGE('',*,*,#10277,.T.);
#10277 = EDGE_CURVE('',#10148,#10209,#10278,.T.);
#10278 = LINE('',#10279,#10280);
#10279 = CARTESIAN_POINT('',(98.,-47.6,-4.6E-02));
#10280 = VECTOR('',#10281,1.);
#10281 = DIRECTION('',(0.,0.,1.));
#10282 = ORIENTED_EDGE('',*,*,#10208,.F.);
#10283 = ORIENTED_EDGE('',*,*,#10277,.F.);
#10284 = CYLINDRICAL_SURFACE('',#10285,1.1);
#10285 = AXIS2_PLACEMENT_3D('',#10286,#10287,#10288);
#10286 = CARTESIAN_POINT('',(98.,-46.5,-4.6E-02));
#10287 = DIRECTION('',(-0.,-0.,-1.));
#10288 = DIRECTION('',(-0.,-1.,0.));
#10289 = ADVANCED_FACE('',(#10290),#10301,.F.);
#10290 = FACE_BOUND('',#10291,.T.);
#10291 = EDGE_LOOP('',(#10292,#10293,#10299,#10300));
#10292 = ORIENTED_EDGE('',*,*,#10158,.T.);
#10293 = ORIENTED_EDGE('',*,*,#10294,.T.);
#10294 = EDGE_CURVE('',#10159,#10220,#10295,.T.);
#10295 = LINE('',#10296,#10297);
#10296 = CARTESIAN_POINT('',(64.,-45.1,-4.6E-02));
#10297 = VECTOR('',#10298,1.);
#10298 = DIRECTION('',(0.,0.,1.));
#10299 = ORIENTED_EDGE('',*,*,#10219,.F.);
#10300 = ORIENTED_EDGE('',*,*,#10294,.F.);
#10301 = CYLINDRICAL_SURFACE('',#10302,1.1);
#10302 = AXIS2_PLACEMENT_3D('',#10303,#10304,#10305);
#10303 = CARTESIAN_POINT('',(64.,-44.,-4.6E-02));
#10304 = DIRECTION('',(-0.,-0.,-1.));
#10305 = DIRECTION('',(-0.,-1.,0.));
#10306 = ADVANCED_FACE('',(#10307),#10318,.F.);
#10307 = FACE_BOUND('',#10308,.T.);
#10308 = EDGE_LOOP('',(#10309,#10310,#10316,#10317));
#10309 = ORIENTED_EDGE('',*,*,#10169,.T.);
#10310 = ORIENTED_EDGE('',*,*,#10311,.T.);
#10311 = EDGE_CURVE('',#10170,#10231,#10312,.T.);
#10312 = LINE('',#10313,#10314);
#10313 = CARTESIAN_POINT('',(100.5,-43.1,-4.6E-02));
#10314 = VECTOR('',#10315,1.);
#10315 = DIRECTION('',(0.,0.,1.));
#10316 = ORIENTED_EDGE('',*,*,#10230,.F.);
#10317 = ORIENTED_EDGE('',*,*,#10311,.F.);
#10318 = CYLINDRICAL_SURFACE('',#10319,1.1);
#10319 = AXIS2_PLACEMENT_3D('',#10320,#10321,#10322);
#10320 = CARTESIAN_POINT('',(100.5,-42.,-4.6E-02));
#10321 = DIRECTION('',(-0.,-0.,-1.));
#10322 = DIRECTION('',(-0.,-1.,0.));
#10323 = ( GEOMETRIC_REPRESENTATION_CONTEXT(3) 
GLOBAL_UNCERTAINTY_ASSIGNED_CONTEXT((#10327)) 
GLOBAL_UNIT_ASSIGNED_CONTEXT((#10324,#10325,#10326)) 
REPRESENTATION_CONTEXT('Context #1',
  '3D Context with UNIT and UNCERTAINTY') );
#10324 = ( LENGTH_UNIT() NAMED_UNIT(*) SI_UNIT(.MILLI.,.METRE.) );
#10325 = ( NAMED_UNIT(*) PLANE_ANGLE_UNIT() SI_UNIT($,.RADIAN.) );
#10326 = ( NAMED_UNIT(*) SI_UNIT($,.STERADIAN.) SOLID_ANGLE_UNIT() );
#10327 = UNCERTAINTY_MEASURE_WITH_UNIT(LENGTH_MEASURE(1.E-07),#10324,
  'distance_accuracy_value','confusion accuracy');
#10328 = CONTEXT_DEPENDENT_SHAPE_REPRESENTATION(#10329,#10331);
#10329 = ( REPRESENTATION_RELATIONSHIP('','',#10016,#10) 
REPRESENTATION_RELATIONSHIP_WITH_TRANSFORMATION(#10330) 
SHAPE_REPRESENTATION_RELATIONSHIP() );
#10330 = ITEM_DEFINED_TRANSFORMATION('','',#11,#39);
#10331 = PRODUCT_DEFINITION_SHAPE('Placement','Placement of an item',
  #10332);
#10332 = NEXT_ASSEMBLY_USAGE_OCCURRENCE('7','=>[0:1:1:8]','',#5,#10011,$
  );
#10333 = PRODUCT_RELATED_PRODUCT_CATEGORY('part',$,(#10013));
#10334 = MECHANICAL_DESIGN_GEOMETRIC_PRESENTATION_REPRESENTATION('',(
    #10335,#10345,#10354,#10363,#10372,#10381,#10390,#10399,#10408,
    #10417,#10426,#10435,#10444,#10453,#10462,#10471),#9998);
#10335 = STYLED_ITEM('color',(#10336),#8018);
#10336 = PRESENTATION_STYLE_ASSIGNMENT((#10337));
#10337 = SURFACE_STYLE_USAGE(.BOTH.,#10338);
#10338 = SURFACE_SIDE_STYLE('',(#10339,#10343));
#10339 = SURFACE_STYLE_FILL_AREA(#10340);
#10340 = FILL_AREA_STYLE('',(#10341));
#10341 = FILL_AREA_STYLE_COLOUR('',#10342);
#10342 = DRAUGHTING_PRE_DEFINED_COLOUR('white');
#10343 = SURFACE_STYLE_RENDERING_WITH_PROPERTIES(.NORMAL_SHADING.,#10342
  ,(#10344));
#10344 = SURFACE_STYLE_TRANSPARENT(0.100000023842);
#10345 = STYLED_ITEM('color',(#10346),#8112);
#10346 = PRESENTATION_STYLE_ASSIGNMENT((#10347));
#10347 = SURFACE_STYLE_USAGE(.BOTH.,#10348);
#10348 = SURFACE_SIDE_STYLE('',(#10349,#10352));
#10349 = SURFACE_STYLE_FILL_AREA(#10350);
#10350 = FILL_AREA_STYLE('',(#10351));
#10351 = FILL_AREA_STYLE_COLOUR('',#10342);
#10352 = SURFACE_STYLE_RENDERING_WITH_PROPERTIES(.NORMAL_SHADING.,#10342
  ,(#10353));
#10353 = SURFACE_STYLE_TRANSPARENT(0.100000023842);
#10354 = STYLED_ITEM('color',(#10355),#8164);
#10355 = PRESENTATION_STYLE_ASSIGNMENT((#10356));
#10356 = SURFACE_STYLE_USAGE(.BOTH.,#10357);
#10357 = SURFACE_SIDE_STYLE('',(#10358,#10361));
#10358 = SURFACE_STYLE_FILL_AREA(#10359);
#10359 = FILL_AREA_STYLE('',(#10360));
#10360 = FILL_AREA_STYLE_COLOUR('',#10342);
#10361 = SURFACE_STYLE_RENDERING_WITH_PROPERTIES(.NORMAL_SHADING.,#10342
  ,(#10362));
#10362 = SURFACE_STYLE_TRANSPARENT(0.100000023842);
#10363 = STYLED_ITEM('color',(#10364),#8216);
#10364 = PRESENTATION_STYLE_ASSIGNMENT((#10365));
#10365 = SURFACE_STYLE_USAGE(.BOTH.,#10366);
#10366 = SURFACE_SIDE_STYLE('',(#10367,#10370));
#10367 = SURFACE_STYLE_FILL_AREA(#10368);
#10368 = FILL_AREA_STYLE('',(#10369));
#10369 = FILL_AREA_STYLE_COLOUR('',#10342);
#10370 = SURFACE_STYLE_RENDERING_WITH_PROPERTIES(.NORMAL_SHADING.,#10342
  ,(#10371));
#10371 = SURFACE_STYLE_TRANSPARENT(0.100000023842);
#10372 = STYLED_ITEM('color',(#10373),#8423);
#10373 = PRESENTATION_STYLE_ASSIGNMENT((#10374));
#10374 = SURFACE_STYLE_USAGE(.BOTH.,#10375);
#10375 = SURFACE_SIDE_STYLE('',(#10376,#10379));
#10376 = SURFACE_STYLE_FILL_AREA(#10377);
#10377 = FILL_AREA_STYLE('',(#10378));
#10378 = FILL_AREA_STYLE_COLOUR('',#10342);
#10379 = SURFACE_STYLE_RENDERING_WITH_PROPERTIES(.NORMAL_SHADING.,#10342
  ,(#10380));
#10380 = SURFACE_STYLE_TRANSPARENT(0.100000023842);
#10381 = STYLED_ITEM('color',(#10382),#8617);
#10382 = PRESENTATION_STYLE_ASSIGNMENT((#10383));
#10383 = SURFACE_STYLE_USAGE(.BOTH.,#10384);
#10384 = SURFACE_SIDE_STYLE('',(#10385,#10388));
#10385 = SURFACE_STYLE_FILL_AREA(#10386);
#10386 = FILL_AREA_STYLE('',(#10387));
#10387 = FILL_AREA_STYLE_COLOUR('',#10342);
#10388 = SURFACE_STYLE_RENDERING_WITH_PROPERTIES(.NORMAL_SHADING.,#10342
  ,(#10389));
#10389 = SURFACE_STYLE_TRANSPARENT(0.100000023842);
#10390 = STYLED_ITEM('color',(#10391),#8729);
#10391 = PRESENTATION_STYLE_ASSIGNMENT((#10392));
#10392 = SURFACE_STYLE_USAGE(.BOTH.,#10393);
#10393 = SURFACE_SIDE_STYLE('',(#10394,#10397));
#10394 = SURFACE_STYLE_FILL_AREA(#10395);
#10395 = FILL_AREA_STYLE('',(#10396));
#10396 = FILL_AREA_STYLE_COLOUR('',#10342);
#10397 = SURFACE_STYLE_RENDERING_WITH_PROPERTIES(.NORMAL_SHADING.,#10342
  ,(#10398));
#10398 = SURFACE_STYLE_TRANSPARENT(0.100000023842);
#10399 = STYLED_ITEM('color',(#10400),#8936);
#10400 = PRESENTATION_STYLE_ASSIGNMENT((#10401));
#10401 = SURFACE_STYLE_USAGE(.BOTH.,#10402);
#10402 = SURFACE_SIDE_STYLE('',(#10403,#10406));
#10403 = SURFACE_STYLE_FILL_AREA(#10404);
#10404 = FILL_AREA_STYLE('',(#10405));
#10405 = FILL_AREA_STYLE_COLOUR('',#10342);
#10406 = SURFACE_STYLE_RENDERING_WITH_PROPERTIES(.NORMAL_SHADING.,#10342
  ,(#10407));
#10407 = SURFACE_STYLE_TRANSPARENT(0.100000023842);
#10408 = STYLED_ITEM('color',(#10409),#9157);
#10409 = PRESENTATION_STYLE_ASSIGNMENT((#10410));
#10410 = SURFACE_STYLE_USAGE(.BOTH.,#10411);
#10411 = SURFACE_SIDE_STYLE('',(#10412,#10415));
#10412 = SURFACE_STYLE_FILL_AREA(#10413);
#10413 = FILL_AREA_STYLE('',(#10414));
#10414 = FILL_AREA_STYLE_COLOUR('',#10342);
#10415 = SURFACE_STYLE_RENDERING_WITH_PROPERTIES(.NORMAL_SHADING.,#10342
  ,(#10416));
#10416 = SURFACE_STYLE_TRANSPARENT(0.100000023842);
#10417 = STYLED_ITEM('color',(#10418),#9269);
#10418 = PRESENTATION_STYLE_ASSIGNMENT((#10419));
#10419 = SURFACE_STYLE_USAGE(.BOTH.,#10420);
#10420 = SURFACE_SIDE_STYLE('',(#10421,#10424));
#10421 = SURFACE_STYLE_FILL_AREA(#10422);
#10422 = FILL_AREA_STYLE('',(#10423));
#10423 = FILL_AREA_STYLE_COLOUR('',#10342);
#10424 = SURFACE_STYLE_RENDERING_WITH_PROPERTIES(.NORMAL_SHADING.,#10342
  ,(#10425));
#10425 = SURFACE_STYLE_TRANSPARENT(0.100000023842);
#10426 = STYLED_ITEM('color',(#10427),#9476);
#10427 = PRESENTATION_STYLE_ASSIGNMENT((#10428));
#10428 = SURFACE_STYLE_USAGE(.BOTH.,#10429);
#10429 = SURFACE_SIDE_STYLE('',(#10430,#10433));
#10430 = SURFACE_STYLE_FILL_AREA(#10431);
#10431 = FILL_AREA_STYLE('',(#10432));
#10432 = FILL_AREA_STYLE_COLOUR('',#10342);
#10433 = SURFACE_STYLE_RENDERING_WITH_PROPERTIES(.NORMAL_SHADING.,#10342
  ,(#10434));
#10434 = SURFACE_STYLE_TRANSPARENT(0.100000023842);
#10435 = STYLED_ITEM('color',(#10436),#9712);
#10436 = PRESENTATION_STYLE_ASSIGNMENT((#10437));
#10437 = SURFACE_STYLE_USAGE(.BOTH.,#10438);
#10438 = SURFACE_SIDE_STYLE('',(#10439,#10442));
#10439 = SURFACE_STYLE_FILL_AREA(#10440);
#10440 = FILL_AREA_STYLE('',(#10441));
#10441 = FILL_AREA_STYLE_COLOUR('',#10342);
#10442 = SURFACE_STYLE_RENDERING_WITH_PROPERTIES(.NORMAL_SHADING.,#10342
  ,(#10443));
#10443 = SURFACE_STYLE_TRANSPARENT(0.100000023842);
#10444 = STYLED_ITEM('color',(#10445),#9824);
#10445 = PRESENTATION_STYLE_ASSIGNMENT((#10446));
#10446 = SURFACE_STYLE_USAGE(.BOTH.,#10447);
#10447 = SURFACE_SIDE_STYLE('',(#10448,#10451));
#10448 = SURFACE_STYLE_FILL_AREA(#10449);
#10449 = FILL_AREA_STYLE('',(#10450));
#10450 = FILL_AREA_STYLE_COLOUR('',#10342);
#10451 = SURFACE_STYLE_RENDERING_WITH_PROPERTIES(.NORMAL_SHADING.,#10342
  ,(#10452));
#10452 = SURFACE_STYLE_TRANSPARENT(0.100000023842);
#10453 = STYLED_ITEM('color',(#10454),#9868);
#10454 = PRESENTATION_STYLE_ASSIGNMENT((#10455));
#10455 = SURFACE_STYLE_USAGE(.BOTH.,#10456);
#10456 = SURFACE_SIDE_STYLE('',(#10457,#10460));
#10457 = SURFACE_STYLE_FILL_AREA(#10458);
#10458 = FILL_AREA_STYLE('',(#10459));
#10459 = FILL_AREA_STYLE_COLOUR('',#10342);
#10460 = SURFACE_STYLE_RENDERING_WITH_PROPERTIES(.NORMAL_SHADING.,#10342
  ,(#10461));
#10461 = SURFACE_STYLE_TRANSPARENT(0.100000023842);
#10462 = STYLED_ITEM('color',(#10463),#9912);
#10463 = PRESENTATION_STYLE_ASSIGNMENT((#10464));
#10464 = SURFACE_STYLE_USAGE(.BOTH.,#10465);
#10465 = SURFACE_SIDE_STYLE('',(#10466,#10469));
#10466 = SURFACE_STYLE_FILL_AREA(#10467);
#10467 = FILL_AREA_STYLE('',(#10468));
#10468 = FILL_AREA_STYLE_COLOUR('',#10342);
#10469 = SURFACE_STYLE_RENDERING_WITH_PROPERTIES(.NORMAL_SHADING.,#10342
  ,(#10470));
#10470 = SURFACE_STYLE_TRANSPARENT(0.100000023842);
#10471 = STYLED_ITEM('color',(#10472),#9956);
#10472 = PRESENTATION_STYLE_ASSIGNMENT((#10473));
#10473 = SURFACE_STYLE_USAGE(.BOTH.,#10474);
#10474 = SURFACE_SIDE_STYLE('',(#10475,#10478));
#10475 = SURFACE_STYLE_FILL_AREA(#10476);
#10476 = FILL_AREA_STYLE('',(#10477));
#10477 = FILL_AREA_STYLE_COLOUR('',#10342);
#10478 = SURFACE_STYLE_RENDERING_WITH_PROPERTIES(.NORMAL_SHADING.,#10342
  ,(#10479));
#10479 = SURFACE_STYLE_TRANSPARENT(0.100000023842);
#10480 = MECHANICAL_DESIGN_GEOMETRIC_PRESENTATION_REPRESENTATION('',(
    #10481,#10489,#10496,#10503,#10510,#10517,#10524,#10531,#10539,
    #10546,#10553,#10560,#10567,#10574,#10582,#10589,#10596,#10603,
    #10610,#10617,#10624,#10631,#10638,#10645,#10652,#10659),#3756);
#10481 = STYLED_ITEM('color',(#10482),#2968);
#10482 = PRESENTATION_STYLE_ASSIGNMENT((#10483));
#10483 = SURFACE_STYLE_USAGE(.BOTH.,#10484);
#10484 = SURFACE_SIDE_STYLE('',(#10485));
#10485 = SURFACE_STYLE_FILL_AREA(#10486);
#10486 = FILL_AREA_STYLE('',(#10487));
#10487 = FILL_AREA_STYLE_COLOUR('',#10488);
#10488 = COLOUR_RGB('',0.823999987314,0.819999987296,0.781000009244);
#10489 = STYLED_ITEM('color',(#10490),#3008);
#10490 = PRESENTATION_STYLE_ASSIGNMENT((#10491));
#10491 = SURFACE_STYLE_USAGE(.BOTH.,#10492);
#10492 = SURFACE_SIDE_STYLE('',(#10493));
#10493 = SURFACE_STYLE_FILL_AREA(#10494);
#10494 = FILL_AREA_STYLE('',(#10495));
#10495 = FILL_AREA_STYLE_COLOUR('',#10488);
#10496 = STYLED_ITEM('color',(#10497),#3091);
#10497 = PRESENTATION_STYLE_ASSIGNMENT((#10498));
#10498 = SURFACE_STYLE_USAGE(.BOTH.,#10499);
#10499 = SURFACE_SIDE_STYLE('',(#10500));
#10500 = SURFACE_STYLE_FILL_AREA(#10501);
#10501 = FILL_AREA_STYLE('',(#10502));
#10502 = FILL_AREA_STYLE_COLOUR('',#10488);
#10503 = STYLED_ITEM('color',(#10504),#3116);
#10504 = PRESENTATION_STYLE_ASSIGNMENT((#10505));
#10505 = SURFACE_STYLE_USAGE(.BOTH.,#10506);
#10506 = SURFACE_SIDE_STYLE('',(#10507));
#10507 = SURFACE_STYLE_FILL_AREA(#10508);
#10508 = FILL_AREA_STYLE('',(#10509));
#10509 = FILL_AREA_STYLE_COLOUR('',#10488);
#10510 = STYLED_ITEM('color',(#10511),#3141);
#10511 = PRESENTATION_STYLE_ASSIGNMENT((#10512));
#10512 = SURFACE_STYLE_USAGE(.BOTH.,#10513);
#10513 = SURFACE_SIDE_STYLE('',(#10514));
#10514 = SURFACE_STYLE_FILL_AREA(#10515);
#10515 = FILL_AREA_STYLE('',(#10516));
#10516 = FILL_AREA_STYLE_COLOUR('',#10488);
#10517 = STYLED_ITEM('color',(#10518),#3208);
#10518 = PRESENTATION_STYLE_ASSIGNMENT((#10519));
#10519 = SURFACE_STYLE_USAGE(.BOTH.,#10520);
#10520 = SURFACE_SIDE_STYLE('',(#10521));
#10521 = SURFACE_STYLE_FILL_AREA(#10522);
#10522 = FILL_AREA_STYLE('',(#10523));
#10523 = FILL_AREA_STYLE_COLOUR('',#10488);
#10524 = STYLED_ITEM('color',(#10525),#3225);
#10525 = PRESENTATION_STYLE_ASSIGNMENT((#10526));
#10526 = SURFACE_STYLE_USAGE(.BOTH.,#10527);
#10527 = SURFACE_SIDE_STYLE('',(#10528));
#10528 = SURFACE_STYLE_FILL_AREA(#10529);
#10529 = FILL_AREA_STYLE('',(#10530));
#10530 = FILL_AREA_STYLE_COLOUR('',#10488);
#10531 = STYLED_ITEM('color',(#10532),#3242);
#10532 = PRESENTATION_STYLE_ASSIGNMENT((#10533));
#10533 = SURFACE_STYLE_USAGE(.BOTH.,#10534);
#10534 = SURFACE_SIDE_STYLE('',(#10535));
#10535 = SURFACE_STYLE_FILL_AREA(#10536);
#10536 = FILL_AREA_STYLE('',(#10537));
#10537 = FILL_AREA_STYLE_COLOUR('',#10538);
#10538 = COLOUR_RGB('',0.894999966383,0.890999961016,0.813000030345);
#10539 = STYLED_ITEM('color',(#10540),#3291);
#10540 = PRESENTATION_STYLE_ASSIGNMENT((#10541));
#10541 = SURFACE_STYLE_USAGE(.BOTH.,#10542);
#10542 = SURFACE_SIDE_STYLE('',(#10543));
#10543 = SURFACE_STYLE_FILL_AREA(#10544);
#10544 = FILL_AREA_STYLE('',(#10545));
#10545 = FILL_AREA_STYLE_COLOUR('',#10488);
#10546 = STYLED_ITEM('color',(#10547),#3308);
#10547 = PRESENTATION_STYLE_ASSIGNMENT((#10548));
#10548 = SURFACE_STYLE_USAGE(.BOTH.,#10549);
#10549 = SURFACE_SIDE_STYLE('',(#10550));
#10550 = SURFACE_STYLE_FILL_AREA(#10551);
#10551 = FILL_AREA_STYLE('',(#10552));
#10552 = FILL_AREA_STYLE_COLOUR('',#10488);
#10553 = STYLED_ITEM('color',(#10554),#3325);
#10554 = PRESENTATION_STYLE_ASSIGNMENT((#10555));
#10555 = SURFACE_STYLE_USAGE(.BOTH.,#10556);
#10556 = SURFACE_SIDE_STYLE('',(#10557));
#10557 = SURFACE_STYLE_FILL_AREA(#10558);
#10558 = FILL_AREA_STYLE('',(#10559));
#10559 = FILL_AREA_STYLE_COLOUR('',#10538);
#10560 = STYLED_ITEM('color',(#10561),#3374);
#10561 = PRESENTATION_STYLE_ASSIGNMENT((#10562));
#10562 = SURFACE_STYLE_USAGE(.BOTH.,#10563);
#10563 = SURFACE_SIDE_STYLE('',(#10564));
#10564 = SURFACE_STYLE_FILL_AREA(#10565);
#10565 = FILL_AREA_STYLE('',(#10566));
#10566 = FILL_AREA_STYLE_COLOUR('',#10538);
#10567 = STYLED_ITEM('color',(#10568),#3391);
#10568 = PRESENTATION_STYLE_ASSIGNMENT((#10569));
#10569 = SURFACE_STYLE_USAGE(.BOTH.,#10570);
#10570 = SURFACE_SIDE_STYLE('',(#10571));
#10571 = SURFACE_STYLE_FILL_AREA(#10572);
#10572 = FILL_AREA_STYLE('',(#10573));
#10573 = FILL_AREA_STYLE_COLOUR('',#10488);
#10574 = STYLED_ITEM('color',(#10575),#3460);
#10575 = PRESENTATION_STYLE_ASSIGNMENT((#10576));
#10576 = SURFACE_STYLE_USAGE(.BOTH.,#10577);
#10577 = SURFACE_SIDE_STYLE('',(#10578));
#10578 = SURFACE_STYLE_FILL_AREA(#10579);
#10579 = FILL_AREA_STYLE('',(#10580));
#10580 = FILL_AREA_STYLE_COLOUR('',#10581);
#10581 = COLOUR_RGB('',8.200000279077E-02,8.600000121357E-02,
  9.399999706163E-02);
#10582 = STYLED_ITEM('color',(#10583),#3491);
#10583 = PRESENTATION_STYLE_ASSIGNMENT((#10584));
#10584 = SURFACE_STYLE_USAGE(.BOTH.,#10585);
#10585 = SURFACE_SIDE_STYLE('',(#10586));
#10586 = SURFACE_STYLE_FILL_AREA(#10587);
#10587 = FILL_AREA_STYLE('',(#10588));
#10588 = FILL_AREA_STYLE_COLOUR('',#10581);
#10589 = STYLED_ITEM('color',(#10590),#3515);
#10590 = PRESENTATION_STYLE_ASSIGNMENT((#10591));
#10591 = SURFACE_STYLE_USAGE(.BOTH.,#10592);
#10592 = SURFACE_SIDE_STYLE('',(#10593));
#10593 = SURFACE_STYLE_FILL_AREA(#10594);
#10594 = FILL_AREA_STYLE('',(#10595));
#10595 = FILL_AREA_STYLE_COLOUR('',#10488);
#10596 = STYLED_ITEM('color',(#10597),#3584);
#10597 = PRESENTATION_STYLE_ASSIGNMENT((#10598));
#10598 = SURFACE_STYLE_USAGE(.BOTH.,#10599);
#10599 = SURFACE_SIDE_STYLE('',(#10600));
#10600 = SURFACE_STYLE_FILL_AREA(#10601);
#10601 = FILL_AREA_STYLE('',(#10602));
#10602 = FILL_AREA_STYLE_COLOUR('',#10581);
#10603 = STYLED_ITEM('color',(#10604),#3608);
#10604 = PRESENTATION_STYLE_ASSIGNMENT((#10605));
#10605 = SURFACE_STYLE_USAGE(.BOTH.,#10606);
#10606 = SURFACE_SIDE_STYLE('',(#10607));
#10607 = SURFACE_STYLE_FILL_AREA(#10608);
#10608 = FILL_AREA_STYLE('',(#10609));
#10609 = FILL_AREA_STYLE_COLOUR('',#10488);
#10610 = STYLED_ITEM('color',(#10611),#3625);
#10611 = PRESENTATION_STYLE_ASSIGNMENT((#10612));
#10612 = SURFACE_STYLE_USAGE(.BOTH.,#10613);
#10613 = SURFACE_SIDE_STYLE('',(#10614));
#10614 = SURFACE_STYLE_FILL_AREA(#10615);
#10615 = FILL_AREA_STYLE('',(#10616));
#10616 = FILL_AREA_STYLE_COLOUR('',#10488);
#10617 = STYLED_ITEM('color',(#10618),#3642);
#10618 = PRESENTATION_STYLE_ASSIGNMENT((#10619));
#10619 = SURFACE_STYLE_USAGE(.BOTH.,#10620);
#10620 = SURFACE_SIDE_STYLE('',(#10621));
#10621 = SURFACE_STYLE_FILL_AREA(#10622);
#10622 = FILL_AREA_STYLE('',(#10623));
#10623 = FILL_AREA_STYLE_COLOUR('',#10488);
#10624 = STYLED_ITEM('color',(#10625),#3659);
#10625 = PRESENTATION_STYLE_ASSIGNMENT((#10626));
#10626 = SURFACE_STYLE_USAGE(.BOTH.,#10627);
#10627 = SURFACE_SIDE_STYLE('',(#10628));
#10628 = SURFACE_STYLE_FILL_AREA(#10629);
#10629 = FILL_AREA_STYLE('',(#10630));
#10630 = FILL_AREA_STYLE_COLOUR('',#10488);
#10631 = STYLED_ITEM('color',(#10632),#3676);
#10632 = PRESENTATION_STYLE_ASSIGNMENT((#10633));
#10633 = SURFACE_STYLE_USAGE(.BOTH.,#10634);
#10634 = SURFACE_SIDE_STYLE('',(#10635));
#10635 = SURFACE_STYLE_FILL_AREA(#10636);
#10636 = FILL_AREA_STYLE('',(#10637));
#10637 = FILL_AREA_STYLE_COLOUR('',#10488);
#10638 = STYLED_ITEM('color',(#10639),#3693);
#10639 = PRESENTATION_STYLE_ASSIGNMENT((#10640));
#10640 = SURFACE_STYLE_USAGE(.BOTH.,#10641);
#10641 = SURFACE_SIDE_STYLE('',(#10642));
#10642 = SURFACE_STYLE_FILL_AREA(#10643);
#10643 = FILL_AREA_STYLE('',(#10644));
#10644 = FILL_AREA_STYLE_COLOUR('',#10488);
#10645 = STYLED_ITEM('color',(#10646),#3710);
#10646 = PRESENTATION_STYLE_ASSIGNMENT((#10647));
#10647 = SURFACE_STYLE_USAGE(.BOTH.,#10648);
#10648 = SURFACE_SIDE_STYLE('',(#10649));
#10649 = SURFACE_STYLE_FILL_AREA(#10650);
#10650 = FILL_AREA_STYLE('',(#10651));
#10651 = FILL_AREA_STYLE_COLOUR('',#10488);
#10652 = STYLED_ITEM('color',(#10653),#3727);
#10653 = PRESENTATION_STYLE_ASSIGNMENT((#10654));
#10654 = SURFACE_STYLE_USAGE(.BOTH.,#10655);
#10655 = SURFACE_SIDE_STYLE('',(#10656));
#10656 = SURFACE_STYLE_FILL_AREA(#10657);
#10657 = FILL_AREA_STYLE('',(#10658));
#10658 = FILL_AREA_STYLE_COLOUR('',#10581);
#10659 = STYLED_ITEM('color',(#10660),#3744);
#10660 = PRESENTATION_STYLE_ASSIGNMENT((#10661));
#10661 = SURFACE_STYLE_USAGE(.BOTH.,#10662);
#10662 = SURFACE_SIDE_STYLE('',(#10663));
#10663 = SURFACE_STYLE_FILL_AREA(#10664);
#10664 = FILL_AREA_STYLE('',(#10665));
#10665 = FILL_AREA_STYLE_COLOUR('',#10581);
#10666 = MECHANICAL_DESIGN_GEOMETRIC_PRESENTATION_REPRESENTATION('',(
    #10667,#10674,#10681,#10688,#10695,#10702,#10709,#10716,#10723,
    #10730,#10737,#10745,#10752,#10759,#10766,#10773,#10780,#10787,
    #10794,#10801,#10808,#10815,#10822,#10829,#10836,#10843,#10850,
    #10857,#10864,#10871,#10878,#10886,#10893,#10900,#10907,#10914,
    #10921,#10928,#10935,#10942,#10949),#1265);
#10667 = STYLED_ITEM('color',(#10668),#59);
#10668 = PRESENTATION_STYLE_ASSIGNMENT((#10669));
#10669 = SURFACE_STYLE_USAGE(.BOTH.,#10670);
#10670 = SURFACE_SIDE_STYLE('',(#10671));
#10671 = SURFACE_STYLE_FILL_AREA(#10672);
#10672 = FILL_AREA_STYLE('',(#10673));
#10673 = FILL_AREA_STYLE_COLOUR('',#10488);
#10674 = STYLED_ITEM('color',(#10675),#99);
#10675 = PRESENTATION_STYLE_ASSIGNMENT((#10676));
#10676 = SURFACE_STYLE_USAGE(.BOTH.,#10677);
#10677 = SURFACE_SIDE_STYLE('',(#10678));
#10678 = SURFACE_STYLE_FILL_AREA(#10679);
#10679 = FILL_AREA_STYLE('',(#10680));
#10680 = FILL_AREA_STYLE_COLOUR('',#10488);
#10681 = STYLED_ITEM('color',(#10682),#182);
#10682 = PRESENTATION_STYLE_ASSIGNMENT((#10683));
#10683 = SURFACE_STYLE_USAGE(.BOTH.,#10684);
#10684 = SURFACE_SIDE_STYLE('',(#10685));
#10685 = SURFACE_STYLE_FILL_AREA(#10686);
#10686 = FILL_AREA_STYLE('',(#10687));
#10687 = FILL_AREA_STYLE_COLOUR('',#10488);
#10688 = STYLED_ITEM('color',(#10689),#207);
#10689 = PRESENTATION_STYLE_ASSIGNMENT((#10690));
#10690 = SURFACE_STYLE_USAGE(.BOTH.,#10691);
#10691 = SURFACE_SIDE_STYLE('',(#10692));
#10692 = SURFACE_STYLE_FILL_AREA(#10693);
#10693 = FILL_AREA_STYLE('',(#10694));
#10694 = FILL_AREA_STYLE_COLOUR('',#10488);
#10695 = STYLED_ITEM('color',(#10696),#282);
#10696 = PRESENTATION_STYLE_ASSIGNMENT((#10697));
#10697 = SURFACE_STYLE_USAGE(.BOTH.,#10698);
#10698 = SURFACE_SIDE_STYLE('',(#10699));
#10699 = SURFACE_STYLE_FILL_AREA(#10700);
#10700 = FILL_AREA_STYLE('',(#10701));
#10701 = FILL_AREA_STYLE_COLOUR('',#10488);
#10702 = STYLED_ITEM('color',(#10703),#299);
#10703 = PRESENTATION_STYLE_ASSIGNMENT((#10704));
#10704 = SURFACE_STYLE_USAGE(.BOTH.,#10705);
#10705 = SURFACE_SIDE_STYLE('',(#10706));
#10706 = SURFACE_STYLE_FILL_AREA(#10707);
#10707 = FILL_AREA_STYLE('',(#10708));
#10708 = FILL_AREA_STYLE_COLOUR('',#10488);
#10709 = STYLED_ITEM('color',(#10710),#316);
#10710 = PRESENTATION_STYLE_ASSIGNMENT((#10711));
#10711 = SURFACE_STYLE_USAGE(.BOTH.,#10712);
#10712 = SURFACE_SIDE_STYLE('',(#10713));
#10713 = SURFACE_STYLE_FILL_AREA(#10714);
#10714 = FILL_AREA_STYLE('',(#10715));
#10715 = FILL_AREA_STYLE_COLOUR('',#10488);
#10716 = STYLED_ITEM('color',(#10717),#333);
#10717 = PRESENTATION_STYLE_ASSIGNMENT((#10718));
#10718 = SURFACE_STYLE_USAGE(.BOTH.,#10719);
#10719 = SURFACE_SIDE_STYLE('',(#10720));
#10720 = SURFACE_STYLE_FILL_AREA(#10721);
#10721 = FILL_AREA_STYLE('',(#10722));
#10722 = FILL_AREA_STYLE_COLOUR('',#10488);
#10723 = STYLED_ITEM('color',(#10724),#350);
#10724 = PRESENTATION_STYLE_ASSIGNMENT((#10725));
#10725 = SURFACE_STYLE_USAGE(.BOTH.,#10726);
#10726 = SURFACE_SIDE_STYLE('',(#10727));
#10727 = SURFACE_STYLE_FILL_AREA(#10728);
#10728 = FILL_AREA_STYLE('',(#10729));
#10729 = FILL_AREA_STYLE_COLOUR('',#10488);
#10730 = STYLED_ITEM('color',(#10731),#367);
#10731 = PRESENTATION_STYLE_ASSIGNMENT((#10732));
#10732 = SURFACE_STYLE_USAGE(.BOTH.,#10733);
#10733 = SURFACE_SIDE_STYLE('',(#10734));
#10734 = SURFACE_STYLE_FILL_AREA(#10735);
#10735 = FILL_AREA_STYLE('',(#10736));
#10736 = FILL_AREA_STYLE_COLOUR('',#10488);
#10737 = STYLED_ITEM('color',(#10738),#383);
#10738 = PRESENTATION_STYLE_ASSIGNMENT((#10739));
#10739 = SURFACE_STYLE_USAGE(.BOTH.,#10740);
#10740 = SURFACE_SIDE_STYLE('',(#10741));
#10741 = SURFACE_STYLE_FILL_AREA(#10742);
#10742 = FILL_AREA_STYLE('',(#10743));
#10743 = FILL_AREA_STYLE_COLOUR('',#10744);
#10744 = COLOUR_RGB('',0.147999998088,0.144999993226,0.144999993226);
#10745 = STYLED_ITEM('color',(#10746),#430);
#10746 = PRESENTATION_STYLE_ASSIGNMENT((#10747));
#10747 = SURFACE_STYLE_USAGE(.BOTH.,#10748);
#10748 = SURFACE_SIDE_STYLE('',(#10749));
#10749 = SURFACE_STYLE_FILL_AREA(#10750);
#10750 = FILL_AREA_STYLE('',(#10751));
#10751 = FILL_AREA_STYLE_COLOUR('',#10744);
#10752 = STYLED_ITEM('color',(#10753),#465);
#10753 = PRESENTATION_STYLE_ASSIGNMENT((#10754));
#10754 = SURFACE_STYLE_USAGE(.BOTH.,#10755);
#10755 = SURFACE_SIDE_STYLE('',(#10756));
#10756 = SURFACE_STYLE_FILL_AREA(#10757);
#10757 = FILL_AREA_STYLE('',(#10758));
#10758 = FILL_AREA_STYLE_COLOUR('',#10744);
#10759 = STYLED_ITEM('color',(#10760),#504);
#10760 = PRESENTATION_STYLE_ASSIGNMENT((#10761));
#10761 = SURFACE_STYLE_USAGE(.BOTH.,#10762);
#10762 = SURFACE_SIDE_STYLE('',(#10763));
#10763 = SURFACE_STYLE_FILL_AREA(#10764);
#10764 = FILL_AREA_STYLE('',(#10765));
#10765 = FILL_AREA_STYLE_COLOUR('',#10744);
#10766 = STYLED_ITEM('color',(#10767),#533);
#10767 = PRESENTATION_STYLE_ASSIGNMENT((#10768));
#10768 = SURFACE_STYLE_USAGE(.BOTH.,#10769);
#10769 = SURFACE_SIDE_STYLE('',(#10770));
#10770 = SURFACE_STYLE_FILL_AREA(#10771);
#10771 = FILL_AREA_STYLE('',(#10772));
#10772 = FILL_AREA_STYLE_COLOUR('',#10744);
#10773 = STYLED_ITEM('color',(#10774),#572);
#10774 = PRESENTATION_STYLE_ASSIGNMENT((#10775));
#10775 = SURFACE_STYLE_USAGE(.BOTH.,#10776);
#10776 = SURFACE_SIDE_STYLE('',(#10777));
#10777 = SURFACE_STYLE_FILL_AREA(#10778);
#10778 = FILL_AREA_STYLE('',(#10779));
#10779 = FILL_AREA_STYLE_COLOUR('',#10744);
#10780 = STYLED_ITEM('color',(#10781),#601);
#10781 = PRESENTATION_STYLE_ASSIGNMENT((#10782));
#10782 = SURFACE_STYLE_USAGE(.BOTH.,#10783);
#10783 = SURFACE_SIDE_STYLE('',(#10784));
#10784 = SURFACE_STYLE_FILL_AREA(#10785);
#10785 = FILL_AREA_STYLE('',(#10786));
#10786 = FILL_AREA_STYLE_COLOUR('',#10744);
#10787 = STYLED_ITEM('color',(#10788),#655);
#10788 = PRESENTATION_STYLE_ASSIGNMENT((#10789));
#10789 = SURFACE_STYLE_USAGE(.BOTH.,#10790);
#10790 = SURFACE_SIDE_STYLE('',(#10791));
#10791 = SURFACE_STYLE_FILL_AREA(#10792);
#10792 = FILL_AREA_STYLE('',(#10793));
#10793 = FILL_AREA_STYLE_COLOUR('',#10744);
#10794 = STYLED_ITEM('color',(#10795),#698);
#10795 = PRESENTATION_STYLE_ASSIGNMENT((#10796));
#10796 = SURFACE_STYLE_USAGE(.BOTH.,#10797);
#10797 = SURFACE_SIDE_STYLE('',(#10798));
#10798 = SURFACE_STYLE_FILL_AREA(#10799);
#10799 = FILL_AREA_STYLE('',(#10800));
#10800 = FILL_AREA_STYLE_COLOUR('',#10744);
#10801 = STYLED_ITEM('color',(#10802),#721);
#10802 = PRESENTATION_STYLE_ASSIGNMENT((#10803));
#10803 = SURFACE_STYLE_USAGE(.BOTH.,#10804);
#10804 = SURFACE_SIDE_STYLE('',(#10805));
#10805 = SURFACE_STYLE_FILL_AREA(#10806);
#10806 = FILL_AREA_STYLE('',(#10807));
#10807 = FILL_AREA_STYLE_COLOUR('',#10744);
#10808 = STYLED_ITEM('color',(#10809),#744);
#10809 = PRESENTATION_STYLE_ASSIGNMENT((#10810));
#10810 = SURFACE_STYLE_USAGE(.BOTH.,#10811);
#10811 = SURFACE_SIDE_STYLE('',(#10812));
#10812 = SURFACE_STYLE_FILL_AREA(#10813);
#10813 = FILL_AREA_STYLE('',(#10814));
#10814 = FILL_AREA_STYLE_COLOUR('',#10744);
#10815 = STYLED_ITEM('color',(#10816),#767);
#10816 = PRESENTATION_STYLE_ASSIGNMENT((#10817));
#10817 = SURFACE_STYLE_USAGE(.BOTH.,#10818);
#10818 = SURFACE_SIDE_STYLE('',(#10819));
#10819 = SURFACE_STYLE_FILL_AREA(#10820);
#10820 = FILL_AREA_STYLE('',(#10821));
#10821 = FILL_AREA_STYLE_COLOUR('',#10744);
#10822 = STYLED_ITEM('color',(#10823),#818);
#10823 = PRESENTATION_STYLE_ASSIGNMENT((#10824));
#10824 = SURFACE_STYLE_USAGE(.BOTH.,#10825);
#10825 = SURFACE_SIDE_STYLE('',(#10826));
#10826 = SURFACE_STYLE_FILL_AREA(#10827);
#10827 = FILL_AREA_STYLE('',(#10828));
#10828 = FILL_AREA_STYLE_COLOUR('',#10744);
#10829 = STYLED_ITEM('color',(#10830),#841);
#10830 = PRESENTATION_STYLE_ASSIGNMENT((#10831));
#10831 = SURFACE_STYLE_USAGE(.BOTH.,#10832);
#10832 = SURFACE_SIDE_STYLE('',(#10833));
#10833 = SURFACE_STYLE_FILL_AREA(#10834);
#10834 = FILL_AREA_STYLE('',(#10835));
#10835 = FILL_AREA_STYLE_COLOUR('',#10744);
#10836 = STYLED_ITEM('color',(#10837),#858);
#10837 = PRESENTATION_STYLE_ASSIGNMENT((#10838));
#10838 = SURFACE_STYLE_USAGE(.BOTH.,#10839);
#10839 = SURFACE_SIDE_STYLE('',(#10840));
#10840 = SURFACE_STYLE_FILL_AREA(#10841);
#10841 = FILL_AREA_STYLE('',(#10842));
#10842 = FILL_AREA_STYLE_COLOUR('',#10488);
#10843 = STYLED_ITEM('color',(#10844),#932);
#10844 = PRESENTATION_STYLE_ASSIGNMENT((#10845));
#10845 = SURFACE_STYLE_USAGE(.BOTH.,#10846);
#10846 = SURFACE_SIDE_STYLE('',(#10847));
#10847 = SURFACE_STYLE_FILL_AREA(#10848);
#10848 = FILL_AREA_STYLE('',(#10849));
#10849 = FILL_AREA_STYLE_COLOUR('',#10488);
#10850 = STYLED_ITEM('color',(#10851),#956);
#10851 = PRESENTATION_STYLE_ASSIGNMENT((#10852));
#10852 = SURFACE_STYLE_USAGE(.BOTH.,#10853);
#10853 = SURFACE_SIDE_STYLE('',(#10854));
#10854 = SURFACE_STYLE_FILL_AREA(#10855);
#10855 = FILL_AREA_STYLE('',(#10856));
#10856 = FILL_AREA_STYLE_COLOUR('',#10488);
#10857 = STYLED_ITEM('color',(#10858),#1023);
#10858 = PRESENTATION_STYLE_ASSIGNMENT((#10859));
#10859 = SURFACE_STYLE_USAGE(.BOTH.,#10860);
#10860 = SURFACE_SIDE_STYLE('',(#10861));
#10861 = SURFACE_STYLE_FILL_AREA(#10862);
#10862 = FILL_AREA_STYLE('',(#10863));
#10863 = FILL_AREA_STYLE_COLOUR('',#10744);
#10864 = STYLED_ITEM('color',(#10865),#1035);
#10865 = PRESENTATION_STYLE_ASSIGNMENT((#10866));
#10866 = SURFACE_STYLE_USAGE(.BOTH.,#10867);
#10867 = SURFACE_SIDE_STYLE('',(#10868));
#10868 = SURFACE_STYLE_FILL_AREA(#10869);
#10869 = FILL_AREA_STYLE('',(#10870));
#10870 = FILL_AREA_STYLE_COLOUR('',#10744);
#10871 = STYLED_ITEM('color',(#10872),#1047);
#10872 = PRESENTATION_STYLE_ASSIGNMENT((#10873));
#10873 = SURFACE_STYLE_USAGE(.BOTH.,#10874);
#10874 = SURFACE_SIDE_STYLE('',(#10875));
#10875 = SURFACE_STYLE_FILL_AREA(#10876);
#10876 = FILL_AREA_STYLE('',(#10877));
#10877 = FILL_AREA_STYLE_COLOUR('',#10488);
#10878 = STYLED_ITEM('color',(#10879),#1064);
#10879 = PRESENTATION_STYLE_ASSIGNMENT((#10880));
#10880 = SURFACE_STYLE_USAGE(.BOTH.,#10881);
#10881 = SURFACE_SIDE_STYLE('',(#10882));
#10882 = SURFACE_STYLE_FILL_AREA(#10883);
#10883 = FILL_AREA_STYLE('',(#10884));
#10884 = FILL_AREA_STYLE_COLOUR('',#10885);
#10885 = COLOUR_RGB('',0.690999977303,0.663999984767,0.597999987832);
#10886 = STYLED_ITEM('color',(#10887),#1093);
#10887 = PRESENTATION_STYLE_ASSIGNMENT((#10888));
#10888 = SURFACE_STYLE_USAGE(.BOTH.,#10889);
#10889 = SURFACE_SIDE_STYLE('',(#10890));
#10890 = SURFACE_STYLE_FILL_AREA(#10891);
#10891 = FILL_AREA_STYLE('',(#10892));
#10892 = FILL_AREA_STYLE_COLOUR('',#10885);
#10893 = STYLED_ITEM('color',(#10894),#1116);
#10894 = PRESENTATION_STYLE_ASSIGNMENT((#10895));
#10895 = SURFACE_STYLE_USAGE(.BOTH.,#10896);
#10896 = SURFACE_SIDE_STYLE('',(#10897));
#10897 = SURFACE_STYLE_FILL_AREA(#10898);
#10898 = FILL_AREA_STYLE('',(#10899));
#10899 = FILL_AREA_STYLE_COLOUR('',#10885);
#10900 = STYLED_ITEM('color',(#10901),#1139);
#10901 = PRESENTATION_STYLE_ASSIGNMENT((#10902));
#10902 = SURFACE_STYLE_USAGE(.BOTH.,#10903);
#10903 = SURFACE_SIDE_STYLE('',(#10904));
#10904 = SURFACE_STYLE_FILL_AREA(#10905);
#10905 = FILL_AREA_STYLE('',(#10906));
#10906 = FILL_AREA_STYLE_COLOUR('',#10885);
#10907 = STYLED_ITEM('color',(#10908),#1156);
#10908 = PRESENTATION_STYLE_ASSIGNMENT((#10909));
#10909 = SURFACE_STYLE_USAGE(.BOTH.,#10910);
#10910 = SURFACE_SIDE_STYLE('',(#10911));
#10911 = SURFACE_STYLE_FILL_AREA(#10912);
#10912 = FILL_AREA_STYLE('',(#10913));
#10913 = FILL_AREA_STYLE_COLOUR('',#10488);
#10914 = STYLED_ITEM('color',(#10915),#1178);
#10915 = PRESENTATION_STYLE_ASSIGNMENT((#10916));
#10916 = SURFACE_STYLE_USAGE(.BOTH.,#10917);
#10917 = SURFACE_SIDE_STYLE('',(#10918));
#10918 = SURFACE_STYLE_FILL_AREA(#10919);
#10919 = FILL_AREA_STYLE('',(#10920));
#10920 = FILL_AREA_STYLE_COLOUR('',#10488);
#10921 = STYLED_ITEM('color',(#10922),#1190);
#10922 = PRESENTATION_STYLE_ASSIGNMENT((#10923));
#10923 = SURFACE_STYLE_USAGE(.BOTH.,#10924);
#10924 = SURFACE_SIDE_STYLE('',(#10925));
#10925 = SURFACE_STYLE_FILL_AREA(#10926);
#10926 = FILL_AREA_STYLE('',(#10927));
#10927 = FILL_AREA_STYLE_COLOUR('',#10488);
#10928 = STYLED_ITEM('color',(#10929),#1207);
#10929 = PRESENTATION_STYLE_ASSIGNMENT((#10930));
#10930 = SURFACE_STYLE_USAGE(.BOTH.,#10931);
#10931 = SURFACE_SIDE_STYLE('',(#10932));
#10932 = SURFACE_STYLE_FILL_AREA(#10933);
#10933 = FILL_AREA_STYLE('',(#10934));
#10934 = FILL_AREA_STYLE_COLOUR('',#10488);
#10935 = STYLED_ITEM('color',(#10936),#1224);
#10936 = PRESENTATION_STYLE_ASSIGNMENT((#10937));
#10937 = SURFACE_STYLE_USAGE(.BOTH.,#10938);
#10938 = SURFACE_SIDE_STYLE('',(#10939));
#10939 = SURFACE_STYLE_FILL_AREA(#10940);
#10940 = FILL_AREA_STYLE('',(#10941));
#10941 = FILL_AREA_STYLE_COLOUR('',#10488);
#10942 = STYLED_ITEM('color',(#10943),#1241);
#10943 = PRESENTATION_STYLE_ASSIGNMENT((#10944));
#10944 = SURFACE_STYLE_USAGE(.BOTH.,#10945);
#10945 = SURFACE_SIDE_STYLE('',(#10946));
#10946 = SURFACE_STYLE_FILL_AREA(#10947);
#10947 = FILL_AREA_STYLE('',(#10948));
#10948 = FILL_AREA_STYLE_COLOUR('',#10488);
#10949 = STYLED_ITEM('color',(#10950),#1253);
#10950 = PRESENTATION_STYLE_ASSIGNMENT((#10951));
#10951 = SURFACE_STYLE_USAGE(.BOTH.,#10952);
#10952 = SURFACE_SIDE_STYLE('',(#10953));
#10953 = SURFACE_STYLE_FILL_AREA(#10954);
#10954 = FILL_AREA_STYLE('',(#10955));
#10955 = FILL_AREA_STYLE_COLOUR('',#10885);
#10956 = MECHANICAL_DESIGN_GEOMETRIC_PRESENTATION_REPRESENTATION('',(
    #10957,#10965,#10972,#10979,#10986,#10993,#11000,#11007,#11014,
    #11021,#11028,#11035,#11042,#11049,#11056,#11063,#11070,#11077,
    #11084,#11091,#11098,#11105,#11112),#7997);
#10957 = STYLED_ITEM('color',(#10958),#3775);
#10958 = PRESENTATION_STYLE_ASSIGNMENT((#10959));
#10959 = SURFACE_STYLE_USAGE(.BOTH.,#10960);
#10960 = SURFACE_SIDE_STYLE('',(#10961));
#10961 = SURFACE_STYLE_FILL_AREA(#10962);
#10962 = FILL_AREA_STYLE('',(#10963));
#10963 = FILL_AREA_STYLE_COLOUR('',#10964);
#10964 = COLOUR_RGB('',0.735356983052,0.735356983052,0.735356983052);
#10965 = STYLED_ITEM('color',(#10966),#3925);
#10966 = PRESENTATION_STYLE_ASSIGNMENT((#10967));
#10967 = SURFACE_STYLE_USAGE(.BOTH.,#10968);
#10968 = SURFACE_SIDE_STYLE('',(#10969));
#10969 = SURFACE_STYLE_FILL_AREA(#10970);
#10970 = FILL_AREA_STYLE('',(#10971));
#10971 = FILL_AREA_STYLE_COLOUR('',#10964);
#10972 = STYLED_ITEM('color',(#10973),#4075);
#10973 = PRESENTATION_STYLE_ASSIGNMENT((#10974));
#10974 = SURFACE_STYLE_USAGE(.BOTH.,#10975);
#10975 = SURFACE_SIDE_STYLE('',(#10976));
#10976 = SURFACE_STYLE_FILL_AREA(#10977);
#10977 = FILL_AREA_STYLE('',(#10978));
#10978 = FILL_AREA_STYLE_COLOUR('',#10964);
#10979 = STYLED_ITEM('color',(#10980),#4225);
#10980 = PRESENTATION_STYLE_ASSIGNMENT((#10981));
#10981 = SURFACE_STYLE_USAGE(.BOTH.,#10982);
#10982 = SURFACE_SIDE_STYLE('',(#10983));
#10983 = SURFACE_STYLE_FILL_AREA(#10984);
#10984 = FILL_AREA_STYLE('',(#10985));
#10985 = FILL_AREA_STYLE_COLOUR('',#10964);
#10986 = STYLED_ITEM('color',(#10987),#4515);
#10987 = PRESENTATION_STYLE_ASSIGNMENT((#10988));
#10988 = SURFACE_STYLE_USAGE(.BOTH.,#10989);
#10989 = SURFACE_SIDE_STYLE('',(#10990));
#10990 = SURFACE_STYLE_FILL_AREA(#10991);
#10991 = FILL_AREA_STYLE('',(#10992));
#10992 = FILL_AREA_STYLE_COLOUR('',#10964);
#10993 = STYLED_ITEM('color',(#10994),#4607);
#10994 = PRESENTATION_STYLE_ASSIGNMENT((#10995));
#10995 = SURFACE_STYLE_USAGE(.BOTH.,#10996);
#10996 = SURFACE_SIDE_STYLE('',(#10997));
#10997 = SURFACE_STYLE_FILL_AREA(#10998);
#10998 = FILL_AREA_STYLE('',(#10999));
#10999 = FILL_AREA_STYLE_COLOUR('',#10964);
#11000 = STYLED_ITEM('color',(#11001),#4699);
#11001 = PRESENTATION_STYLE_ASSIGNMENT((#11002));
#11002 = SURFACE_STYLE_USAGE(.BOTH.,#11003);
#11003 = SURFACE_SIDE_STYLE('',(#11004));
#11004 = SURFACE_STYLE_FILL_AREA(#11005);
#11005 = FILL_AREA_STYLE('',(#11006));
#11006 = FILL_AREA_STYLE_COLOUR('',#10964);
#11007 = STYLED_ITEM('color',(#11008),#4791);
#11008 = PRESENTATION_STYLE_ASSIGNMENT((#11009));
#11009 = SURFACE_STYLE_USAGE(.BOTH.,#11010);
#11010 = SURFACE_SIDE_STYLE('',(#11011));
#11011 = SURFACE_STYLE_FILL_AREA(#11012);
#11012 = FILL_AREA_STYLE('',(#11013));
#11013 = FILL_AREA_STYLE_COLOUR('',#10964);
#11014 = STYLED_ITEM('color',(#11015),#5081);
#11015 = PRESENTATION_STYLE_ASSIGNMENT((#11016));
#11016 = SURFACE_STYLE_USAGE(.BOTH.,#11017);
#11017 = SURFACE_SIDE_STYLE('',(#11018));
#11018 = SURFACE_STYLE_FILL_AREA(#11019);
#11019 = FILL_AREA_STYLE('',(#11020));
#11020 = FILL_AREA_STYLE_COLOUR('',#10964);
#11021 = STYLED_ITEM('color',(#11022),#5173);
#11022 = PRESENTATION_STYLE_ASSIGNMENT((#11023));
#11023 = SURFACE_STYLE_USAGE(.BOTH.,#11024);
#11024 = SURFACE_SIDE_STYLE('',(#11025));
#11025 = SURFACE_STYLE_FILL_AREA(#11026);
#11026 = FILL_AREA_STYLE('',(#11027));
#11027 = FILL_AREA_STYLE_COLOUR('',#10964);
#11028 = STYLED_ITEM('color',(#11029),#5265);
#11029 = PRESENTATION_STYLE_ASSIGNMENT((#11030));
#11030 = SURFACE_STYLE_USAGE(.BOTH.,#11031);
#11031 = SURFACE_SIDE_STYLE('',(#11032));
#11032 = SURFACE_STYLE_FILL_AREA(#11033);
#11033 = FILL_AREA_STYLE('',(#11034));
#11034 = FILL_AREA_STYLE_COLOUR('',#10964);
#11035 = STYLED_ITEM('color',(#11036),#5357);
#11036 = PRESENTATION_STYLE_ASSIGNMENT((#11037));
#11037 = SURFACE_STYLE_USAGE(.BOTH.,#11038);
#11038 = SURFACE_SIDE_STYLE('',(#11039));
#11039 = SURFACE_STYLE_FILL_AREA(#11040);
#11040 = FILL_AREA_STYLE('',(#11041));
#11041 = FILL_AREA_STYLE_COLOUR('',#10964);
#11042 = STYLED_ITEM('color',(#11043),#5647);
#11043 = PRESENTATION_STYLE_ASSIGNMENT((#11044));
#11044 = SURFACE_STYLE_USAGE(.BOTH.,#11045);
#11045 = SURFACE_SIDE_STYLE('',(#11046));
#11046 = SURFACE_STYLE_FILL_AREA(#11047);
#11047 = FILL_AREA_STYLE('',(#11048));
#11048 = FILL_AREA_STYLE_COLOUR('',#10964);
#11049 = STYLED_ITEM('color',(#11050),#5797);
#11050 = PRESENTATION_STYLE_ASSIGNMENT((#11051));
#11051 = SURFACE_STYLE_USAGE(.BOTH.,#11052);
#11052 = SURFACE_SIDE_STYLE('',(#11053));
#11053 = SURFACE_STYLE_FILL_AREA(#11054);
#11054 = FILL_AREA_STYLE('',(#11055));
#11055 = FILL_AREA_STYLE_COLOUR('',#10964);
#11056 = STYLED_ITEM('color',(#11057),#6087);
#11057 = PRESENTATION_STYLE_ASSIGNMENT((#11058));
#11058 = SURFACE_STYLE_USAGE(.BOTH.,#11059);
#11059 = SURFACE_SIDE_STYLE('',(#11060));
#11060 = SURFACE_STYLE_FILL_AREA(#11061);
#11061 = FILL_AREA_STYLE('',(#11062));
#11062 = FILL_AREA_STYLE_COLOUR('',#10964);
#11063 = STYLED_ITEM('color',(#11064),#6377);
#11064 = PRESENTATION_STYLE_ASSIGNMENT((#11065));
#11065 = SURFACE_STYLE_USAGE(.BOTH.,#11066);
#11066 = SURFACE_SIDE_STYLE('',(#11067));
#11067 = SURFACE_STYLE_FILL_AREA(#11068);
#11068 = FILL_AREA_STYLE('',(#11069));
#11069 = FILL_AREA_STYLE_COLOUR('',#10964);
#11070 = STYLED_ITEM('color',(#11071),#6667);
#11071 = PRESENTATION_STYLE_ASSIGNMENT((#11072));
#11072 = SURFACE_STYLE_USAGE(.BOTH.,#11073);
#11073 = SURFACE_SIDE_STYLE('',(#11074));
#11074 = SURFACE_STYLE_FILL_AREA(#11075);
#11075 = FILL_AREA_STYLE('',(#11076));
#11076 = FILL_AREA_STYLE_COLOUR('',#10964);
#11077 = STYLED_ITEM('color',(#11078),#6957);
#11078 = PRESENTATION_STYLE_ASSIGNMENT((#11079));
#11079 = SURFACE_STYLE_USAGE(.BOTH.,#11080);
#11080 = SURFACE_SIDE_STYLE('',(#11081));
#11081 = SURFACE_STYLE_FILL_AREA(#11082);
#11082 = FILL_AREA_STYLE('',(#11083));
#11083 = FILL_AREA_STYLE_COLOUR('',#10964);
#11084 = STYLED_ITEM('color',(#11085),#7107);
#11085 = PRESENTATION_STYLE_ASSIGNMENT((#11086));
#11086 = SURFACE_STYLE_USAGE(.BOTH.,#11087);
#11087 = SURFACE_SIDE_STYLE('',(#11088));
#11088 = SURFACE_STYLE_FILL_AREA(#11089);
#11089 = FILL_AREA_STYLE('',(#11090));
#11090 = FILL_AREA_STYLE_COLOUR('',#10964);
#11091 = STYLED_ITEM('color',(#11092),#7257);
#11092 = PRESENTATION_STYLE_ASSIGNMENT((#11093));
#11093 = SURFACE_STYLE_USAGE(.BOTH.,#11094);
#11094 = SURFACE_SIDE_STYLE('',(#11095));
#11095 = SURFACE_STYLE_FILL_AREA(#11096);
#11096 = FILL_AREA_STYLE('',(#11097));
#11097 = FILL_AREA_STYLE_COLOUR('',#10964);
#11098 = STYLED_ITEM('color',(#11099),#7407);
#11099 = PRESENTATION_STYLE_ASSIGNMENT((#11100));
#11100 = SURFACE_STYLE_USAGE(.BOTH.,#11101);
#11101 = SURFACE_SIDE_STYLE('',(#11102));
#11102 = SURFACE_STYLE_FILL_AREA(#11103);
#11103 = FILL_AREA_STYLE('',(#11104));
#11104 = FILL_AREA_STYLE_COLOUR('',#10964);
#11105 = STYLED_ITEM('color',(#11106),#7557);
#11106 = PRESENTATION_STYLE_ASSIGNMENT((#11107));
#11107 = SURFACE_STYLE_USAGE(.BOTH.,#11108);
#11108 = SURFACE_SIDE_STYLE('',(#11109));
#11109 = SURFACE_STYLE_FILL_AREA(#11110);
#11110 = FILL_AREA_STYLE('',(#11111));
#11111 = FILL_AREA_STYLE_COLOUR('',#10964);
#11112 = STYLED_ITEM('color',(#11113),#7707);
#11113 = PRESENTATION_STYLE_ASSIGNMENT((#11114));
#11114 = SURFACE_STYLE_USAGE(.BOTH.,#11115);
#11115 = SURFACE_SIDE_STYLE('',(#11116));
#11116 = SURFACE_STYLE_FILL_AREA(#11117);
#11117 = FILL_AREA_STYLE('',(#11118));
#11118 = FILL_AREA_STYLE_COLOUR('',#10964);
#11119 = MECHANICAL_DESIGN_GEOMETRIC_PRESENTATION_REPRESENTATION('',(
    #11120),#10323);
#11120 = STYLED_ITEM('color',(#11121),#10017);
#11121 = PRESENTATION_STYLE_ASSIGNMENT((#11122));
#11122 = SURFACE_STYLE_USAGE(.BOTH.,#11123);
#11123 = SURFACE_SIDE_STYLE('',(#11124));
#11124 = SURFACE_STYLE_FILL_AREA(#11125);
#11125 = FILL_AREA_STYLE('',(#11126));
#11126 = FILL_AREA_STYLE_COLOUR('',#11127);
#11127 = COLOUR_RGB('',0.313304153717,0.484529207832,0.410020903123);
#11128 = MECHANICAL_DESIGN_GEOMETRIC_PRESENTATION_REPRESENTATION('',(
    #11129,#11136,#11143,#11150,#11157,#11164,#11171,#11178,#11185,
    #11192,#11199,#11207,#11214,#11221,#11228,#11235,#11242,#11249,
    #11256,#11263,#11270,#11277,#11284,#11291,#11298,#11305,#11312,
    #11319),#2138);
#11129 = STYLED_ITEM('color',(#11130),#1286);
#11130 = PRESENTATION_STYLE_ASSIGNMENT((#11131));
#11131 = SURFACE_STYLE_USAGE(.BOTH.,#11132);
#11132 = SURFACE_SIDE_STYLE('',(#11133));
#11133 = SURFACE_STYLE_FILL_AREA(#11134);
#11134 = FILL_AREA_STYLE('',(#11135));
#11135 = FILL_AREA_STYLE_COLOUR('',#10488);
#11136 = STYLED_ITEM('color',(#11137),#1362);
#11137 = PRESENTATION_STYLE_ASSIGNMENT((#11138));
#11138 = SURFACE_STYLE_USAGE(.BOTH.,#11139);
#11139 = SURFACE_SIDE_STYLE('',(#11140));
#11140 = SURFACE_STYLE_FILL_AREA(#11141);
#11141 = FILL_AREA_STYLE('',(#11142));
#11142 = FILL_AREA_STYLE_COLOUR('',#10488);
#11143 = STYLED_ITEM('color',(#11144),#1393);
#11144 = PRESENTATION_STYLE_ASSIGNMENT((#11145));
#11145 = SURFACE_STYLE_USAGE(.BOTH.,#11146);
#11146 = SURFACE_SIDE_STYLE('',(#11147));
#11147 = SURFACE_STYLE_FILL_AREA(#11148);
#11148 = FILL_AREA_STYLE('',(#11149));
#11149 = FILL_AREA_STYLE_COLOUR('',#10488);
#11150 = STYLED_ITEM('color',(#11151),#1418);
#11151 = PRESENTATION_STYLE_ASSIGNMENT((#11152));
#11152 = SURFACE_STYLE_USAGE(.BOTH.,#11153);
#11153 = SURFACE_SIDE_STYLE('',(#11154));
#11154 = SURFACE_STYLE_FILL_AREA(#11155);
#11155 = FILL_AREA_STYLE('',(#11156));
#11156 = FILL_AREA_STYLE_COLOUR('',#10488);
#11157 = STYLED_ITEM('color',(#11158),#1443);
#11158 = PRESENTATION_STYLE_ASSIGNMENT((#11159));
#11159 = SURFACE_STYLE_USAGE(.BOTH.,#11160);
#11160 = SURFACE_SIDE_STYLE('',(#11161));
#11161 = SURFACE_STYLE_FILL_AREA(#11162);
#11162 = FILL_AREA_STYLE('',(#11163));
#11163 = FILL_AREA_STYLE_COLOUR('',#10488);
#11164 = STYLED_ITEM('color',(#11165),#1467);
#11165 = PRESENTATION_STYLE_ASSIGNMENT((#11166));
#11166 = SURFACE_STYLE_USAGE(.BOTH.,#11167);
#11167 = SURFACE_SIDE_STYLE('',(#11168));
#11168 = SURFACE_STYLE_FILL_AREA(#11169);
#11169 = FILL_AREA_STYLE('',(#11170));
#11170 = FILL_AREA_STYLE_COLOUR('',#10488);
#11171 = STYLED_ITEM('color',(#11172),#1491);
#11172 = PRESENTATION_STYLE_ASSIGNMENT((#11173));
#11173 = SURFACE_STYLE_USAGE(.BOTH.,#11174);
#11174 = SURFACE_SIDE_STYLE('',(#11175));
#11175 = SURFACE_STYLE_FILL_AREA(#11176);
#11176 = FILL_AREA_STYLE('',(#11177));
#11177 = FILL_AREA_STYLE_COLOUR('',#10488);
#11178 = STYLED_ITEM('color',(#11179),#1516);
#11179 = PRESENTATION_STYLE_ASSIGNMENT((#11180));
#11180 = SURFACE_STYLE_USAGE(.BOTH.,#11181);
#11181 = SURFACE_SIDE_STYLE('',(#11182));
#11182 = SURFACE_STYLE_FILL_AREA(#11183);
#11183 = FILL_AREA_STYLE('',(#11184));
#11184 = FILL_AREA_STYLE_COLOUR('',#10488);
#11185 = STYLED_ITEM('color',(#11186),#1541);
#11186 = PRESENTATION_STYLE_ASSIGNMENT((#11187));
#11187 = SURFACE_STYLE_USAGE(.BOTH.,#11188);
#11188 = SURFACE_SIDE_STYLE('',(#11189));
#11189 = SURFACE_STYLE_FILL_AREA(#11190);
#11190 = FILL_AREA_STYLE('',(#11191));
#11191 = FILL_AREA_STYLE_COLOUR('',#10488);
#11192 = STYLED_ITEM('color',(#11193),#1558);
#11193 = PRESENTATION_STYLE_ASSIGNMENT((#11194));
#11194 = SURFACE_STYLE_USAGE(.BOTH.,#11195);
#11195 = SURFACE_SIDE_STYLE('',(#11196));
#11196 = SURFACE_STYLE_FILL_AREA(#11197);
#11197 = FILL_AREA_STYLE('',(#11198));
#11198 = FILL_AREA_STYLE_COLOUR('',#10488);
#11199 = STYLED_ITEM('color',(#11200),#1644);
#11200 = PRESENTATION_STYLE_ASSIGNMENT((#11201));
#11201 = SURFACE_STYLE_USAGE(.BOTH.,#11202);
#11202 = SURFACE_SIDE_STYLE('',(#11203));
#11203 = SURFACE_STYLE_FILL_AREA(#11204);
#11204 = FILL_AREA_STYLE('',(#11205));
#11205 = FILL_AREA_STYLE_COLOUR('',#11206);
#11206 = COLOUR_RGB('',0.379000005575,0.270000008848,0.214999999939);
#11207 = STYLED_ITEM('color',(#11208),#1676);
#11208 = PRESENTATION_STYLE_ASSIGNMENT((#11209));
#11209 = SURFACE_STYLE_USAGE(.BOTH.,#11210);
#11210 = SURFACE_SIDE_STYLE('',(#11211));
#11211 = SURFACE_STYLE_FILL_AREA(#11212);
#11212 = FILL_AREA_STYLE('',(#11213));
#11213 = FILL_AREA_STYLE_COLOUR('',#11206);
#11214 = STYLED_ITEM('color',(#11215),#1700);
#11215 = PRESENTATION_STYLE_ASSIGNMENT((#11216));
#11216 = SURFACE_STYLE_USAGE(.BOTH.,#11217);
#11217 = SURFACE_SIDE_STYLE('',(#11218));
#11218 = SURFACE_STYLE_FILL_AREA(#11219);
#11219 = FILL_AREA_STYLE('',(#11220));
#11220 = FILL_AREA_STYLE_COLOUR('',#11206);
#11221 = STYLED_ITEM('color',(#11222),#1725);
#11222 = PRESENTATION_STYLE_ASSIGNMENT((#11223));
#11223 = SURFACE_STYLE_USAGE(.BOTH.,#11224);
#11224 = SURFACE_SIDE_STYLE('',(#11225));
#11225 = SURFACE_STYLE_FILL_AREA(#11226);
#11226 = FILL_AREA_STYLE('',(#11227));
#11227 = FILL_AREA_STYLE_COLOUR('',#11206);
#11228 = STYLED_ITEM('color',(#11229),#1749);
#11229 = PRESENTATION_STYLE_ASSIGNMENT((#11230));
#11230 = SURFACE_STYLE_USAGE(.BOTH.,#11231);
#11231 = SURFACE_SIDE_STYLE('',(#11232));
#11232 = SURFACE_STYLE_FILL_AREA(#11233);
#11233 = FILL_AREA_STYLE('',(#11234));
#11234 = FILL_AREA_STYLE_COLOUR('',#11206);
#11235 = STYLED_ITEM('color',(#11236),#1774);
#11236 = PRESENTATION_STYLE_ASSIGNMENT((#11237));
#11237 = SURFACE_STYLE_USAGE(.BOTH.,#11238);
#11238 = SURFACE_SIDE_STYLE('',(#11239));
#11239 = SURFACE_STYLE_FILL_AREA(#11240);
#11240 = FILL_AREA_STYLE('',(#11241));
#11241 = FILL_AREA_STYLE_COLOUR('',#11206);
#11242 = STYLED_ITEM('color',(#11243),#1798);
#11243 = PRESENTATION_STYLE_ASSIGNMENT((#11244));
#11244 = SURFACE_STYLE_USAGE(.BOTH.,#11245);
#11245 = SURFACE_SIDE_STYLE('',(#11246));
#11246 = SURFACE_STYLE_FILL_AREA(#11247);
#11247 = FILL_AREA_STYLE('',(#11248));
#11248 = FILL_AREA_STYLE_COLOUR('',#11206);
#11249 = STYLED_ITEM('color',(#11250),#1823);
#11250 = PRESENTATION_STYLE_ASSIGNMENT((#11251));
#11251 = SURFACE_STYLE_USAGE(.BOTH.,#11252);
#11252 = SURFACE_SIDE_STYLE('',(#11253));
#11253 = SURFACE_STYLE_FILL_AREA(#11254);
#11254 = FILL_AREA_STYLE('',(#11255));
#11255 = FILL_AREA_STYLE_COLOUR('',#11206);
#11256 = STYLED_ITEM('color',(#11257),#1840);
#11257 = PRESENTATION_STYLE_ASSIGNMENT((#11258));
#11258 = SURFACE_STYLE_USAGE(.BOTH.,#11259);
#11259 = SURFACE_SIDE_STYLE('',(#11260));
#11260 = SURFACE_STYLE_FILL_AREA(#11261);
#11261 = FILL_AREA_STYLE('',(#11262));
#11262 = FILL_AREA_STYLE_COLOUR('',#10488);
#11263 = STYLED_ITEM('color',(#11264),#1926);
#11264 = PRESENTATION_STYLE_ASSIGNMENT((#11265));
#11265 = SURFACE_STYLE_USAGE(.BOTH.,#11266);
#11266 = SURFACE_SIDE_STYLE('',(#11267));
#11267 = SURFACE_STYLE_FILL_AREA(#11268);
#11268 = FILL_AREA_STYLE('',(#11269));
#11269 = FILL_AREA_STYLE_COLOUR('',#10488);
#11270 = STYLED_ITEM('color',(#11271),#1957);
#11271 = PRESENTATION_STYLE_ASSIGNMENT((#11272));
#11272 = SURFACE_STYLE_USAGE(.BOTH.,#11273);
#11273 = SURFACE_SIDE_STYLE('',(#11274));
#11274 = SURFACE_STYLE_FILL_AREA(#11275);
#11275 = FILL_AREA_STYLE('',(#11276));
#11276 = FILL_AREA_STYLE_COLOUR('',#10488);
#11277 = STYLED_ITEM('color',(#11278),#1982);
#11278 = PRESENTATION_STYLE_ASSIGNMENT((#11279));
#11279 = SURFACE_STYLE_USAGE(.BOTH.,#11280);
#11280 = SURFACE_SIDE_STYLE('',(#11281));
#11281 = SURFACE_STYLE_FILL_AREA(#11282);
#11282 = FILL_AREA_STYLE('',(#11283));
#11283 = FILL_AREA_STYLE_COLOUR('',#10488);
#11284 = STYLED_ITEM('color',(#11285),#2007);
#11285 = PRESENTATION_STYLE_ASSIGNMENT((#11286));
#11286 = SURFACE_STYLE_USAGE(.BOTH.,#11287);
#11287 = SURFACE_SIDE_STYLE('',(#11288));
#11288 = SURFACE_STYLE_FILL_AREA(#11289);
#11289 = FILL_AREA_STYLE('',(#11290));
#11290 = FILL_AREA_STYLE_COLOUR('',#10488);
#11291 = STYLED_ITEM('color',(#11292),#2031);
#11292 = PRESENTATION_STYLE_ASSIGNMENT((#11293));
#11293 = SURFACE_STYLE_USAGE(.BOTH.,#11294);
#11294 = SURFACE_SIDE_STYLE('',(#11295));
#11295 = SURFACE_STYLE_FILL_AREA(#11296);
#11296 = FILL_AREA_STYLE('',(#11297));
#11297 = FILL_AREA_STYLE_COLOUR('',#10488);
#11298 = STYLED_ITEM('color',(#11299),#2055);
#11299 = PRESENTATION_STYLE_ASSIGNMENT((#11300));
#11300 = SURFACE_STYLE_USAGE(.BOTH.,#11301);
#11301 = SURFACE_SIDE_STYLE('',(#11302));
#11302 = SURFACE_STYLE_FILL_AREA(#11303);
#11303 = FILL_AREA_STYLE('',(#11304));
#11304 = FILL_AREA_STYLE_COLOUR('',#10488);
#11305 = STYLED_ITEM('color',(#11306),#2080);
#11306 = PRESENTATION_STYLE_ASSIGNMENT((#11307));
#11307 = SURFACE_STYLE_USAGE(.BOTH.,#11308);
#11308 = SURFACE_SIDE_STYLE('',(#11309));
#11309 = SURFACE_STYLE_FILL_AREA(#11310);
#11310 = FILL_AREA_STYLE('',(#11311));
#11311 = FILL_AREA_STYLE_COLOUR('',#10488);
#11312 = STYLED_ITEM('color',(#11313),#2105);
#11313 = PRESENTATION_STYLE_ASSIGNMENT((#11314));
#11314 = SURFACE_STYLE_USAGE(.BOTH.,#11315);
#11315 = SURFACE_SIDE_STYLE('',(#11316));
#11316 = SURFACE_STYLE_FILL_AREA(#11317);
#11317 = FILL_AREA_STYLE('',(#11318));
#11318 = FILL_AREA_STYLE_COLOUR('',#10488);
#11319 = STYLED_ITEM('color',(#11320),#2122);
#11320 = PRESENTATION_STYLE_ASSIGNMENT((#11321));
#11321 = SURFACE_STYLE_USAGE(.BOTH.,#11322);
#11322 = SURFACE_SIDE_STYLE('',(#11323));
#11323 = SURFACE_STYLE_FILL_AREA(#11324);
#11324 = FILL_AREA_STYLE('',(#11325));
#11325 = FILL_AREA_STYLE_COLOUR('',#10488);
#11326 = MECHANICAL_DESIGN_GEOMETRIC_PRESENTATION_REPRESENTATION('',(
    #11327,#11334,#11341,#11348,#11355,#11362,#11369,#11376,#11383,
    #11390,#11397,#11404,#11411,#11418,#11425,#11432,#11439,#11446,
    #11453,#11460,#11467,#11474,#11481,#11488,#11495,#11502),#2947);
#11327 = STYLED_ITEM('color',(#11328),#2159);
#11328 = PRESENTATION_STYLE_ASSIGNMENT((#11329));
#11329 = SURFACE_STYLE_USAGE(.BOTH.,#11330);
#11330 = SURFACE_SIDE_STYLE('',(#11331));
#11331 = SURFACE_STYLE_FILL_AREA(#11332);
#11332 = FILL_AREA_STYLE('',(#11333));
#11333 = FILL_AREA_STYLE_COLOUR('',#10488);
#11334 = STYLED_ITEM('color',(#11335),#2199);
#11335 = PRESENTATION_STYLE_ASSIGNMENT((#11336));
#11336 = SURFACE_STYLE_USAGE(.BOTH.,#11337);
#11337 = SURFACE_SIDE_STYLE('',(#11338));
#11338 = SURFACE_STYLE_FILL_AREA(#11339);
#11339 = FILL_AREA_STYLE('',(#11340));
#11340 = FILL_AREA_STYLE_COLOUR('',#10488);
#11341 = STYLED_ITEM('color',(#11342),#2282);
#11342 = PRESENTATION_STYLE_ASSIGNMENT((#11343));
#11343 = SURFACE_STYLE_USAGE(.BOTH.,#11344);
#11344 = SURFACE_SIDE_STYLE('',(#11345));
#11345 = SURFACE_STYLE_FILL_AREA(#11346);
#11346 = FILL_AREA_STYLE('',(#11347));
#11347 = FILL_AREA_STYLE_COLOUR('',#10488);
#11348 = STYLED_ITEM('color',(#11349),#2307);
#11349 = PRESENTATION_STYLE_ASSIGNMENT((#11350));
#11350 = SURFACE_STYLE_USAGE(.BOTH.,#11351);
#11351 = SURFACE_SIDE_STYLE('',(#11352));
#11352 = SURFACE_STYLE_FILL_AREA(#11353);
#11353 = FILL_AREA_STYLE('',(#11354));
#11354 = FILL_AREA_STYLE_COLOUR('',#10488);
#11355 = STYLED_ITEM('color',(#11356),#2332);
#11356 = PRESENTATION_STYLE_ASSIGNMENT((#11357));
#11357 = SURFACE_STYLE_USAGE(.BOTH.,#11358);
#11358 = SURFACE_SIDE_STYLE('',(#11359));
#11359 = SURFACE_STYLE_FILL_AREA(#11360);
#11360 = FILL_AREA_STYLE('',(#11361));
#11361 = FILL_AREA_STYLE_COLOUR('',#10488);
#11362 = STYLED_ITEM('color',(#11363),#2399);
#11363 = PRESENTATION_STYLE_ASSIGNMENT((#11364));
#11364 = SURFACE_STYLE_USAGE(.BOTH.,#11365);
#11365 = SURFACE_SIDE_STYLE('',(#11366));
#11366 = SURFACE_STYLE_FILL_AREA(#11367);
#11367 = FILL_AREA_STYLE('',(#11368));
#11368 = FILL_AREA_STYLE_COLOUR('',#10488);
#11369 = STYLED_ITEM('color',(#11370),#2416);
#11370 = PRESENTATION_STYLE_ASSIGNMENT((#11371));
#11371 = SURFACE_STYLE_USAGE(.BOTH.,#11372);
#11372 = SURFACE_SIDE_STYLE('',(#11373));
#11373 = SURFACE_STYLE_FILL_AREA(#11374);
#11374 = FILL_AREA_STYLE('',(#11375));
#11375 = FILL_AREA_STYLE_COLOUR('',#10488);
#11376 = STYLED_ITEM('color',(#11377),#2433);
#11377 = PRESENTATION_STYLE_ASSIGNMENT((#11378));
#11378 = SURFACE_STYLE_USAGE(.BOTH.,#11379);
#11379 = SURFACE_SIDE_STYLE('',(#11380));
#11380 = SURFACE_STYLE_FILL_AREA(#11381);
#11381 = FILL_AREA_STYLE('',(#11382));
#11382 = FILL_AREA_STYLE_COLOUR('',#10538);
#11383 = STYLED_ITEM('color',(#11384),#2482);
#11384 = PRESENTATION_STYLE_ASSIGNMENT((#11385));
#11385 = SURFACE_STYLE_USAGE(.BOTH.,#11386);
#11386 = SURFACE_SIDE_STYLE('',(#11387));
#11387 = SURFACE_STYLE_FILL_AREA(#11388);
#11388 = FILL_AREA_STYLE('',(#11389));
#11389 = FILL_AREA_STYLE_COLOUR('',#10488);
#11390 = STYLED_ITEM('color',(#11391),#2504);
#11391 = PRESENTATION_STYLE_ASSIGNMENT((#11392));
#11392 = SURFACE_STYLE_USAGE(.BOTH.,#11393);
#11393 = SURFACE_SIDE_STYLE('',(#11394));
#11394 = SURFACE_STYLE_FILL_AREA(#11395);
#11395 = FILL_AREA_STYLE('',(#11396));
#11396 = FILL_AREA_STYLE_COLOUR('',#10488);
#11397 = STYLED_ITEM('color',(#11398),#2516);
#11398 = PRESENTATION_STYLE_ASSIGNMENT((#11399));
#11399 = SURFACE_STYLE_USAGE(.BOTH.,#11400);
#11400 = SURFACE_SIDE_STYLE('',(#11401));
#11401 = SURFACE_STYLE_FILL_AREA(#11402);
#11402 = FILL_AREA_STYLE('',(#11403));
#11403 = FILL_AREA_STYLE_COLOUR('',#10538);
#11404 = STYLED_ITEM('color',(#11405),#2565);
#11405 = PRESENTATION_STYLE_ASSIGNMENT((#11406));
#11406 = SURFACE_STYLE_USAGE(.BOTH.,#11407);
#11407 = SURFACE_SIDE_STYLE('',(#11408));
#11408 = SURFACE_STYLE_FILL_AREA(#11409);
#11409 = FILL_AREA_STYLE('',(#11410));
#11410 = FILL_AREA_STYLE_COLOUR('',#10538);
#11411 = STYLED_ITEM('color',(#11412),#2582);
#11412 = PRESENTATION_STYLE_ASSIGNMENT((#11413));
#11413 = SURFACE_STYLE_USAGE(.BOTH.,#11414);
#11414 = SURFACE_SIDE_STYLE('',(#11415));
#11415 = SURFACE_STYLE_FILL_AREA(#11416);
#11416 = FILL_AREA_STYLE('',(#11417));
#11417 = FILL_AREA_STYLE_COLOUR('',#10488);
#11418 = STYLED_ITEM('color',(#11419),#2651);
#11419 = PRESENTATION_STYLE_ASSIGNMENT((#11420));
#11420 = SURFACE_STYLE_USAGE(.BOTH.,#11421);
#11421 = SURFACE_SIDE_STYLE('',(#11422));
#11422 = SURFACE_STYLE_FILL_AREA(#11423);
#11423 = FILL_AREA_STYLE('',(#11424));
#11424 = FILL_AREA_STYLE_COLOUR('',#10581);
#11425 = STYLED_ITEM('color',(#11426),#2682);
#11426 = PRESENTATION_STYLE_ASSIGNMENT((#11427));
#11427 = SURFACE_STYLE_USAGE(.BOTH.,#11428);
#11428 = SURFACE_SIDE_STYLE('',(#11429));
#11429 = SURFACE_STYLE_FILL_AREA(#11430);
#11430 = FILL_AREA_STYLE('',(#11431));
#11431 = FILL_AREA_STYLE_COLOUR('',#10581);
#11432 = STYLED_ITEM('color',(#11433),#2706);
#11433 = PRESENTATION_STYLE_ASSIGNMENT((#11434));
#11434 = SURFACE_STYLE_USAGE(.BOTH.,#11435);
#11435 = SURFACE_SIDE_STYLE('',(#11436));
#11436 = SURFACE_STYLE_FILL_AREA(#11437);
#11437 = FILL_AREA_STYLE('',(#11438));
#11438 = FILL_AREA_STYLE_COLOUR('',#10488);
#11439 = STYLED_ITEM('color',(#11440),#2775);
#11440 = PRESENTATION_STYLE_ASSIGNMENT((#11441));
#11441 = SURFACE_STYLE_USAGE(.BOTH.,#11442);
#11442 = SURFACE_SIDE_STYLE('',(#11443));
#11443 = SURFACE_STYLE_FILL_AREA(#11444);
#11444 = FILL_AREA_STYLE('',(#11445));
#11445 = FILL_AREA_STYLE_COLOUR('',#10581);
#11446 = STYLED_ITEM('color',(#11447),#2799);
#11447 = PRESENTATION_STYLE_ASSIGNMENT((#11448));
#11448 = SURFACE_STYLE_USAGE(.BOTH.,#11449);
#11449 = SURFACE_SIDE_STYLE('',(#11450));
#11450 = SURFACE_STYLE_FILL_AREA(#11451);
#11451 = FILL_AREA_STYLE('',(#11452));
#11452 = FILL_AREA_STYLE_COLOUR('',#10488);
#11453 = STYLED_ITEM('color',(#11454),#2816);
#11454 = PRESENTATION_STYLE_ASSIGNMENT((#11455));
#11455 = SURFACE_STYLE_USAGE(.BOTH.,#11456);
#11456 = SURFACE_SIDE_STYLE('',(#11457));
#11457 = SURFACE_STYLE_FILL_AREA(#11458);
#11458 = FILL_AREA_STYLE('',(#11459));
#11459 = FILL_AREA_STYLE_COLOUR('',#10488);
#11460 = STYLED_ITEM('color',(#11461),#2833);
#11461 = PRESENTATION_STYLE_ASSIGNMENT((#11462));
#11462 = SURFACE_STYLE_USAGE(.BOTH.,#11463);
#11463 = SURFACE_SIDE_STYLE('',(#11464));
#11464 = SURFACE_STYLE_FILL_AREA(#11465);
#11465 = FILL_AREA_STYLE('',(#11466));
#11466 = FILL_AREA_STYLE_COLOUR('',#10488);
#11467 = STYLED_ITEM('color',(#11468),#2850);
#11468 = PRESENTATION_STYLE_ASSIGNMENT((#11469));
#11469 = SURFACE_STYLE_USAGE(.BOTH.,#11470);
#11470 = SURFACE_SIDE_STYLE('',(#11471));
#11471 = SURFACE_STYLE_FILL_AREA(#11472);
#11472 = FILL_AREA_STYLE('',(#11473));
#11473 = FILL_AREA_STYLE_COLOUR('',#10488);
#11474 = STYLED_ITEM('color',(#11475),#2867);
#11475 = PRESENTATION_STYLE_ASSIGNMENT((#11476));
#11476 = SURFACE_STYLE_USAGE(.BOTH.,#11477);
#11477 = SURFACE_SIDE_STYLE('',(#11478));
#11478 = SURFACE_STYLE_FILL_AREA(#11479);
#11479 = FILL_AREA_STYLE('',(#11480));
#11480 = FILL_AREA_STYLE_COLOUR('',#10488);
#11481 = STYLED_ITEM('color',(#11482),#2884);
#11482 = PRESENTATION_STYLE_ASSIGNMENT((#11483));
#11483 = SURFACE_STYLE_USAGE(.BOTH.,#11484);
#11484 = SURFACE_SIDE_STYLE('',(#11485));
#11485 = SURFACE_STYLE_FILL_AREA(#11486);
#11486 = FILL_AREA_STYLE('',(#11487));
#11487 = FILL_AREA_STYLE_COLOUR('',#10488);
#11488 = STYLED_ITEM('color',(#11489),#2901);
#11489 = PRESENTATION_STYLE_ASSIGNMENT((#11490));
#11490 = SURFACE_STYLE_USAGE(.BOTH.,#11491);
#11491 = SURFACE_SIDE_STYLE('',(#11492));
#11492 = SURFACE_STYLE_FILL_AREA(#11493);
#11493 = FILL_AREA_STYLE('',(#11494));
#11494 = FILL_AREA_STYLE_COLOUR('',#10488);
#11495 = STYLED_ITEM('color',(#11496),#2918);
#11496 = PRESENTATION_STYLE_ASSIGNMENT((#11497));
#11497 = SURFACE_STYLE_USAGE(.BOTH.,#11498);
#11498 = SURFACE_SIDE_STYLE('',(#11499));
#11499 = SURFACE_STYLE_FILL_AREA(#11500);
#11500 = FILL_AREA_STYLE('',(#11501));
#11501 = FILL_AREA_STYLE_COLOUR('',#10581);
#11502 = STYLED_ITEM('color',(#11503),#2935);
#11503 = PRESENTATION_STYLE_ASSIGNMENT((#11504));
#11504 = SURFACE_STYLE_USAGE(.BOTH.,#11505);
#11505 = SURFACE_SIDE_STYLE('',(#11506));
#11506 = SURFACE_STYLE_FILL_AREA(#11507);
#11507 = FILL_AREA_STYLE('',(#11508));
#11508 = FILL_AREA_STYLE_COLOUR('',#10581);
ENDSEC;
END-ISO-10303-21;
