Time,Ax,Ay,Fx_WC_L1,Fx_WC_L2,Fx_WC_R1,Fx_WC_R2,Fy_WC_L1,Fy_WC_L2,Fy_WC_R1,Fy_WC_R2,Fz_WC_L1,Fz_WC_L2,Fz_WC_R1,Fz_WC_R2,Mx_WC_L1,Mx_WC_L2,Mx_WC_R1,Mx_WC_R2,My_WC_L1,My_WC_L2,My_WC_R1,My_WC_R2,Mz_WC_L1,Mz_WC_L2,Mz_WC_R1,Mz_WC_R2
0, -0.01264086431422, 0.001433333266844, -1.785305958063, 8.124833710371, -1.155928513457, 8.098123123053, -7.232652866811, -14.98861999245, 7.970172365684, 16.28820179833, 910.1675180585, 725.4051490744, 889.22008916, 698.7272307417, 3.433351194361, 2.506066534765, -3.002235709485, -1.727850292933, -2.794688965355, -2.781508331974, -2.798087499249, -2.751875335297, 0.5509548567626, 1.669175623534, -0.5307181498458, -1.594024592166
0.025, -0.0288411055854, 0.0006807511537057, -17.59452684052, -3.500521845697, -16.77376654492, -3.071823658409, -37.03286633405, -13.55461241381, 36.40011888319, 14.06187680049, 936.7419721711, 728.769409366, 904.3459566862, 701.0378971924, -4.731130213482, 2.941772354237, 4.862101418584, -2.372308038333, 1.433246823152, 0.3900038698713, 1.420009760843, 0.2979551188973, 0.8590830407401, 1.654179182776, -0.8237425912039, -1.568959005136
0.05, -0.03159967438793, 0.0007545722430493, -12.67541528438, -13.29029059854, -11.80342799947, -12.60525827454, -44.71299483459, -14.98740671748, 44.590748647, 15.24781961096, 943.4817673512, 731.8605351476, 910.1803444917, 704.3709113119, -6.841542188353, 2.568995562668, 7.122767396894, -2.069727320192, 0.06943830585643, 3.05793493152, 0.04586554934719, 2.897534456404, 0.9510385527528, 1.674904375629, -0.9186413700769, -1.58534481329
0.075, -0.04127078567598, -0.0003142313325815, -13.54613035824, -28.61697128473, -12.76387358369, -27.93987316241, -46.46403516706, -16.33652887944, 44.997704149, 14.3244663552, 947.1068579005, 729.7876599499, 916.0280606144, 704.925884666, -7.313173134235, 2.170937626671, 7.202639835765, -2.334488371414, 0.2809494463087, 7.238409531162, 0.2746116122611, 7.080734055016, 0.9682609782288, 1.687717763381, -0.9229114600118, -1.576571203393
0.1, -0.05038570777101, -0.0005582036074661, -13.27621878038, -44.29151337618, -12.49752857878, -43.52864054514, -46.60634522372, -16.91432824763, 45.1676441067, 14.13537424415, 951.6301139771, 726.3026957638, 918.1438551091, 699.4052483749, -7.327060374678, 1.977481061335, 7.241852365568, -2.336012346014, 0.1707995538791, 11.51021762663, 0.1754067828738, 11.3340701052, 0.9674482572395, 1.691991817156, -0.9224334433754, -1.569529383144
0.125, -0.0583525192043, -0.0005880420313995, -13.25375273342, -57.9144148277, -12.40536315596, -57.00322407204, -46.5579950615, -17.33748332013, 45.35457974937, 14.27119799254, 954.6953847302, 720.4746969733, 920.0006200148, 692.5672113115, -7.297293033004, 1.805029964013, 7.286781468559, -2.234605861541, 0.1273528312898, 15.22060404594, 0.1190383829369, 15.00796102217, 0.9649198260976, 1.692921375535, -0.9215297886374, -1.564701002958
0.15, -0.06433784204765, -0.00113143602633, -13.2301633635, -68.15138309828, -12.39558724017, -67.21975177428, -46.98542564502, -18.16454224642, 45.06604829285, 13.98638217805, 956.2819681892, 714.5195132518, 922.5076999586, 687.6621465701, -7.410652963688, 1.517508026053, 7.193586250022, -2.269455681417, 0.088049060295, 18.00636915417, 0.08152837148504, 17.78937167442, 0.967023083889, 1.697095004731, -0.9163120229034, -1.557865846172
0.175, -0.06804286100535, -0.001385414525571, -13.23557151564, -74.54497725059, -12.4166045963, -73.60273653576, -47.18165556225, -18.6220844889, 45.01992843256, 13.85751300855, 958.3819574506, 712.2823406583, 923.6420316842, 684.7579341158, -7.455056168365, 1.36906028867, 7.177592385348, -2.278188167824, 0.05824392434767, 19.74092193995, 0.06105330667124, 19.5235793295, 0.9669604191252, 1.700639120366, -0.9137089534621, -1.553879104533
0.2, -0.06948144144663, -0.001420551942932, -13.29105459659, -77.13203664221, -12.43454377848, -76.13617893678, -47.2369346816, -18.74630099358, 45.12988395139, 13.81570025727, 959.9434514711, 712.6177229541, 924.2798935417, 684.4289818575, -7.463240105024, 1.338182338672, 7.208157695618, -2.286079736571, 0.05003584266939, 20.43671427329, 0.04752369693072, 20.20645819859, 0.9660407510319, 1.702977306973, -0.9127779635376, -1.552704996877
0.225, -0.06890145587214, -0.001686455081879, -13.34411270064, -76.27327245733, -12.48735913789, -75.28269354085, -47.53119719512, -18.97080897048, 45.02883369656, 13.51458420226, 960.180428285, 713.6808364312, 924.9312933679, 685.9060916426, -7.54677984963, 1.285583703179, 7.178628219695, -2.383692463877, 0.05263835143787, 20.19453499835, 0.0495222497356, 19.96529827075, 0.9679308451251, 1.706557447959, -0.9103135209416, -1.550764165618
0.25, -0.06672036187802, -0.001877923811897, -13.39695304937, -72.69125796605, -12.55452127901, -71.72351630954, -47.79279289487, -19.08540891258, 44.99986011402, 13.26087662894, 959.9152014132, 715.4555993762, 924.5452537282, 687.3699286639, -7.623434874303, 1.270604255714, 7.175329212406, -2.467720211348, 0.06301316945886, 19.2113431752, 0.06492321851177, 18.9882528968, 0.9699897243862, 1.709625227943, -0.9091685509973, -1.549221837188
0.275, -0.06341464519354, -0.001915457732602, -13.46069579104, -67.2092806532, -12.60835560437, -66.24318531318, -47.95724370927, -19.03969465352, 45.09337215388, 13.14735990876, 959.0268232126, 717.5279061872, 923.409097586, 688.8038790681, -7.675935067541, 1.303281965636, 7.21010156772, -2.512187315241, 0.08396840671838, 17.71209092955, 0.08447175471171, 17.48925919499, 0.9717703377171, 1.711330880233, -0.9097500404444, -1.549003151726
0.3, -0.05942368777838, -0.002009198238871, -13.51361531796, -60.54568101811, -12.65946561151, -59.60556871407, -48.18058215974, -19.02633417551, 45.12397455722, 12.99185139603, 957.3347896865, 719.3067042212, 922.0008171969, 690.6471580281, -7.749239081414, 1.323827085136, 7.227667903, -2.572484084838, 0.1096262156007, 15.89322787832, 0.1084901523231, 15.6760856628, 0.9746916560634, 1.712882364354, -0.9103495168827, -1.548870988528
0.325, -0.05512222870219, -0.00208518826032, -13.54297074589, -53.34013832346, -12.70024748398, -52.44265748782, -48.37442162222, -18.9952774524, 45.15777131903, 12.85944765282, 955.0027170426, 720.9294912324, 919.6885726001, 692.4097533564, -7.817502921826, 1.347801897292, 7.251068705506, -2.625633000638, 0.1347554400223, 13.92869012748, 0.1361434073608, 13.72153623058, 0.9777344180828, 1.713990985872, -0.9115225560068, -1.548929916729
0.35, -0.05080531919002, -0.002044046277337, -13.56958754335, -46.10142847524, -12.72674369818, -45.23376686935, -48.45708489324, -18.86810508659, 45.27043855766, 12.83788206809, 952.2589139492, 722.4607659104, 916.8056090127, 693.9186976186, -7.856748951896, 1.397878898566, 7.299718591185, -2.645356048784, 0.1624786194524, 11.95645465069, 0.1637464081296, 11.75592398261, 0.9799409440508, 1.71400740535, -0.9137245946022, -1.549834974658
0.375, -0.04667203959561, -0.002009394352866, -13.60026045515, -39.16041164696, -12.75819738553, -38.32415646012, -48.51352435146, -18.74911108205, 45.33154314529, 12.82128126833, 949.7063936432, 723.7399587541, 914.3906878841, 695.4079237914, -7.887360644038, 1.443198817998, 7.33066028345, -2.663613951395, 0.190672538587, 10.06593130598, 0.1910473022335, 9.872264469297, 0.9818300507368, 1.713788568489, -0.9154391036699, -1.550826337045
0.4, -0.04283968778355, -0.001979793930927, -13.63894456029, -32.71934523764, -12.80268126725, -31.9173181246, -48.52684347553, -18.63675878746, 45.337672074, 12.80625648772, 947.9720681046, 724.9619645903, 912.7625613187, 696.7986426386, -7.900789486383, 1.486131035498, 7.341348750185, -2.680521331956, 0.216703139786, 8.311289334656, 0.2177963630632, 8.125445136377, 0.9829823104289, 1.713523561327, -0.9164342181772, -1.551771081164
0.425, -0.03936171557342, -0.001912387029944, -13.68851515418, -26.87866060264, -12.85221692555, -26.10240229233, -48.47295699909, -18.49477079433, 45.34053054695, 12.82760664043, 947.1086002223, 726.1944022416, 911.8231569473, 698.039320895, -7.890107810135, 1.537525869614, 7.347133343697, -2.685792909084, 0.2405727116155, 6.719559446498, 0.2416512470473, 6.539545129531, 0.9831371618901, 1.712963602102, -0.917095920229, -1.552919839423
0.45, -0.03624544133968, -0.00185517331162, -13.74045838178, -21.64952146067, -12.90233943703, -20.89609174218, -48.41798555385, -18.36638879507, 45.32504526159, 12.84412445712, 946.6689939034, 727.2840551455, 911.3678933767, 699.2097996227, -7.876796120326, 1.58374921743, 7.345026892192, -2.691797165098, 0.2618557845727, 5.29407277777, 0.2623186234505, 5.119165617622, 0.9830269289556, 1.712405976011, -0.9173421088471, -1.553962948494
0.475, -0.03347276787803, -0.00181772477257, -13.7854297389, -16.99920805003, -12.94859550177, -16.26892832247, -48.38915323697, -18.26255022083, 45.30719017902, 12.84776084733, 946.2999726087, 728.2242302099, 911.0034866403, 700.2568404097, -7.87058888534, 1.62168975122, 7.341902430428, -2.700292659101, 0.2800033336104, 4.026294354844, 0.2806543053889, 3.856690301453, 0.9830512620971, 1.711961461229, -0.9174669622584, -1.554783431644
0.5, -0.03101855191475, -0.0017720792557, -13.82100172783, -12.88623346473, -12.98436250403, -12.17501511373, -48.37067699191, -18.16037191009, 45.31967333974, 12.86290248366, 945.8043056577, 729.0532874, 910.4516818354, 701.1341074178, -7.868129039653, 1.658145434774, 7.348546421768, -2.703994590117, 0.2957886707819, 2.90526322085, 0.2965501778397, 2.740001616553, 0.9831987131633, 1.711455106414, -0.9178892000075, -1.555566520429
0.525, -0.02886403004117, -0.001730128492637, -13.84619692711, -9.276868870346, -13.0091082529, -8.58208598653, -48.3693417428, -18.0694981017, 45.34702109287, 12.8791195799, 945.0799075612, 729.740726972, 909.7171435169, 701.9028269916, -7.871882846251, 1.690091022114, 7.36042865618, -2.706427867765, 0.3097584983326, 1.922019681767, 0.3102495974273, 1.760442232534, 0.9836010688876, 1.710951711057, -0.9185201761684, -1.556272008128
0.55, -0.02701118009706, -0.001699003485789, -13.86158859075, -6.172946821484, -13.02588067968, -5.493792317485, -48.38030112659, -17.99506524029, 45.37259536645, 12.88931898889, 944.2191742333, 730.3121350627, 908.8926867782, 702.5825658783, -7.879859659145, 1.716327244613, 7.372261310059, -2.709761344188, 0.3217815806746, 1.077042514144, 0.3222965121891, 0.9189946398216, 0.9841898380475, 1.710516208617, -0.9192048140793, -1.556855140846
0.575, -0.02549632391126, -0.00166479915429, -13.87055541771, -3.637410621061, -13.03607661462, -2.970783216532, -48.38097275103, -17.92449840495, 45.39759180084, 12.90495975206, 943.4102350201, 730.8070300921, 908.1004676343, 703.1525161329, -7.884550287913, 1.740769456384, 7.383664426667, -2.710568585863, 0.3318151675979, 0.3873061653412, 0.3323874487712, 0.2320715312495, 0.9846880356353, 1.710064481937, -0.9199010577702, -1.557406018674
0.6, -0.02440650764248, -0.001630568873005, -13.87481487431, -1.81863959799, -13.0406538983, -1.160795370175, -48.36755554559, -17.86082270826, 45.41234376867, 12.9240047811, 942.785215685, 731.1923342866, 907.4973577931, 703.6086816934, -7.884142471462, 1.762251309395, 7.391006398668, -2.709391715037, 0.339406883328, -0.1069267200225, 0.3398034281276, -0.2602295369355, 0.9849885610811, 1.709606974839, -0.9204490171147, -1.55790782909
0.625, -0.02393561365886, -0.00160384357793, -13.87217638593, -1.045237601178, -13.03858362114, -0.3919543542727, -48.34414917793, -17.81265229326, 45.40914390389, 12.94163196963, 942.4332103419, 731.4114025079, 907.1811375358, 703.9069990664, -7.879312546967, 1.777826879415, 7.391597603731, -2.707183177133, 0.3431595713815, -0.3161843580566, 0.3434545425747, -0.4685107605304, 0.9850634787789, 1.709192150683, -0.9207199742148, -1.558289931543
0.65, -0.02379715824777, -0.001577647567554, -13.86974196085, -0.8368068884612, -13.03602684305, -0.1871335493315, -48.30569719458, -17.77737727163, 45.39668670854, 12.96601448425, 942.4189217742, 731.4241331142, 907.1738222438, 703.9683034421, -7.868297216628, 1.7878586466, 7.387828686578, -2.700903802897, 0.3443094203685, -0.3719510884716, 0.3445059928559, -0.5234052764044, 0.9848161301076, 1.708782234064, -0.9207512663368, -1.558578406023
0.675, -0.02287927680946, -0.001550708681595, -13.89376330581, 0.6852090069469, -13.05904622069, 1.327726225296, -48.26168151381, -17.74946620394, 45.38554086223, 12.99457199535, 942.6258700904, 731.3933438715, 907.3432253906, 703.9287194774, -7.854512848766, 1.795414090861, 7.383536396866, -2.692491459546, 0.3505096189455, -0.7873289385626, 0.3506143210025, -0.937089629859, 0.9843606625119, 1.708455643797, -0.9206541627285, -1.558851988661
0.7, -0.02115162732873, -0.001531867552721, -13.93482662015, 3.574228999688, -13.09951095517, 4.205241980187, -48.23974896378, -17.72216932645, 45.38342251131, 13.00921419159, 942.7218178227, 731.6070299458, 907.3979246318, 704.1135729007, -7.84773963688, 1.805076181935, 7.382627164851, -2.6900147469, 0.3615438879981, -1.576314623249, 0.361678953226, -1.723408496715, 0.9841064966857, 1.708328291868, -0.9206123711933, -1.559150490636
0.725, -0.01886502644005, -0.001519154593873, -13.9774483528, 7.411026157621, -13.14254580591, 8.02673139124, -48.25079882126, -17.68210790157, 45.40082041479, 13.00284274508, 942.4149588896, 732.2271777401, 907.0648605424, 704.7150135709, -7.852705904259, 1.822115458601, 7.389575270512, -2.697246123948, 0.3757633055768, -2.623484058199, 0.3760536458211, -2.767075490701, 0.9843339617742, 1.708340721107, -0.9208776424827, -1.559512642833
0.75, -0.01622720195025, -0.001506370044273, -14.01275707611, 11.84869876561, -13.17904647265, 12.44619094608, -48.28787980145, -17.62151584323, 45.43925047717, 12.97982394149, 941.5969695501, 733.2102696792, 906.245045902, 705.7130670114, -7.86797565811, 1.848306621201, 7.405248329576, -2.712792313517, 0.3921421706739, -3.833377130024, 0.3925671308824, -3.972855962742, 0.9850837576026, 1.708350871993, -0.9215693575608, -1.559947187096
0.775, -0.01340749412323, -0.001490598850442, -14.03851008127, 16.60325320559, -13.2066841764, 17.1805232529, -48.33599752223, -17.54309979328, 45.48806705541, 12.94851214644, 940.3594510844, 734.3897212794, 905.0305673283, 706.9515955621, -7.888671674873, 1.88133669088, 7.425988652807, -2.732883896038, 0.4098698056695, -5.128228779411, 0.4103914682628, -5.263186597873, 0.9862142942484, 1.708254989128, -0.9226032312078, -1.560422194437
0.8, -0.01055068463773, -0.001469701098016, -14.05698148078, 21.42987383863, -13.22739002149, 21.98616252931, -48.37796823654, -17.45322276199, 45.5340946754, 12.91898040003, 938.922541523, 735.5924657551, 903.6251691412, 708.2407194532, -7.908588516798, 1.917810362271, 7.446838261862, -2.752948383004, 0.4281838123586, -6.441466929303, 0.4287815242339, -6.571764618534, 0.9874811339036, 1.708005071541, -0.9237939593251, -1.560911474526
0.825, -0.007774322795678, -0.001443360136046, -14.07193712179, 26.12808560415, -13.24437268754, 26.66385290375, -48.40174374681, -17.3587505883, 45.56672030029, 12.89811835683, 937.5226051775, 736.7020263736, 902.2504923715, 709.4434298319, -7.922937427694, 1.954717498874, 7.463520968366, -2.769788883389, 0.446350935218, -7.718892064488, 0.4469690941746, -7.844652276101, 0.9886572870837, 1.707610947542, -0.9249439706842, -1.561402062228
0.85, -0.00516356831698, -0.001413954856608, -14.08607007955, 30.55163539446, -13.2601298589, 31.06804624003, -48.40443359425, -17.26597260639, 45.58038788608, 12.88701232213, 936.3176094113, 737.6725698016, 901.0606315895, 710.5030851245, -7.930030687258, 1.989865347435, 7.473631891569, -2.782576304029, 0.4636923627822, -8.921115958055, 0.4642855522793, -9.042602694774, 0.9896157144301, 1.707125790048, -0.9259099564225, -1.561880851936
0.875, -0.002770569562085, -0.00138365248984, -14.10024451811, 34.61030996667, -13.27553836963, 35.10894627093, -48.38963225143, -17.17832495655, 45.57675839002, 12.88385211563, 935.3588314077, 738.510545702, 900.1052369296, 711.4195931154, -7.930664902291, 2.022348641595, 7.477435682884, -2.791814687726, 0.4796947958571, -10.02389266937, 0.4802524041648, -10.1414533457, 0.9903288040753, 1.706604225495, -0.9266481562027, -1.562339987404
0.9, -0.000618024239958, -0.001353640055534, -14.11401360374, 38.26435275668, -13.29015847406, 38.74701468511, -48.36401002033, -17.0968977313, 45.5621824481, 12.88614227713, 934.6149031221, 739.2402671273, 899.3546652211, 712.216432585, -7.926985677405, 2.052085507251, 7.476971542671, -2.798419779682, 0.4940967171894, -11.01655295875, 0.4946077006935, -11.13058379872, 0.990839100133, 1.7060823547, -0.9271950322341, -1.562775396989
0.925, 0.001294697074257, -0.001325034659129, -14.12642473996, 41.51418336357, -13.30315791206, 41.98262450937, -48.33464633247, -17.02227239501, 45.54320971053, 12.89128363318, 934.0189381665, 739.881448881, 898.747874509, 712.9178375646, -7.921434751771, 2.079092477488, 7.474486275963, -2.80334641503, 0.5068554255499, -11.89924529436, 0.5073111079705, -12.01013335704, 0.9912214517053, 1.705582269116, -0.9276163606865, -1.563179739637
0.95, 0.002984445682695, -0.001298356417161, -14.13672310749, 44.38808806725, -13.313932698, 44.84391238103, -48.30627939496, -16.95454896098, 45.52465132516, 12.89764123693, 933.5095574252, 740.4465300966, 898.2272748028, 713.5391722336, -7.915727184244, 2.103454039371, 7.471684564813, -2.80719771267, 0.5180779225714, -12.67965081532, 0.5184840259557, -12.78775170318, 0.9915406819589, 1.705113599313, -0.9279749116432, -1.563547882945
0.975, 0.0044775059529, -0.00127346139619, -14.14467707635, 46.93045789162, -13.32230539099, 47.37510998064, -48.28069598296, -16.89329773568, 45.50902564185, 12.90462345419, 933.0477770591, 740.9442353483, 897.7552331832, 714.0896867884, -7.910590641556, 2.125369667009, 7.469486832024, -2.810227086214, 0.527960819359, -13.36983004598, 0.5283220101731, -13.47546700326, 0.9918338990149, 1.704677336719, -0.9283132059776, -1.563880328164
1, 0.005803953329831, -0.001250302231734, -14.15049355314, 49.19212807437, -13.3285152292, 49.62684689999, -48.25798566694, -16.83808290172, 45.49658563405, 12.91181555163, 932.6155324968, 741.3827456781, 897.3150338851, 714.5780490052, -7.906141916627, 2.145036061958, 7.468044684409, -2.812632157763, 0.5367267850268, -13.98361357535, 0.5370443543684, -14.08706517824, 0.9921165230372, 1.704273588075, -0.9286477360413, -1.564178902516
1.025, -0.05561399362643, 0.5092079525991, 6.365965086084, 78.07264815031, -40.11232858733, 35.01589053273, 734.9411545531, -72.99146228907, 1097.441635472, -71.45016412667, 586.8563496178, 348.6526822707, 1328.010799455, 1125.556002588, 210.6176446808, -18.10552124389, 299.6919145748, -30.85834538048, -1.123542172918, -21.80159402923, 0.8356814346679, -10.29093005587, -0.7581154544534, 1.258366705728, 1.530334886687, -0.4317481494128
1.05, -0.05782617804057, 0.4869057674463, 9.44503166894, 83.89288268527, -48.9122490737, 18.7624633054, 736.6443048905, -70.21018957577, 1006.477236199, -42.93382040893, 587.356288481, 364.1253006581, 1249.372875694, 1070.917636868, 210.9871301742, -17.32842494815, 274.4134497291, -22.72241022109, -1.843747898629, -23.38425380632, 3.757332920093, -5.842982537077, -1.989267345907, 1.220243387616, 0.3629076930017, -1.130582654597
1.075, -0.04739431137927, 0.5861892635597, 5.284168046418, 111.1017490269, -37.72386604603, 28.92286238714, 825.0590632291, 71.57036784316, 968.2781470026, 112.7148587147, 694.2916168552, 463.819142474, 1095.346301537, 907.4926021721, 235.9768036581, 23.85497296794, 264.5471655877, 22.16971905151, -0.4847987642598, -30.88579463455, 1.714488709589, -8.566522683447, -4.045117460625, 0.4036897074206, 2.24047613197, -3.312930360945
1.1, -0.0423593908616, 0.586030774444, 5.942167027472, 120.4446881155, -40.28205737561, 18.24302220843, 681.0106473155, 119.2110344834, 993.3369828428, 182.6286334879, 534.2890137946, 316.8694273089, 1304.024549842, 1066.585263147, 195.1949159318, 36.23251222318, 269.8300260591, 39.51494030518, -0.7265089269942, -33.50618318531, 0.80163064805, -5.839588584448, -2.366021212234, -0.03683704291949, -0.6342529915978, -4.548048247013
1.125, -0.04466139915153, 0.6091159775587, 7.305047137612, 119.3236489904, -46.15394411831, 9.227261661828, 662.0397968385, 165.8494421017, 967.0708517617, 264.8263626276, 519.6445877667, 306.7380537112, 1348.824827152, 1090.419057829, 189.7545474838, 49.41614280587, 261.9815440228, 61.86092397287, -1.044135696394, -33.20685962219, 1.941157337425, -3.488985992488, -2.757006449842, -0.3489314550379, -1.479421045731, -5.886547105135
1.15, -0.03621731766528, 0.6956013339931, 4.960326251403, 141.2813752499, -40.97921009435, 21.73544064042, 713.1833115225, 273.3657162759, 976.0739436562, 394.8860606075, 572.1420378829, 367.5531991222, 1266.792817592, 1015.799698852, 204.1060087135, 80.33527289271, 264.9351905242, 98.79508831307, -0.2275023439841, -39.27113367938, 1.04221947277, -6.901837462364, -3.607534519531, -1.024498590434, -0.5104937804707, -7.337528480544
1.175, -0.03446187466741, 0.7107710497668, 4.778449772025, 142.0437624096, -40.92263004758, 18.17533995795, 642.6750712916, 291.9550585667, 997.575786505, 478.1034082953, 494.9225196474, 305.7086137308, 1360.546501898, 1094.892288083, 184.2117857931, 85.38899303941, 270.1102610828, 120.6824310508, -0.1974903376222, -39.50068517657, 0.2143638695706, -6.066723876366, -2.58276720712, -0.759320569864, -1.008484932765, -8.560317140475
1.2, -0.03772234792665, 0.7139717849957, 6.054152303365, 130.9184799908, -44.99544957003, 13.63942657717, 590.7862971946, 290.8880778292, 1002.44830825, 540.1199042095, 446.2147599798, 271.0127409352, 1420.781357235, 1139.021814417, 169.5624302078, 84.80775507269, 271.0363213725, 137.1162943188, -0.5603177770945, -36.42760417511, 0.7515775197774, -4.933418846394, -2.14985487184, -0.5059086770975, -0.9337965634832, -9.434999711685
1.225, -0.02995479232272, 0.7703371254521, 4.856441783462, 149.7133991754, -43.17928274287, 28.46146884933, 617.8884756623, 342.5244105488, 1032.220227046, 624.8197985955, 468.7380431391, 306.6984325901, 1360.662723428, 1077.074807396, 177.1421509559, 99.65412919305, 279.5744978377, 161.3462921971, -0.1092817986012, -41.60700573364, 0.6530998210892, -8.944822891261, -2.416503767072, -0.6243639536778, -0.370080918477, -9.803224002805
1.25, -0.0266227533862, 0.8075639344617, 4.625126483375, 159.0976142008, -39.99270039942, 31.96837993212, 620.8084961573, 360.7508623732, 1067.835435188, 701.0862004214, 469.3349393994, 304.1934387493, 1338.321866512, 1212.725186173, 177.9494621402, 104.8104982562, 289.6109780778, 180.6886665416, 0.01883901242563, -44.19363647815, -0.1279604374616, -10.05070469277, -2.176302403215, -0.3086290938782, 0.5347313328785, -10.85554126171
1.275, -0.0329404755779, 0.7948784037096, 5.757267409454, 137.4062065572, -43.78569805004, 29.45612409714, 582.7610815542, 299.602360049, 1085.016880302, 740.181819347, 437.2633597882, 241.018132469, 1401.593661004, 1265.090044911, 167.2182100334, 86.8813402379, 294.0332974306, 190.7371826632, -0.3728121949269, -38.23304672659, 0.1979819689679, -9.582181124317, -1.699613255651, 0.1632065515659, 0.8528336073802, -11.20086319061
1.3, -0.0256316104664, 0.8139208621585, 5.245667293111, 144.5100890279, -46.0308300251, 51.50994845436, 598.1124559577, 274.3267375874, 1102.592529831, 791.5152302882, 449.9416101715, 222.0866809138, 1387.844862441, 1151.626430855, 171.5077033248, 79.37609797785, 299.0093437829, 206.5004802042, -0.2598784299615, -40.2375331541, 0.6053113446988, -15.68597447501, -1.647950446227, 0.3459304402905, 1.490833685148, -10.52400469374
1.325, -0.01147020947546, 0.8340985766433, 3.426660644156, 167.1535637708, -45.19757812527, 78.21222557909, 598.2986562428, 255.2215300204, 1127.51981181, 849.1318649525, 450.4526127695, 213.9742736075, 1370.908353074, 1061.440672754, 171.5420035871, 73.75172457763, 306.0370464581, 223.7273386852, 0.1876505447715, -46.5441440607, 0.202001086383, -23.02345609127, -1.461651143221, 0.4839093644098, 2.356403933025, -9.255161477516
1.35, -0.008205187647784, 0.8270083964701, 3.999200365725, 158.8105006882, -47.3358150338, 90.87133220378, 542.9003645347, 217.5583598307, 1145.471168494, 900.3833004945, 407.1698892447, 185.7654982902, 1430.070819709, 1123.711069126, 155.9231413188, 62.55770274411, 310.733566525, 237.0594381178, -0.08285616011084, -44.2606828602, 0.04632142277109, -26.67457890896, -1.052840201031, 0.5038253196198, 2.98521582204, -9.511597664373
1.375, 0.004784558157877, 0.8489883057272, 4.200628673703, 175.3618163301, -49.4467553945, 119.9673495682, 538.6976826097, 237.0689575528, 1163.439846151, 944.5140460748, 405.6863738018, 203.1543128933, 1437.09973632, 1186.281450257, 154.7076727015, 68.32027159821, 315.7302308841, 248.4739887876, -0.1333401349518, -48.84583224098, 0.4491033406581, -34.66409691343, -0.9700428381026, 0.5896897585122, 3.576928861847, -9.664492321653
1.4, 0.02520321479871, 0.8835160751201, 2.548093647728, 213.2747769301, -47.37139021062, 156.5559381271, 564.5616485576, 265.731470219, 1184.346184321, 987.1026316204, 428.1582379655, 234.3026416681, 1382.305937496, 1188.671098241, 161.9802638069, 76.86476495283, 321.8408345093, 260.3346666993, 0.3883559983982, -59.32708817836, 0.3180488741701, -44.53675545586, -0.9835377211478, 0.7196340324566, 4.276337927423, -9.006308965127
1.425, 0.03012053338453, 0.8809902177409, 2.623467391945, 208.215221766, -47.21121433355, 175.2370703844, 534.9812550045, 234.185609608, 1200.598363908, 1022.916531735, 407.524115154, 213.9023943121, 1397.66585557, 1229.267051371, 153.6403041834, 67.57447501608, 326.2959504043, 269.7599098097, 0.3270358608429, -57.94351976797, 0.09047485493187, -49.63575701125, -0.8143683877451, 0.6643413077441, 4.854466955577, -8.870030980947
1.45, 0.03233257022535, 0.8761252130086, 3.570637103774, 193.6133186959, -49.32830683107, 195.4581965315, 508.3826960053, 202.7890040024, 1212.470702787, 1050.467295005, 389.4418624404, 190.6091655949, 1420.432141759, 1241.380945149, 146.1213504571, 58.31691843498, 329.509305425, 277.2503107413, 0.0202993681815, -53.91547624652, 0.4015386851015, -55.13214407304, -0.6954562635094, 0.5811845092351, 5.324326262493, -8.424447463546
1.475, 0.04976754539861, 0.8926770020317, 2.337570734203, 221.10075599, -48.83605140229, 230.7288367966, 522.7843337564, 207.9147896273, 1224.45207088, 1072.017110974, 402.5839215613, 205.3174900452, 1386.479390642, 1184.651377281, 150.1797280463, 59.91979824569, 333.0135975371, 284.0430845791, 0.3890025207648, -61.52718978322, 0.5156315637392, -64.6061992812, -0.672962635915, 0.6337125142694, 5.833244492215, -6.936307211714
1.5, 0.05826195509498, 0.8962652224098, 2.05522265304, 227.3045752022, -47.95959956007, 250.8868955014, 501.6985069322, 195.335401829, 1237.076388187, 1103.844528669, 388.5592343975, 201.8528758428, 1388.276299763, 1197.247463692, 144.2279752279, 56.26964524905, 336.5110029062, 292.7632027752, 0.4373381253365, -63.2546155019, 0.235782448629, -70.04731681845, -0.5947370521515, 0.6068144864967, 6.377208754755, -6.278735658874
1.525, 0.06158755548973, 0.895894152058, 2.781875655627, 218.6769469409, -49.41085538831, 267.9280294906, 472.2423653083, 183.3714565177, 1246.249777594, 1134.837376124, 368.2291257737, 192.3111863647, 1415.868512221, 1246.535774213, 135.8890142525, 52.74859280238, 338.9411728425, 300.7336274234, 0.1977277355355, -60.86903051181, 0.3871684003831, -74.64870029001, -0.5352847412743, 0.5621708478439, 6.784715090435, -6.184983272613
1.55, 0.07749872508556, 0.9118993032713, 1.753847349985, 246.122211028, -49.23217912911, 297.9070394075, 486.9767828221, 199.0524350477, 1253.613607131, 1150.521961522, 382.1605771085, 213.4326378645, 1393.003088185, 1230.19912027, 140.0517907578, 57.40740531996, 341.1013322063, 305.3501907666, 0.5295059511278, -68.45060994854, 0.5616871790656, -82.67251176235, -0.5313599531703, 0.6363099752058, 7.126557753326, -5.212476921549
1.575, 0.08416295006327, 0.9172333314287, 1.441078150353, 251.7158130256, -48.00471274197, 314.0516867636, 479.3331154401, 193.2390759485, 1261.839899561, 1172.547384368, 378.8527333516, 213.638610321, 1385.550588169, 1235.497092109, 137.8928106023, 55.73442103071, 343.4115531307, 311.4604588575, 0.6169708335039, -70.00132695637, 0.3115458847128, -86.99138029887, -0.501630668789, 0.6216032474019, 7.551256404306, -4.579622676358
1.6, 0.08124347401318, 0.9110471695317, 2.305031665419, 230.4530286784, -48.92574284338, 322.2494362313, 449.2199119489, 172.3164407166, 1268.133670139, 1194.758412365, 357.50377691, 193.5368878241, 1404.722159231, 1261.287132594, 129.3592789859, 49.57896725956, 345.0677537293, 317.3009718827, 0.3288851448185, -64.12875243691, 0.3972614164432, -89.18501264788, -0.4644862659997, 0.5342351023384, 7.922382257026, -4.354463414795
1.625, 0.09234701340126, 0.9174419986412, 1.493742436889, 247.0368679417, -49.074558331, 345.886839888, 458.1073839005, 176.8206705993, 1272.124858921, 1196.992298476, 366.5125154639, 204.0523455706, 1387.173546956, 1227.424969977, 131.8767596881, 50.93839886366, 346.2547817589, 318.3741019902, 0.5815052323019, -68.71326142992, 0.5973998155305, -95.52271464182, -0.4522585197924, 0.5630253814838, 8.174960082677, -3.376508838106
1.65, 0.09863671117874, 0.9222040740489, 1.314430099123, 254.3077455786, -48.10010022774, 359.1173544273, 453.4484768419, 174.3480892073, 1277.111143269, 1214.133142266, 365.371523515, 206.8807748906, 1380.168118227, 1230.521964494, 130.5575088034, 50.24586189174, 347.6572312763, 323.1525132955, 0.6332776254253, -70.72827366138, 0.3996087435866, -99.06420342911, -0.4325087166642, 0.5604010971707, 8.543033914268, -2.783481100927
1.675, 0.0975550547285, 0.9209202872548, 1.909366827411, 241.9475004149, -48.98504005438, 365.5652643214, 433.6325772541, 164.7548318505, 1280.381515158, 1235.253016751, 351.8254298513, 196.566290025, 1402.622678275, 1261.952053316, 124.9273623176, 47.42226962231, 348.458622579, 328.6341914592, 0.4390548616031, -67.3124257832, 0.4482491313693, -100.7742648495, -0.416183481882, 0.5172687713284, 8.839591814558, -2.649829388806
1.7, 0.1076096604525, 0.9278588902292, 1.189285197106, 258.6752606573, -49.08121494976, 385.268649499, 443.9906537813, 172.5514812269, 1282.393061107, 1237.477742525, 362.3052518014, 208.9628029082, 1389.185704414, 1244.247943532, 127.8634858925, 49.7325386306, 349.0791056792, 329.4867118047, 0.6719003181974, -71.93217748688, 0.6014220046795, -106.0571277471, -0.4051937027215, 0.5561163218286, 9.031068448613, -2.012591220324
1.725, 0.1114385981941, 0.9310312676598, 1.094113260881, 261.3316949478, -48.3280407508, 394.9007062925, 440.7147440006, 170.0040609091, 1284.705255891, 1250.752042097, 362.0606071962, 209.4760289764, 1383.225308773, 1250.166683555, 126.9345250319, 49.00465874764, 349.7329965846, 333.1557933561, 0.7008647356461, -72.67035213796, 0.4532326914103, -108.6328603605, -0.390420682749, 0.5491193352071, 9.314228981025, -1.60185667785
1.75, 0.1087618860312, 0.9276367215424, 1.629906000831, 248.3455523517, -48.97063173557, 396.9476042724, 424.9394639391, 160.7559691347, 1285.980265309, 1261.82294865, 351.2205150518, 198.8272427208, 1398.957808205, 1266.759328526, 122.4487489256, 46.28466161624, 350.0074686875, 336.0391620609, 0.525579430871, -69.08326216659, 0.4886848380288, -109.1591287773, -0.3799742137029, 0.507405377115, 9.554542082343, -1.3995418543
1.775, 0.116630517686, 0.9309034656205, 1.011806523944, 260.8764713614, -48.99581932068, 412.7838583675, 431.8906313102, 165.3171364704, 1286.749902083, 1259.034629281, 358.5722080189, 207.5698782795, 1386.419165701, 1242.369663822, 124.421876129, 47.6425859131, 350.2748701919, 335.5527896299, 0.718648895266, -72.54511794169, 0.6087392700688, -113.4198309299, -0.3681811804065, 0.5324978308074, 9.69401951849, -0.9067811516229
1.8, 0.1195385154963, 0.9325276879854, 0.9753033517952, 262.3739968759, -48.4539380118, 420.2115260666, 427.2137916741, 163.2432480582, 1287.407889063, 1269.801176936, 356.6185346919, 207.6511349216, 1383.415318976, 1249.439907428, 123.0952112061, 47.04835235299, 350.4524402976, 338.5051596983, 0.726026355117, -72.96221338901, 0.4947312756517, -115.4049807386, -0.3596937426287, 0.5258240736353, 9.90416091203, -0.6155156749529
1.825, 0.1181835658938, 0.9308424834384, 1.380399680358, 255.3166399425, -48.92841988703, 421.2988605924, 416.0312644792, 159.3093362162, 1287.423080147, 1278.521041904, 349.1927781374, 202.4621883318, 1394.803054846, 1265.942922346, 119.9117621614, 45.88737259693, 350.3954394344, 340.7384932241, 0.5973384652175, -71.01059219928, 0.5331729875847, -115.6646230851, -0.3562759944171, 0.505960132623, 10.08452072949, -0.4910195189703
1.85, 0.1249527343986, 0.9340540739904, 0.7904715797631, 267.203456226, -48.82178522326, 433.9064665553, 422.9061346818, 164.7162387766, 1287.527517253, 1275.876489542, 356.391088523, 211.3043110183, 1383.347820924, 1247.46638959, 121.8661478449, 47.48897899967, 350.4729337698, 340.2175404762, 0.7841181556326, -74.29158567888, 0.618159088232, -119.0530766774, -0.3479594664623, 0.5324761689068, 10.17457120238, -0.1683780192112
1.875, 0.1265219486629, 0.93487690928, 0.8378415634201, 266.342238834, -48.41850770421, 439.2529775125, 418.9304746664, 162.7694160675, 1287.223086107, 1284.366464828, 354.7069057116, 210.151433933, 1382.07684366, 1258.056780018, 120.7384708188, 46.92512208182, 350.3763254875, 342.4978907521, 0.7692912118669, -74.0555363849, 0.5327542716154, -120.4747093289, -0.3435029827578, 0.5239031989413, 10.32305855727, 0.006288867213755
1.9, 0.1244560418642, 0.9327183092643, 1.168569435104, 259.9908461592, -48.77403502564, 437.6548053176, 410.8813107124, 159.5691628829, 1286.542220648, 1288.229345795, 349.4922108551, 205.5503299121, 1390.174649226, 1266.845012266, 118.4459094562, 45.9794873664, 350.1414948816, 343.4668952316, 0.6661001293056, -72.29912276056, 0.5691137980723, -120.0165246408, -0.3418506173824, 0.5071486608379, 10.45317008745, 0.07990562428753
1.925, 0.129374275892, 0.9344087992615, 0.6518189836731, 268.871399301, -48.66825755144, 446.7711160825, 416.342785073, 163.3713652757, 1286.401939587, 1283.698157753, 355.1043435385, 212.0035821632, 1380.389141347, 1247.352229874, 120.0002735008, 47.10787653634, 350.1442688515, 342.4231043858, 0.8272070560543, -74.74995067074, 0.6375848168125, -122.4742954979, -0.335255388147, 0.5260234476255, 10.50494081067, 0.2850519414548
1.95, 0.1302089624829, 0.9347702546987, 0.7101290779596, 267.4657977232, -48.39291033, 450.2980747311, 412.8998196267, 161.800072054, 1285.704200159, 1290.31730483, 353.4054054046, 210.6422529004, 1380.52096558, 1257.60225914, 119.0237926012, 46.65088676811, 349.9342733531, 344.1831974282, 0.8085160791964, -74.3631932725, 0.5736617609865, -123.4107080884, -0.3332018056234, 0.5184701483374, 10.60488293166, 0.3740123807727
1.975, 0.1283300639696, 0.9333574458245, 0.9988241450158, 263.4102478795, -48.66768374532, 447.3429063891, 407.5480538131, 160.5986731872, 1284.769508558, 1292.599854544, 350.1667393203, 208.1059074453, 1386.642016585, 1265.351681933, 117.4983156826, 46.29095180574, 349.6400866124, 344.7216725337, 0.7220994549105, -73.24045385894, 0.6054050861404, -122.5899752967, -0.3325630661151, 0.5103727973502, 10.69711999408, 0.376424870712
2, 0.1320470864242, 0.9347976085421, 0.513917512251, 270.9230622707, -48.57177732244, 453.7230203364, 412.8400663635, 164.3933733902, 1284.668741461, 1287.696607262, 355.2997844599, 213.769458799, 1378.5991274, 1248.80973322, 119.0049285192, 47.41348307463, 349.6488757705, 343.5369197137, 0.8728946277114, -75.31285261368, 0.6601543200428, -124.3134102347, -0.3277419162853, 0.5281815841305, 10.71756234985, 0.4806286852708
2.025, 0.1318356628577, 0.9347333246665, 0.5847276514135, 268.5423848394, -48.40564420779, 454.9028528251, 410.3142738936, 163.0828688075, 1283.970835104, 1291.976846252, 353.9722149498, 211.9205459997, 1379.727051679, 1259.44113593, 118.2889628712, 47.0286267118, 349.4385828218, 344.6405163659, 0.8509889783356, -74.65649146946, 0.6146966770318, -124.6221659729, -0.3269222223815, 0.5209841449898, 10.77841916, 0.4857247842625
2.05, 0.1295692198309, 0.9336455374127, 0.8576506484445, 264.9973341015, -48.6184891271, 450.3751201047, 406.9459741116, 162.5474716375, 1283.113259591, 1292.796355362, 352.093653166, 209.8817267322, 1384.146198551, 1264.099364127, 117.3280420311, 46.86307808736, 349.1768451285, 344.8007354898, 0.7715175749431, -73.67516024958, 0.6401331302158, -123.3866811396, -0.32593399286, 0.5159793426515, 10.8414805232, 0.4199428187569
2.075, 0.1317900550497, 0.9342057458554, 0.4067122451443, 270.5061190097, -48.56070036812, 453.6511933717, 411.6852983985, 165.5765943204, 1283.261105883, 1286.183054462, 356.2938754119, 214.0261408322, 1377.755093686, 1247.754394124, 118.6774438112, 47.75767768943, 349.250301641, 343.1336952751, 0.9090498928205, -75.19475156375, 0.6854689093385, -124.2813488807, -0.3222740115639, 0.5300311228885, 10.83621567811, 0.4421319836124
2.1, 0.1309905786151, 0.9341104514156, 0.481699009077, 267.5742086848, -48.49483357279, 453.5539055642, 409.7336522278, 164.4803315919, 1282.821605957, 1289.560018407, 354.9928494598, 211.8921579129, 1379.773214899, 1257.984374041, 118.124606465, 47.43230203054, 349.1121554242, 343.9833506892, 0.8849797249023, -74.38627074584, 0.6549462303194, -124.2537129219, -0.3224411313415, 0.5235246805341, 10.86482181125, 0.369389688897
2.125, 0.12859814951, 0.9334596852556, 0.7405197167616, 265.2049304935, -48.65461238679, 447.6465333799, 408.1321430485, 165.1198523568, 1282.240421437, 1288.951636619, 354.301763731, 210.9553650274, 1382.823777091, 1261.369111815, 117.6665223532, 47.61040775165, 348.9371231029, 343.7554996077, 0.8119427860803, -73.72972697733, 0.6739518230137, -122.6535262709, -0.3213500110241, 0.5237717036941, 10.90242269884, 0.2358959241161
2.15, 0.1295172815246, 0.9334170175144, 0.3133292009242, 269.3558648753, -48.63301001389, 447.8853387171, 412.6453072774, 167.9858583769, 1282.716801798, 1280.696028334, 357.8416620147, 214.2073918801, 1377.948898355, 1246.771580336, 118.9512477446, 48.45323013525, 349.0982976655, 341.6097523748, 0.9402668567005, -74.8745930933, 0.7118927571002, -122.7337717854, -0.3192597656552, 0.5364633846591, 10.87183095843, 0.178683896056
2.175, 0.1281370759787, 0.9333482522989, 0.3944821752528, 265.929836768, -48.64844168012, 446.5144383839, 411.5338120556, 167.2041882511, 1282.647514403, 1282.917791614, 356.8353562172, 211.882332473, 1380.527297941, 1256.741841308, 118.6372285842, 48.21651802055, 349.0652168133, 342.1324479871, 0.9144027721692, -73.92963378766, 0.6942401107743, -122.3707433022, -0.3201205146709, 0.5309699198574, 10.87106161674, 0.02285732290618
2.2, 0.1253724051751, 0.9329017262956, 0.6550788884774, 264.0151777923, -48.76240935074, 439.0872531788, 411.4578925417, 168.5560784231, 1282.426982988, 1280.653509028, 357.1186396597, 211.4539310403, 1382.439191303, 1258.273133837, 118.6132018344, 48.60221285548, 348.9993422575, 341.4577818599, 0.8425732328025, -73.39899965567, 0.7056679558849, -120.3699386199, -0.3186801485078, 0.5344123088747, 10.88597718756, -0.1823173223857
2.225, 0.1249578275646, 0.9319446146164, 0.2567316216508, 266.6263688537, -48.78518389177, 436.3548792064, 415.7282308552, 171.0133134893, 1283.20338963, 1269.935161996, 359.9531360191, 213.6082218031, 1379.012631004, 1244.355014684, 119.8283613567, 49.32118750933, 349.2401806872, 338.6183521062, 0.9597897451225, -74.11933694167, 0.7378020490136, -119.6545395551, -0.317964116322, 0.5448632869747, 10.83051130028, -0.3034044310944
2.25, 0.1229553608919, 0.9316742611006, 0.347352864011, 262.8393004651, -48.88030514191, 433.4110201104, 415.3478641618, 170.5256497298, 1283.482432057, 1270.370322492, 359.1463011179, 211.1743012841, 1382.189496385, 1253.797048745, 119.7221073989, 49.16743416751, 349.3054876727, 338.6395319717, 0.9308597980064, -73.07472255617, 0.7316738191317, -118.8766531449, -0.3195091805588, 0.5404310665409, 10.80131533997, -0.5484859493706
2.275, 0.1201539303907, 0.9314840060098, 0.6161509372619, 261.8022820033, -48.93850392702, 425.1576798636, 416.9315668953, 172.9673689056, 1283.584222426, 1266.180282236, 360.5483846367, 211.671765422, 1382.800697998, 1253.845128288, 120.1698629716, 49.87182348492, 349.3384621541, 337.4393954968, 0.8590162629827, -72.78666531299, 0.7347102012946, -116.6608388481, -0.3177501139375, 0.5486172916548, 10.79460551758, -0.8129255428162
2.3, 0.1184471722972, 0.9297864033513, 0.2479981107184, 262.9692348194, -49.00066879799, 419.4645696936, 420.8886381656, 175.1303428227, 1284.503644222, 1253.71030835, 362.6288110856, 212.8649176485, 1380.914040336, 1241.389578811, 121.2953361313, 50.50022545412, 349.6140884685, 334.0948996376, 0.9648432630932, -73.10862618729, 0.7598296208205, -115.1509869615, -0.3188681673226, 0.5571239300371, 10.71235535043, -1.006075088191
2.325, 0.1159587668688, 0.9290815350822, 0.354150589393, 259.0835023796, -49.15809563329, 415.15000618, 421.5261627284, 175.183792299, 1284.977230234, 1251.181459719, 362.3327207934, 210.6116483153, 1384.304980764, 1250.109045265, 121.4782218312, 50.50218302681, 349.7361010778, 333.2908766041, 0.9321858913828, -72.03659464578, 0.764622184727, -114.0116299611, -0.3209785827382, 0.5546799260378, 10.65439040538, -1.326559344527
2.35, 0.1127456597415, 0.9287902809027, 0.6398617895863, 258.3364030805, -49.15891409297, 405.3185508737, 424.322839598, 178.3570035391, 1285.255501054, 1244.759031975, 364.4547178073, 211.5785091507, 1384.015716744, 1249.065739916, 122.2703203046, 51.41989314694, 349.8244944803, 331.4780952222, 0.8567715959024, -71.82892451318, 0.7557571052618, -111.3768553902, -0.3194435538224, 0.5658134273275, 10.62617524523, -1.646084132362
2.375, 0.1101270382367, 0.9265779769224, 0.3026785260135, 258.2262535534, -49.26676420098, 397.768164381, 428.1094027246, 180.2570216581, 1286.077543877, 1231.275533976, 365.9593097167, 211.956699981, 1383.42548669, 1237.346028104, 123.3467109032, 51.96733669706, 350.0682093412, 327.8390664407, 0.9514826408294, -71.79855362705, 0.7781470978142, -109.3702748239, -0.3223480453645, 0.5725045802322, 10.51489588045, -1.908539933533
2.4, 0.1073134359235, 0.9253983086041, 0.4240952467716, 254.5367088959, -49.44447674821, 392.2739801234, 429.800852517, 180.9503306399, 1286.494999406, 1225.701081799, 366.2629019963, 210.1195966188, 1386.574525151, 1244.976101873, 123.8287522582, 52.15503848752, 350.1775979483, 326.192548845, 0.9154877256772, -70.78057068372, 0.7871282178123, -107.9195301339, -0.3251553315092, 0.572466835255, 10.42942397917, -2.28596262839
2.425, 0.1036814441031, 0.92488171513, 0.73740188471, 253.6616855301, -49.40660852052, 381.1631725122, 433.2788652916, 184.6256868512, 1286.736236588, 1217.546844603, 368.6641792971, 211.269148518, 1385.997152321, 1243.686451846, 124.813751839, 53.21853365538, 350.2579509246, 323.8974766634, 0.8324788218631, -70.53780319543, 0.7673466149109, -104.9441890051, -0.3246290826625, 0.5851880827699, 10.37940420246, -2.651122917254
2.45, 0.1004905542775, 0.9222749768473, 0.4236517980661, 252.8137611251, -49.54402383442, 372.3629674744, 437.1719512697, 186.5711706022, 1287.166531027, 1203.115127567, 369.9360198547, 211.3090713044, 1386.179095829, 1232.496448508, 125.9197267514, 53.77658993947, 350.3888966602, 319.9866646635, 0.9193744592706, -70.3037433831, 0.7886745791324, -102.602157664, -0.3293850467731, 0.5912831252069, 10.23857429996, -2.957907895294
2.475, 0.09746141704188, 0.92064914109, 0.5599665400954, 249.3300161069, -49.71211682655, 365.9749277763, 439.7347985341, 187.8434171951, 1287.257217138, 1195.030553056, 370.7529868483, 209.9045669491, 1388.915490987, 1239.209703884, 126.6487657998, 54.13298636176, 350.4093384848, 317.6469709846, 0.8801043486718, -69.34243953594, 0.7966266673588, -100.9143155482, -0.3333464850064, 0.5931755088321, 10.12785847204, -3.369256784492
2.5, 0.09350223477342, 0.9198468878181, 0.9066637096121, 248.0544656094, -49.64911221462, 354.1004314349, 443.5316423943, 191.7595830902, 1287.247043554, 1185.691047455, 373.1939364751, 211.0234320415, 1388.338466735, 1238.015686937, 127.7235275904, 55.26598265871, 350.4194278849, 315.019758576, 0.7874086727566, -68.98920944972, 0.7684495518527, -97.7350800107, -0.3342801176269, 0.6060891490575, 10.05760787338, -3.756322063695
2.525, 0.09003702478376, 0.9169578111718, 0.6089436728529, 246.7845147576, -49.79474023855, 344.7092853516, 447.5763803892, 193.7920993374, 1287.027545654, 1170.768621541, 374.3908655306, 210.954491774, 1388.869576964, 1227.007464262, 128.8718200526, 55.84822726345, 350.3661579543, 310.9714450342, 0.869154901898, -68.63857351555, 0.7878292407174, -95.2324400072, -0.3409333966833, 0.611720654206, 9.891986088547, -4.070143830352
2.55, 0.08695669359025, 0.914843131251, 0.7124949664828, 243.7167861614, -49.94529338305, 337.7495655709, 450.6884178145, 195.4795787565, 1286.570734201, 1160.60487534, 375.4201924959, 210.020088499, 1391.158162109, 1231.809802818, 129.7561669599, 56.32668733069, 350.234812257, 308.07224847, 0.8391782791328, -67.79206189457, 0.794013652925, -93.39126045264, -0.3471903432486, 0.6148099589889, 9.754128975636, -4.478288444287
2.575, 0.08298809935808, 0.9140243387869, 1.14263271635, 241.9735587738, -49.85387123189, 326.1273531789, 454.5045908201, 199.5485459257, 1286.179041345, 1151.506027865, 377.843237562, 211.1003072908, 1390.678821593, 1232.786508649, 130.8356238174, 57.50410611129, 350.136432677, 305.487978964, 0.7230224307777, -67.30986556331, 0.7566853042403, -90.28024321576, -0.3492367937934, 0.6273742164674, 9.673657506347, -4.863280099476
2.6, 0.07943853856085, 0.9110425754097, 0.8596760671433, 240.3406085008, -49.99904313209, 316.6919930096, 458.5519897401, 201.4942445174, 1285.204315287, 1137.054702128, 378.9988078099, 210.9191090783, 1391.343014328, 1221.619045001, 131.9836919046, 58.06046146483, 349.8694660395, 301.5760459826, 0.8002043774847, -66.85893363692, 0.7739904964012, -87.76181046887, -0.3573895879157, 0.6319086251742, 9.494784376857, -5.14233661546
2.625, 0.07658813700348, 0.9090161914764, 0.9619577691752, 237.6740203509, -50.21303729676, 310.0708563721, 462.3901471157, 203.5436017922, 1284.081333932, 1126.528239648, 380.6996049244, 210.4867071972, 1397.16395488, 1224.05249229, 133.0735122664, 58.64728452282, 349.5402800955, 298.6099634528, 0.7720588205392, -66.12324980998, 0.7684556621031, -86.00842908578, -0.3643248879937, 0.6360223773604, 9.344349313853, -5.486594909282
2.65, 0.0728111491192, 0.9081897152069, 1.45177648275, 236.0903280318, -50.12430619047, 298.6114375903, 464.870445465, 208.317390814, 1283.339093823, 1118.018316602, 382.1266887369, 212.1579367544, 1400.254334526, 1222.645041078, 133.7748220437, 60.03359807769, 349.3245767429, 296.2276262637, 0.6375008995233, -65.68430764489, 0.7104122159444, -82.93231511126, -0.3682639374372, 0.6497696649729, 9.257960627069, -5.798724159962
2.675, 0.07021345088492, 0.9051122746435, 1.083708888375, 235.7119679742, -50.07158652694, 290.8801178456, 466.8154668247, 211.4466263345, 1281.68933361, 1104.820746631, 381.4102460007, 213.2511544447, 1395.490327371, 1212.833149904, 134.3297664148, 60.94098700321, 348.8843684455, 292.6560199173, 0.7357069301635, -65.57789388039, 0.7376699284571, -80.85854180734, -0.3822940167879, 0.6566363379821, 9.050418924521, -6.031839772727
2.7, 0.06775694280641, 0.9027435191927, 1.15497592599, 233.1921659053, -50.11766455308, 285.1832263561, 467.9772477886, 213.7245794654, 1280.266705057, 1095.93347782, 380.9098633962, 213.130101835, 1395.982266279, 1218.696771136, 134.6642234224, 61.59668435443, 348.4846491893, 290.1057113269, 0.7138301474948, -64.88059261211, 0.7518101090828, -79.34039746396, -0.395283344305, 0.6587064998892, 8.894905567845, -6.36359143509
2.725, 0.06404016712536, 0.9018701976082, 1.639547879167, 230.6566014655, -49.84789359422, 274.7674710309, 470.0195576966, 217.2155438922, 1279.369476343, 1089.213427871, 382.0634526056, 213.8290892612, 1395.915258224, 1221.268581168, 135.2423741996, 62.60741292797, 348.2406887597, 288.1716403304, 0.5822818665874, -64.17806516288, 0.6804042813577, -76.53845287507, -0.4027401881482, 0.6656039968772, 8.80863226841, -6.662445893433
2.75, 0.06149270262318, 0.899537617438, 1.289689641824, 229.7008836305, -49.9342023814, 268.0303610881, 474.4967948275, 218.8452742017, 1277.204348297, 1077.825750544, 383.7638238377, 213.9913738698, 1394.326906974, 1210.560933833, 136.5118632041, 63.07651409465, 347.6431061264, 285.1212769172, 0.6813636473018, -63.91321656638, 0.7127752429723, -74.73054148263, -0.4154184409096, 0.667297481069, 8.61620838898, -6.813087623605
2.775, 0.05919016709141, 0.8977032086732, 1.348295994614, 227.0751737738, -50.08977618211, 263.1407288928, 477.8991651605, 219.4947436574, 1275.418115152, 1070.085853061, 385.389174821, 213.0719416244, 1398.015427606, 1211.930132303, 137.4772860922, 63.25726422274, 347.1302059556, 282.9513375886, 0.6662885935824, -63.18865568549, 0.7162815346339, -73.43145384169, -0.4247241755434, 0.6655904252643, 8.478516139623, -7.023708620897
2.8, 0.05597505523884, 0.8974478939685, 1.828785965998, 225.3513704597, -50.1814737274, 253.7153268755, 479.6654100477, 222.8845679754, 1274.494257449, 1065.523432571, 386.5194858402, 214.1816925887, 1402.584846279, 1212.03545323, 137.9750364781, 64.24192070561, 346.8558552774, 281.6570713119, 0.5343448268844, -62.71154897714, 0.6944071603282, -70.89726990533, -0.4278328965613, 0.6739879325572, 8.416792583723, -7.216616478727
2.825, 0.05440949629285, 0.8954159561647, 1.531001971465, 224.6525273637, -50.17981197954, 249.4684791006, 481.7618969457, 224.67712502, 1272.240084418, 1057.115984403, 386.5937966377, 214.6791124242, 1403.996859574, 1202.08217052, 138.5715384856, 64.76151924662, 346.2215506467, 279.4415197434, 0.614889345186, -62.51767306596, 0.680961505374, -69.75518985896, -0.4396658246808, 0.6762995109097, 8.248725356363, -7.281116844436
2.85, 0.05306824270196, 0.8940884556854, 1.581497478132, 223.0878544563, -49.87961525409, 246.1869178357, 482.4659486565, 226.1232728647, 1270.621264408, 1052.873059507, 386.260942174, 214.7544394028, 1401.028389399, 1208.275144549, 138.7745866492, 65.17998071898, 345.7835971474, 278.1802972777, 0.5987967297338, -62.08518828617, 0.6279486679627, -68.88127084751, -0.4500438687344, 0.677093570721, 8.1311893381, -7.468733008771
2.875, 0.0506574787444, 0.8934897097881, 1.988341874741, 220.4746557795, -49.78485483773, 240.2041695641, 481.9570431463, 227.6724962237, 1270.020614416, 1051.030068993, 385.6627877028, 214.5655888776, 1398.94928518, 1213.898766277, 138.6302982302, 65.62456401184, 345.6200119479, 277.5774034894, 0.484529898639, -61.36176459502, 0.6219333714226, -67.27182549128, -0.4543510379502, 0.6783363769663, 8.087798126601, -7.63876208517
2.9, 0.04912413332374, 0.8920028356754, 1.665621808084, 220.0647232154, -49.83524928942, 235.9840450762, 484.3557234362, 228.0598499535, 1267.941573506, 1045.179892804, 386.2001526172, 214.4553594645, 1398.324748995, 1202.087024827, 139.3107627916, 65.73352560236, 345.0432644355, 276.0961598223, 0.57434591106, -61.24764991774, 0.6398294546345, -66.13011213816, -0.4654529971087, 0.6770572392248, 7.949007381543, -7.635588474046
2.925, 0.04832152167808, 0.8930576146998, 2.053458428324, 219.4545396224, -49.76263830055, 233.6158624198, 486.9186999254, 230.2631403235, 1267.473945742, 1045.179937308, 388.3521931226, 215.5041053032, 1400.013338471, 1211.930687056, 140.0354499207, 66.37910677446, 344.9035529837, 275.9706701992, 0.4711263005291, -61.07985560873, 0.6028654746539, -65.50396573694, -0.4692581009121, 0.6832487950005, 7.923622708148, -7.778571602257
2.95, 0.04611350608486, 0.8912885941152, 1.85531840902, 217.0223169067, -50.08982729761, 228.8009526765, 486.5923223289, 228.7894273865, 1265.931784326, 1042.043413936, 387.1241120338, 213.6053453786, 1407.377819288, 1200.542014981, 139.9435575056, 65.9365146875, 344.4435577742, 275.23649742, 0.5213937607082, -60.40725647178, 0.6226021867597, -64.20080393918, -0.4724963922947, 0.6765378633532, 7.830787504402, -7.74122130628
2.975, 0.04612743266711, 0.8926790344056, 2.22468965311, 217.1475789082, -49.70158328072, 228.1632705245, 488.4053459924, 231.2086508946, 1265.600432312, 1043.328860298, 388.8198436135, 215.1088650893, 1405.431851337, 1208.180058572, 140.4563825047, 66.6483158717, 344.3620187428, 275.5045832528, 0.4223940622144, -60.44243870716, 0.5334041622306, -64.03742517922, -0.4749943381222, 0.684286378565, 7.812985658535, -7.818027270133
3, 0.04540555984002, 0.8917777119642, 1.759453991582, 217.9590163638, -50.08198582307, 225.6475616421, 488.5212248093, 231.4581698825, 1264.162369898, 1041.097701892, 387.7307225969, 215.4684230657, 1406.081015855, 1198.790571534, 140.491160252, 66.7214654725, 343.9517065543, 275.0004486208, 0.5477337117867, -60.66604869651, 0.6315663379544, -63.35132709596, -0.483144191127, 0.684624453194, 7.721767435453, -7.766456057576
3.025, 0.04489447889416, 0.8911159262037, 2.007836098787, 215.3957395534, -49.84377010325, 225.7619238363, 486.5894623658, 230.0932389529, 1263.809114472, 1042.930501449, 386.155434041, 213.715406335, 1404.784858223, 1209.290982347, 139.9472123986, 66.31424883115, 343.8564916251, 275.3892907055, 0.4751149178583, -59.95779215756, 0.580497286847, -63.39362967796, -0.4844526723059, 0.678527618478, 7.697876888553, -7.867435075002
3.05, 0.04383566536993, 0.8928143446047, 2.25976316527, 215.1830600275, -49.88000410632, 222.3480373813, 487.0490386102, 231.7554764841, 1264.302161099, 1045.892245264, 386.9038312755, 214.6814284452, 1405.752571239, 1207.61460707, 140.0747606283, 66.80095476108, 343.9932694799, 276.2265550912, 0.4078347704785, -59.89785008335, 0.5829232880045, -62.46446203838, -0.483064239053, 0.684384757285, 7.727869308285, -7.838503911395
3.075, 0.04388743505539, 0.8927273209697, 1.936770693276, 215.7525453286, -49.73699142993, 222.1144238324, 487.5985919202, 231.0196938739, 1263.504581525, 1046.046116104, 386.7281511806, 214.4479560098, 1406.428603315, 1198.029885047, 140.2312738629, 66.58633688477, 343.7680735565, 276.3967278665, 0.4964607250817, -60.05536009849, 0.5381189115889, -62.39208594636, -0.4858283977431, 0.683071559353, 7.679331688205, -7.718635726485
3.1, 0.04397335511735, 0.8923795892809, 1.962115536342, 214.0474085507, -49.65868145237, 223.7139244469, 486.4735690221, 229.0581155459, 1263.083590788, 1048.526615739, 385.7322923526, 212.6921984364, 1408.480211167, 1205.548925323, 139.9151570295, 66.00710942784, 343.644719533, 277.0050004801, 0.4862020516097, -59.58510983358, 0.4973439085213, -62.83378608984, -0.4872051382285, 0.676614617765, 7.656118504465, -7.755864031105
3.125, 0.04322455026362, 0.8941400380337, 2.308712158233, 213.9274406591, -49.66521125709, 221.1185855371, 485.8877190853, 229.9888585913, 1264.101512088, 1053.105188528, 385.8785024611, 213.3053902337, 1405.666430112, 1208.001040684, 139.7458261085, 66.27958461727, 343.935313213, 278.240971205, 0.3910506535165, -59.55133839274, 0.5207880461964, -62.13091258787, -0.482541454631, 0.6812378544507, 7.719149503036, -7.741526514731
3.15, 0.04389615427448, 0.8944861184548, 1.87358048789, 215.3852004076, -49.963823573, 222.5626059353, 486.2764463189, 229.8967090601, 1263.606986861, 1053.888960447, 385.6262748871, 213.8019738446, 1408.638089282, 1198.804773473, 139.8570553848, 66.25659493873, 343.783602733, 278.5831661221, 0.5105238404544, -59.95421727553, 0.5770025103184, -62.50993649931, -0.484667910948, 0.6827455903568, 7.687599002643, -7.595333016697
3.175, 0.04439085775232, 0.8943106497003, 1.930458674589, 214.0168602858, -49.73719999908, 225.08472602, 484.191178483, 227.5843726818, 1263.810700609, 1057.572317076, 384.0552181038, 212.0019438602, 1407.104482543, 1206.561209322, 139.2695079547, 65.57608898941, 343.8468282603, 279.5276783178, 0.4908747559889, -59.57689563824, 0.5294508069142, -63.19833922566, -0.4834215602426, 0.6756562040486, 7.69858944747, -7.608007320548
3.2, 0.04382222452585, 0.8959211422724, 2.163568244131, 213.9170239226, -49.63635379618, 222.8500361796, 482.4210227908, 228.2782652178, 1264.95906346, 1062.601440596, 383.2830982364, 212.4972915264, 1408.385476203, 1205.746002675, 138.7652655416, 65.77856535056, 344.1631865113, 280.925005127, 0.4254019851871, -59.54857195533, 0.4895224648203, -62.58668990695, -0.4773599218068, 0.6795808616805, 7.769764756034, -7.540974317092
3.225, 0.04525446310434, 0.8968456283461, 1.853506273961, 215.326180125, -49.92034000967, 226.9096806413, 484.0176428331, 228.090996109, 1264.85222485, 1064.093079934, 384.3257645015, 212.9590574348, 1411.292119589, 1202.813712887, 139.2192889804, 65.7295651968, 344.1186097135, 281.405104964, 0.5134856897491, -59.9388327653, 0.5430954667461, -63.68124211653, -0.4784603987148, 0.6810843176046, 7.761440536928, -7.429865968154
3.25, 0.04458137997877, 0.8982946013394, 2.372158803307, 213.8243045407, -49.52173973276, 225.0094382301, 480.7256413217, 227.179107233, 1266.609514171, 1071.07765818, 382.8619138709, 212.0645501952, 1413.19427764, 1206.781695629, 138.2853734298, 65.4596033432, 344.6070735539, 283.2905352687, 0.3671198193647, -59.52382884565, 0.4182111401936, -63.16292241267, -0.4683815170043, 0.6795674997896, 7.872973259902, -7.385768080982
3.275, 0.04506801973732, 0.8969571281356, 1.922905580379, 213.7440821405, -49.55434463517, 226.9943483246, 478.2539567314, 224.6216302838, 1266.06114599, 1071.799680701, 380.1968343906, 210.4987005443, 1407.688072765, 1202.157048825, 137.5873839232, 64.70702250004, 344.4749837541, 283.5500530147, 0.4851888660452, -59.50121783159, 0.4738105942253, -63.69332644007, -0.470574158678, 0.6715675124962, 7.834307159017, -7.292467466178
3.3, 0.04600056048718, 0.8995341263696, 2.111332286067, 215.5053868633, -49.43744325569, 228.2890729371, 478.3806668667, 226.5910689789, 1267.401832107, 1077.061442947, 381.0612429237, 212.4787252186, 1405.17872157, 1205.77886047, 137.6214323222, 65.29116564984, 344.8535203181, 284.974154007, 0.4365340644734, -59.98783235219, 0.4667973384496, -64.03860256455, -0.4664319245422, 0.680510457892, 7.916008882456, -7.235630066629
3.325, 0.04686399329753, 0.9006905315811, 2.144525113627, 215.5594033585, -49.70862474277, 231.2105642719, 477.6738643095, 225.7372205079, 1268.297664386, 1081.629526391, 380.973189962, 212.1174069969, 1410.165716953, 1212.617344782, 137.4220187985, 65.04324226303, 345.081282755, 286.1727282263, 0.4276719313168, -60.00365577368, 0.4987824387065, -64.83038931542, -0.4621241273449, 0.6792595932592, 7.973446230789, -7.213849423066
3.35, 0.04643428236312, 0.9005505303155, 2.105274869764, 214.6264756733, -49.68210901452, 230.5691624944, 475.6463615076, 223.9403211039, 1268.80067475, 1083.893855468, 379.512480721, 210.7729703392, 1409.525628911, 1206.876114335, 136.8464479914, 64.51243333387, 345.2241073985, 286.8693913827, 0.4351526660192, -59.74555179069, 0.4935418017848, -64.64940052663, -0.4582848998821, 0.6740916522737, 8.008061420611, -7.103997577756
3.375, 0.04798529020583, 0.9006577695546, 1.743435815097, 215.7514577572, -49.5405198049, 234.881767973, 476.27746059, 222.6363532198, 1268.532389392, 1084.763537914, 379.75305481, 210.4676629382, 1409.274966713, 1202.52749543, 137.0271832315, 64.13464135604, 345.1572172049, 287.1845428893, 0.5354250015235, -60.05747916556, 0.4562758102541, -65.81077134179, -0.4593990391421, 0.6715306145621, 7.990780134178, -6.975054134865
3.4, 0.04842312361376, 0.9024982636766, 2.19302683116, 216.1085867768, -49.45348690117, 235.4009173626, 473.9905440158, 223.2718308969, 1270.220528595, 1091.0904898, 379.0053503662, 211.1690394221, 1407.536915903, 1211.856675426, 136.3775362946, 64.32397830188, 345.6259060283, 288.8253927003, 0.4101682768463, -60.15635916738, 0.4493184979327, -65.95141117983, -0.4515813659254, 0.6754283217403, 8.101964834425, -6.98440340094
3.425, 0.04866411427083, 0.9020003600359, 1.76489932612, 216.3012443826, -49.8370414538, 236.5154491998, 471.8345198598, 221.9516845964, 1270.405314408, 1092.096091257, 377.0192057845, 210.4725498491, 1411.697670265, 1204.281469235, 135.767701019, 63.93565528702, 345.6578694142, 289.2032463828, 0.5248694725217, -60.20873175646, 0.5204943271202, -66.24109761755, -0.4504105164423, 0.671436642524, 8.109524970808, -6.851112343989
3.45, 0.04935634692717, 0.9041689682047, 2.050205952654, 217.5195586658, -49.73126014505, 237.414679404, 471.743321355, 223.4004589144, 1271.710561896, 1096.776661258, 377.8504493871, 211.9501832675, 1410.351465206, 1209.119546056, 135.7405508345, 64.36588125414, 346.0295830118, 290.4484911217, 0.4496170523225, -60.54523327342, 0.5074248750102, -66.47993398467, -0.4454988837807, 0.6779725882318, 8.197737664093, -6.823226502032
3.475, 0.0504738843562, 0.9040329706535, 1.979102235871, 216.8573409371, -49.42988897277, 241.5236570537, 471.3055638509, 221.1638684884, 1271.849561311, 1098.670764205, 377.6085088937, 210.4387482268, 1410.742770255, 1211.578377812, 135.6186953986, 63.71034596407, 346.0699966152, 290.9633868744, 0.4689870831533, -60.36329899396, 0.4239011229613, -67.59137277183, -0.4442371600929, 0.6707294730455, 8.206105234809, -6.772455398247
3.5, 0.05014028966224, 0.9048739420499, 2.120803104834, 216.5313235908, -49.43642887193, 240.6215799194, 469.7550670392, 220.5899343911, 1272.955081827, 1102.495483067, 377.0620683659, 210.1013760833, 1407.468876334, 1213.959562346, 135.1760778518, 63.54076052725, 346.3858875388, 291.9852667873, 0.4287464990442, -60.27291635328, 0.4495779737253, -67.34558107259, -0.4386141769815, 0.6699745457943, 8.288141524457, -6.745323613018
3.525, 0.05095687754894, 0.9044426266907, 1.706851760904, 217.8664680631, -49.87301072876, 242.790829417, 469.9776531265, 219.7640687672, 1272.803799863, 1101.125550705, 376.8548937403, 210.1112564509, 1411.28036954, 1203.178923537, 135.2397496528, 63.30232865625, 346.3272993646, 291.7455671126, 0.5426948519905, -60.64225293567, 0.534752866825, -67.9216396062, -0.4384840882416, 0.6686098418167, 8.276714390668, -6.588805543068
3.55, 0.05253367426396, 0.9057121462319, 1.819443253122, 218.8456918242, -49.79167635208, 246.8920259891, 469.896255532, 220.1929340159, 1273.462264195, 1104.623436895, 377.3236249959, 210.8418739873, 1412.278016806, 1211.707603556, 135.2178940676, 63.43354116551, 346.5063911044, 292.6326796946, 0.5131817873453, -60.91373369528, 0.5069510119157, -69.03442145822, -0.435055427811, 0.671359306996, 8.324221318799, -6.593968831816
3.575, 0.05198460659498, 0.9063379960066, 2.14215158991, 217.6437012909, -49.42383796125, 245.4893674061, 467.4355842146, 219.7582376171, 1274.493302675, 1108.569743009, 376.1529939611, 210.2588260476, 1409.574245337, 1216.612050133, 134.518676569, 63.30327450028, 346.8078676124, 293.6535742933, 0.4219368017729, -60.58101535432, 0.4313706519428, -68.65142769862, -0.4308747618254, 0.6695885074241, 8.401651034385, -6.608711049453
3.6, 0.05250370870448, 0.9053938573712, 1.696199143013, 218.5665918864, -49.46755291533, 246.8492793622, 467.5448416574, 218.780110875, 1274.049755415, 1106.295008859, 375.6205846747, 209.9607874925, 1407.029796548, 1207.746204203, 134.5501496411, 63.01690666542, 346.6967787516, 293.1288725622, 0.5444339867241, -60.83562900645, 0.4637940464615, -69.01176438544, -0.4332028278646, 0.6666777381751, 8.365314199557, -6.50957997362
3.625, 0.05295734437833, 0.9063682869509, 1.775370889701, 219.341679629, -49.49718677339, 247.6282171044, 467.6537900501, 219.3540430883, 1274.669194738, 1108.256473703, 376.1740363667, 210.6713811021, 1406.84246487, 1209.173853591, 134.5795779131, 63.1883245088, 346.8646139772, 293.6553974556, 0.5241276287091, -61.05009937273, 0.4735425932483, -69.22010224618, -0.4298510008369, 0.6698128306091, 8.412665045845, -6.48144676266
3.65, 0.05321692473295, 0.9067282881055, 2.002689049682, 218.7299151594, -49.45813600844, 248.7652573555, 466.5609165622, 218.7277790312, 1275.29243268, 1110.69749339, 375.8397285162, 210.1537950269, 1406.786283831, 1215.274781359, 134.2698349432, 63.00449811716, 347.0380367442, 294.2631263394, 0.4605106604809, -60.88161712565, 0.462996885791, -69.53144865005, -0.4268266738891, 0.6678686838082, 8.462222792977, -6.507781451313
3.675, 0.05366147264162, 0.9058523901678, 1.659681774923, 219.1633968446, -49.88703481919, 250.4400477904, 466.5687343668, 217.7264883988, 1275.052796042, 1108.42780415, 375.4312290639, 209.6843700449, 1412.424000729, 1206.44031295, 134.2738329195, 62.71201479997, 346.9481328085, 293.7551848313, 0.5545017678451, -61.00152840463, 0.5325358143903, -69.97855350879, -0.4270461287746, 0.6647269111727, 8.4422712622, -6.402378746611
3.7, 0.05398025021159, 0.9068072098423, 1.691566905309, 220.4182900351, -49.72647546645, 250.1250793188, 466.5867054119, 218.9366691841, 1275.541973639, 1109.8588528, 375.8131199832, 210.9321206883, 1412.662288596, 1206.071212718, 134.2774317122, 63.07039722809, 347.0864089417, 294.1479368927, 0.5472946581757, -61.3481646478, 0.4878047394837, -69.88778676116, -0.4246639862732, 0.6699262693685, 8.481199297369, -6.373456706412
3.725, 0.05460346777251, 0.9064264503925, 1.60338826159, 219.9657086787, -49.75647457092, 252.7977142531, 466.3112351397, 217.90388922, 1275.492651918, 1110.217615472, 375.5132226133, 210.1338509241, 1410.015843688, 1211.706278169, 134.2009647374, 62.76698451599, 347.0787243475, 294.1901514646, 0.5709971461902, -61.22354521503, 0.5196898885631, -70.61663445057, -0.4263064367377, 0.6657748938377, 8.474163826, -6.416274699389
3.75, 0.05408957441995, 0.9076783855614, 1.986551680345, 219.8437045828, -49.5424765159, 250.7716965781, 466.2194730239, 218.9166194244, 1276.308059656, 1112.846986527, 376.2958358427, 210.775685547, 1407.446365056, 1215.497253579, 134.1716189649, 63.06349908307, 347.3182809473, 294.8617309009, 0.4676527653048, -61.18919249291, 0.4822764718937, -70.068079047, -0.4213567970601, 0.6696477285645, 8.542231242855, -6.445668683682
3.775, 0.05473507263133, 0.9065956262771, 1.552884765739, 220.7199277646, -49.90716976897, 252.7764687237, 466.6252689978, 218.3298576176, 1275.757785927, 1109.58772141, 375.9430289122, 210.668943525, 1410.200545329, 1207.690650888, 134.28825707, 62.89298438258, 347.1522295697, 294.0574461717, 0.5864788451741, -61.43147333507, 0.5578548160004, -70.6058273353, -0.4241433337306, 0.667774351098, 8.496309256954, -6.370152656871
3.8, 0.05444739398069, 0.9075421659436, 1.983036620873, 219.7207411839, -49.4573154762, 252.054748961, 465.9459499302, 218.6051058017, 1276.543984284, 1112.787527991, 376.2420671179, 210.5453762251, 1405.806993789, 1217.159815785, 134.0942600664, 62.97232426503, 347.3908777477, 294.82393581, 0.468421927636, -61.15552255136, 0.4729891417149, -70.4157367306, -0.4199219885564, 0.6684961887758, 8.561538711599, -6.45395254956
3.825, 0.05434389838768, 0.9060020824552, 1.598936008262, 220.0581217134, -49.84178517585, 251.9860301815, 465.665987606, 217.7303054719, 1275.962902737, 1108.870045062, 375.2872935476, 210.0441690474, 1409.021862594, 1206.960712985, 134.0161729698, 62.71493276125, 347.2145651116, 293.8606418849, 0.5721753383485, -61.2485452149, 0.5495883165621, -70.39229287187, -0.4228148067583, 0.6651511170508, 8.512658203621, -6.384272583045
3.85, 0.05503865851257, 0.9073224970475, 1.896959138729, 220.542512116, -49.77880224017, 253.6619991084, 466.9401098622, 219.0511953372, 1276.435110597, 1110.651345966, 376.9212818619, 211.0698077016, 1408.828027397, 1215.192857778, 134.377376084, 63.10604973171, 347.3481956395, 294.2638609161, 0.493977324078, -61.38301618542, 0.5366737628545, -70.85058372965, -0.42031859058, 0.6701003943954, 8.551617431046, -6.445908917613
3.875, 0.0542388372639, 0.9058938679071, 1.682155411321, 220.0470862865, -49.67848641838, 251.4650194781, 465.6176164339, 218.0579542183, 1276.130531943, 1108.063858246, 375.3934564216, 210.2087725343, 1408.182240306, 1206.459346205, 134.0022772053, 62.81059594305, 347.2665152425, 293.6389870227, 0.5498119362769, -61.24540449829, 0.5130671387631, -70.25121320754, -0.4217338788837, 0.665910713265, 8.525909552231, -6.400077641643
3.9, 0.05513357817821, 0.9070387287684, 1.781904438066, 220.635873687, -50.00849705824, 254.1957139995, 467.5269013294, 219.2123265645, 1276.298443934, 1109.18630758, 377.2864985987, 211.1337539795, 1412.232480355, 1215.565062132, 134.5438269497, 63.15271632203, 347.2958523312, 293.8534191157, 0.5266888509257, -61.40886188083, 0.5690433904749, -70.99807335411, -0.4207160837634, 0.6702176030865, 8.542318649444, -6.472883987315
3.925, 0.05434902016076, 0.9061093136238, 1.660254587576, 220.5695798936, -49.79005911438, 251.5017824965, 466.9456032707, 219.177110143, 1276.054772089, 1106.484558199, 376.5212334456, 211.0166292902, 1411.859547319, 1206.017465304, 134.37829336, 63.13973960012, 347.2316491955, 293.2071557017, 0.558514067453, -61.38984680635, 0.5113425898328, -70.26362854059, -0.4212848919878, 0.6696867564291, 8.522775199032, -6.422679422077
3.95, 0.05378248291378, 0.9070059279372, 2.085558109232, 219.624041431, -49.52186537698, 249.9671568866, 466.4856396329, 219.8413343327, 1276.721248046, 1109.055854429, 376.9085993342, 211.1160009196, 1408.623713617, 1214.541571915, 134.2465945445, 63.33278679815, 347.432948069, 293.8111165473, 0.4419500424586, -61.12850440427, 0.4659903015657, -69.85441751119, -0.4182583337837, 0.6714505694876, 8.579002757275, -6.515443496096
3.975, 0.05460068765235, 0.9055078307233, 1.559785471082, 220.4592381502, -49.93238690239, 252.7607775546, 467.709656105, 219.129393424, 1275.720369078, 1104.375985687, 376.8538624838, 210.8646597759, 1411.343858918, 1208.923522214, 134.5964932427, 63.12585333648, 347.1386252048, 292.5891920817, 0.5864803236798, -61.35990797359, 0.5553788945755, -70.61047928131, -0.4244355739453, 0.6686318289161, 8.494287895686, -6.488965520549
4, 0.1165765380745, 0.8763126824176, -3.802922891301, 219.9801139239, -33.08760129828, 249.9404020089, 356.9607737807, 219.4559521885, 1280.031701722, 1103.437121036, 274.1377721694, 210.8447596496, 1464.271852482, 1204.874952135, 102.5812414278, 63.2184492281, 347.545504503, 292.3660627075, 0.3748084687258, -61.22674312045, 0.4732042668414, -69.84491404582, 1.4294217135, 0.6692061351112, 4.014338228282, -6.485185051984
4.025, 0.1265509699366, 0.6405331531134, 5.927259253793, 219.3534225498, -30.10714018282, 271.622313001, 339.0515185542, 327.9848458258, 500.1015730334, 1005.98739115, 409.5939485183, 278.2339565255, 1376.141002029, 1041.541815828, 97.61742425466, 94.9870854485, 128.8518076041, 267.6130609911, -2.777704228303, -60.96115650235, 0.6466963306685, -75.44419955638, -1.863854679581, 0.9328122978873, -5.540047004562, -5.391149539024
4.05, 0.1644329903084, 0.7665372174372, -14.96740996276, 363.5725846865, -21.13940293164, 273.9317112469, 458.3286930461, 553.6846778188, 598.0628182692, 987.6976055754, 499.9281384799, 478.9399458569, 1094.044806614, 921.5310302155, 131.6253858196, 159.2541270214, 158.7538501467, 264.4241856928, 2.841074475486, -100.3674642275, 0.1927504488816, -75.63714159312, -2.828709139776, 1.316734777528, -5.248461192002, -2.782135767246
4.075, 0.1136309119285, 0.7214425227623, -10.94031839279, 247.3575658884, -19.23023935085, 215.8490351472, 379.624348382, 406.3608899416, 594.0600095798, 1069.26563765, 334.7198879101, 338.9226103708, 1313.445729288, 1255.347068155, 109.3154137748, 117.5924970569, 155.5204444877, 282.5274004184, 2.275299505885, -68.48184833581, -1.024723476756, -59.74918609692, -1.29257603574, 0.8709022555792, -6.160337651557, -8.73316956539
4.1, 0.09935251797726, 0.6986896534951, -7.087890372491, 205.6337425662, -25.3754406106, 214.3638911975, 386.7948565394, 425.0490433535, 578.8545468215, 985.1177621127, 374.4937335144, 340.1774562824, 1339.687428022, 1278.889205885, 111.3438151626, 122.9634127958, 151.1017507808, 258.8062618542, 1.178131314301, -56.9135775911, 0.830575919372, -59.17854915385, -1.806691361528, 0.5442345325913, -6.335505458599, -10.0459724062
4.125, 0.1088828864434, 0.7425032470211, -10.84656870552, 241.2209588851, -21.02413014498, 212.9345912749, 474.8256322453, 521.6854025001, 606.3124014971, 918.1534547281, 519.7168740324, 430.3429938643, 1157.227687969, 1044.419177172, 136.3767582675, 150.3776706298, 160.5015407758, 243.3999305846, 1.901422965902, -66.63319951122, 0.5910758414024, -58.75039992931, -3.211442874199, -0.08200006716655, -5.943961499886, -8.077309877338
4.15, 0.08289687466771, 0.6780587955289, -11.29704795325, 198.7737698122, -18.82744428871, 165.7922709851, 445.7724430975, 423.1677668557, 572.8904755931, 859.4147524943, 462.8558095534, 345.2888873458, 1238.768714388, 1041.521713707, 128.1375294807, 122.5578658311, 150.3965149607, 226.9727616411, 2.113063222984, -55.05901261423, -0.3985950996896, -46.05642296426, -2.608821981142, -0.002979899497081, -6.072269141293, -9.000146322605
4.175, 0.05887870795949, 0.6018231264904, -7.655792136115, 149.3501032709, -23.39852314159, 134.8915093504, 385.0001519122, 398.8184393378, 505.587566356, 757.763448253, 443.7799470326, 328.0317069916, 1318.914916284, 1044.527158048, 110.8769418986, 115.6204564614, 130.9106114894, 198.5503604541, 1.137974176068, -41.4656066483, 0.4768465525481, -37.7306509378, -2.356255655158, -0.487103572174, -5.90791109482, -9.760471349453
4.2, 0.05334377227508, 0.5936977528841, -8.89319281917, 143.8075979113, -21.55593289989, 123.087127075, 395.2409356563, 471.7968583365, 482.2014080074, 677.6485143121, 545.2023489168, 448.057353327, 1206.04736423, 950.2694915297, 113.9496305601, 136.2932379184, 125.4674391181, 177.618081663, 1.261066569674, -39.9379310106, 0.5597065808493, -34.43998295984, -3.063882605685, -2.127662921874, -5.583242473259, -8.961631952408
4.225, 0.04027728820869, 0.5388348413052, -10.34615389825, 121.2462822939, -18.47711338202, 101.0866574076, 367.0398370229, 451.5689160581, 438.4175349022, 590.5048942186, 560.3596237074, 479.0277349139, 1197.22373236, 960.0470199151, 106.0373129581, 130.6115422695, 113.3664810184, 153.2146799152, 1.633657408958, -33.72321087821, -0.1548337432196, -28.39530281116, -2.963264648501, -2.635439168124, -5.260076852349, -8.973949386069
4.25, 0.0289340232795, 0.4461971867599, -8.561902573597, 99.32236917918, -20.02349935419, 84.93316120746, 305.8952943028, 388.6084502462, 370.5444587437, 474.9521164115, 575.6375866289, 502.3896911029, 1230.472687281, 963.1012072579, 88.84075258805, 112.8794756321, 94.20748319358, 121.0366341525, 1.124760604613, -27.66697242865, 0.2242467414482, -23.91565123442, -2.591287850123, -2.676809845819, -4.806759844924, -8.331215345559
4.275, 0.02273707897715, 0.3771295746388, -8.406831308665, 86.63094843437, -19.43069027623, 77.36580738195, 269.2154774941, 337.432807107, 325.0278422195, 381.0995398583, 660.3373640413, 592.27568497, 1153.850600687, 896.7658332778, 78.88585637779, 98.82509599217, 82.27831659634, 95.91233254508, 0.9044589446084, -24.13957076984, 0.5025468488738, -21.74638066436, -2.550185466248, -2.737440207541, -4.312612377083, -7.109082904587
4.3, 0.0181024225261, 0.3049938675874, -9.316205159034, 76.93843995456, -17.45904662221, 71.02621367033, 223.9671243436, 271.0484108901, 278.6599983892, 298.1508021855, 713.4257650537, 637.459240569, 1111.375874238, 857.1197641015, 66.46127795932, 80.48191240188, 69.8005585179, 73.44721521166, 1.01347773906, -21.44172093168, 0.2423274431685, -19.9427996605, -2.20492327849, -2.209945199761, -3.802198563578, -6.006222975865
4.325, 0.01521273456158, 0.2233026772323, -8.933649570203, 71.31101353127, -17.36967013884, 66.55149939039, 163.4096677801, 192.3405944335, 223.4808002061, 216.8075320825, 741.7821252746, 650.7026634959, 1091.597895364, 834.3861757258, 49.65585808395, 58.56833831361, 54.66430968087, 51.20042454472, 0.8004530694293, -19.86790518759, 0.3847678763324, -18.67257943287, -1.574857579372, -1.350480639519, -3.233512892106, -4.938637020037
4.35, 0.01331269620771, 0.1639477909657, -8.977212896324, 67.31059565853, -16.90164196511, 63.99390512928, 117.5361956467, 135.7067952258, 182.6413009841, 158.8126289041, 791.3646259495, 687.1454305693, 1039.425044973, 788.2008874603, 37.13579030219, 43.06851944899, 43.79981777341, 35.75665566996, 0.6300141158037, -18.75741426334, 0.5534299172882, -17.94135912195, -1.085091667933, -0.6890817665777, -2.750220370989, -4.035783170617
4.375, 0.01206613548341, 0.11909718443, -9.750462698154, 64.52265997079, -15.73145595632, 62.27951746154, 79.40488519093, 93.77033372072, 149.5780733589, 117.7089211023, 825.6161966573, 709.6044956707, 996.7575823985, 753.0699416514, 26.72639053979, 31.63923697761, 35.00944092011, 24.86297722673, 0.6698270033329, -17.99413263809, 0.4827380177927, -17.45665783246, -0.6292000965712, -0.1351707901369, -2.342151360318, -3.374728770025
4.4, 0.01133627568959, 0.07806592182683, -10.11096311122, 63.21735256742, -15.2248545435, 60.85213916089, 41.73618566074, 56.78658993042, 116.6830969081, 82.69074369635, 839.7454384396, 713.3948456678, 976.8514454845, 739.2817822797, 16.33131697948, 21.46311833576, 26.06689908644, 15.39492353616, 0.6371170947416, -17.64324928615, 0.4942489372727, -17.06103060717, -0.1603523093795, 0.3713419354674, -1.96299691128, -2.863437579742
4.425, 0.01076968934186, 0.04969761095666, -10.39013193989, 62.13903433557, -14.91592646617, 59.9021612459, 14.13754814171, 32.1320930861, 92.51699340092, 59.26128268036, 860.1765412087, 724.8370901374, 951.4225049004, 720.8376703047, 8.801855239434, 14.80712954493, 19.59903919549, 9.202216434037, 0.5625532029257, -17.35896789146, 0.573973193339, -16.79883403588, 0.1849870036707, 0.7321983400033, -1.669562549981, -2.488045107776
4.45, 0.01013467232555, 0.03254616141067, -11.03615534939, 60.85470667319, -14.3238092928, 58.98388206486, -4.194999902994, 17.69624952654, 76.55324126349, 45.76509634178, 877.9311138103, 736.3980239966, 931.8591185254, 706.2915423045, 3.847277023875, 11.01099899387, 15.36938502863, 5.725510083069, 0.5931038590141, -17.02022453201, 0.5472141950725, -16.54704775059, 0.4234086054944, 0.9734860984238, -1.461624955964, -2.242680748795
4.475, 0.009562373882007, 0.01774328113825, -11.49935468108, 59.82321778563, -13.89200529318, 57.91255760729, -20.26151789477, 5.590356104215, 62.14715236649, 34.22288019398, 889.3247880616, 741.3712026925, 925.9080567737, 708.8544616655, -0.525382247593, 7.793578520334, 11.46187631048, 2.595394698866, 0.5985418316488, -16.7487618753, 0.5038544813598, -16.25572933914, 0.6273119555836, 1.173654357932, -1.280418065339, -2.060190483816
4.5, 0.008990772074665, 0.007438133766175, -11.78237906481, 58.85273185084, -13.82969919184, 57.04019743866, -31.95910604309, -2.952741409732, 51.87515239653, 26.19622065189, 897.7623680399, 742.2913061473, 915.1009086972, 704.7497836882, -3.703787853428, 5.522986970983, 8.738757035441, 0.498032069604, 0.5678137121318, -16.49329806844, 0.5639894829928, -16.0187575009, 0.7744949448302, 1.322473239431, -1.143977197497, -1.917603874587
4.525, 0.008121271236429, 0.002599949634282, -12.25148329809, 57.24947047108, -13.62615042101, 55.71209808847, -38.4493731575, -6.838112776904, 46.38137922283, 22.47435702606, 912.652475475, 749.949996981, 913.2715997224, 703.7444631421, -5.390569361965, 4.599626452162, 7.280191785316, -0.4413013638916, 0.5765086119748, -16.06565873953, 0.546961673331, -15.65823373325, 0.8596162414666, 1.414201042137, -1.059652295586, -1.833616440228
4.55, 0.007368182985402, -0.0006421478809269, -12.54582425887, 55.84738087674, -13.36944174485, 54.45748938548, -42.95476717889, -9.620643634449, 42.60029151522, 19.66132798654, 918.1150586494, 750.605251417, 910.2699014035, 708.6558746063, -6.594273600915, 3.905268432219, 6.299866136947, -1.200950906366, 0.5738928363476, -15.68954385751, 0.5106250821198, -15.31768499274, 0.9176353363658, 1.48047999675, -0.9973903277198, -1.774187102671
4.575, 0.0064975029405, -0.004612375662374, -12.76540815908, 54.31570539919, -13.40743335389, 53.1777093126, -47.88077490747, -13.2019040877, 38.88762357736, 16.32091202307, 923.2324358275, 748.7888717896, 907.1377250008, 706.3402461611, -7.926907977002, 2.945229533632, 5.329449761977, -2.058292478243, 0.564415993525, -15.2766749358, 0.5439385043832, -14.96928317871, 0.9749612145999, 1.545442969298, -0.9411058365454, -1.71150167243
4.6, 0.005573956878838, -0.004911522251697, -12.94230976376, 52.63507686797, -13.3316215145, 51.70364361255, -49.05929020648, -13.77229641659, 38.44338610981, 15.71630135252, 928.6954898015, 751.6298662547, 908.2802054782, 708.2197694436, -8.214552692414, 2.855331919097, 5.235155343031, -2.2031865496, 0.5528933320355, -14.82187069043, 0.5286338701886, -14.56751612041, 0.9906313279203, 1.573142342881, -0.9209894608872, -1.687649357739
4.625, 0.004651248893143, -0.003798252031343, -13.0705503759, 51.00376533678, -13.25711666164, 50.24127509052, -48.79135413949, -13.34006166032, 39.5545112927, 16.05888221223, 930.0637819686, 751.129989181, 908.8597357653, 711.1620284994, -8.12713281442, 3.006992106121, 5.573273599597, -2.101111226628, 0.5503335210484, -14.37662638871, 0.5167732396291, -14.16667256862, 0.9882005110457, 1.582348192827, -0.921400749185, -1.679745694318
4.65, 0.003732080575718, -0.003193333291071, -13.14063391355, 49.38829761803, -13.22061386802, 48.79729756077, -48.72281641787, -13.36536607431, 40.48012569138, 15.94773378185, 932.6036261984, 750.4896966589, 909.3651884879, 713.9907106642, -8.088085022453, 3.021259767102, 5.853018306225, -2.13264356183, 0.5389535965497, -13.93335466459, 0.516094164085, -13.76915369454, 0.9874180732375, 1.593003912162, -0.9232911372647, -1.670326196584
4.675, 0.002871537718416, -0.002386129227224, -13.15535281915, 47.85880070235, -13.13767151832, 47.43471108315, -48.30177282332, -13.23390585961, 41.6491614336, 16.02123105851, 932.9121506391, 750.4154415228, 908.387746145, 715.0704092826, -7.965187586359, 3.0779257049, 6.204259131032, -2.102426007072, 0.5276391517116, -13.51228872607, 0.5080308465416, -13.39256896162, 0.983477334188, 1.599803691439, -0.9298729555649, -1.663626615805
4.7, 0.002039899897798, -0.001575311840318, -13.14098997095, 46.39715360253, -13.04481661425, 46.11286718004, -47.80722408654, -13.15647825102, 42.88239558547, 16.19773897608, 931.09617137, 747.9980284594, 906.4340597782, 714.4022914735, -7.83519763999, 3.093003307955, 6.574367488983, -2.03177771895, 0.520909928646, -13.10892215535, 0.5004864761975, -13.02673141126, 0.9791487143963, 1.60386412825, -0.9392899036303, -1.658806035622
4.725, 0.001233688757471, -0.0009652599712302, -13.1057558189, 44.9995332832, -12.97115706215, 44.82232336819, -47.37413325861, -13.24190020779, 43.90784160307, 16.285076779, 928.9686685139, 745.2209483578, 904.4775528824, 713.2724948228, -7.723692543642, 3.05569013631, 6.882199737375, -1.985110039354, 0.5135295854752, -12.72306448729, 0.4979171125706, -12.6696667179, 0.9757446108863, 1.608091953794, -0.9481422937164, -1.654209284769
4.75, 0.0004503532261986, -0.0004253412055911, -13.07629766906, 43.64286252686, -12.90235749241, 43.56902660245, -46.88099441204, -13.31308505688, 44.7705812568, 16.3616288683, 927.7167240412, 743.4141388416, 902.7776931645, 712.3113999076, -7.589096667304, 3.029003835066, 7.140229945554, -1.945200918621, 0.5074910751601, -12.34877368728, 0.4953603224921, -12.32311256293, 0.9719640556214, 1.611917728866, -0.9560448552906, -1.650412572569
4.775, -0.000306239440679, -7.22177661381e-05, -13.05626135295, 42.33746384287, -12.841273772, 42.35104112623, -46.46101901253, -13.44739046939, 45.35297754845, 16.31912868522, 927.1308126746, 742.2868360038, 901.8585851229, 711.9676140078, -7.470839718359, 2.988986175486, 7.31292728405, -1.946230269892, 0.5032389846989, -11.98898012639, 0.491242940282, -11.98678684615, 0.9689485123047, 1.616134082278, -0.9614103462257, -1.64645725882
4.8, -0.001033143551361, 6.40842339803e-05, -13.03709969697, 41.09013074166, -12.79804584319, 41.16893897136, -46.18013906328, -13.67959291394, 45.65491539544, 16.13611507072, 927.0500473557, 741.5594434567, 901.5576723115, 711.9557000828, -7.388769079896, 2.923776444052, 7.402121056945, -1.991124342047, 0.4978951698803, -11.64574016982, 0.4883333786022, -11.66101630076, 0.9671727590521, 1.621062031537, -0.9640544523155, -1.641794850299
4.825, -0.001732632418432, 0.0001279771725704, -13.02478546574, 39.88804717634, -12.76366101858, 40.02485081723, -45.95300130365, -13.90409038814, 45.83191196267, 15.94160359689, 927.4410440808, 741.1644840206, 901.4391290154, 711.8449760693, -7.319236263958, 2.862798172655, 7.454814604503, -2.039268551425, 0.4924076433271, -11.31575830843, 0.485376617413, -11.34646132935, 0.9657597906027, 1.62574579173, -0.965350398744, -1.637261158132
4.85, -0.002407019505584, 0.0001331987361605, -13.02061339779, 38.72765609117, -12.73465565259, 38.91409031263, -45.79545186535, -14.12447805706, 45.91752880302, 15.74759227257, 927.9754853627, 740.8163732641, 901.4938890464, 711.6792845944, -7.268938392955, 2.802534861082, 7.480589298631, -2.087587034812, 0.4878612282156, -10.99807710089, 0.4814070271081, -11.04191998124, 0.9648741883128, 1.630099299388, -0.9656137483919, -1.633005496454
4.875, -0.003057152793852, 6.407034067833e-05, -13.01853613602, 37.61032644299, -12.71493113972, 37.83383488471, -45.73059712274, -14.36539390941, 45.91612768469, 15.53383537716, 928.4909633844, 740.4354352445, 901.6711659035, 711.5063305696, -7.245359112894, 2.735482998626, 7.481065533151, -2.142069265966, 0.4831312272052, -10.69297336334, 0.4778428105369, -10.74655383384, 0.9647401172614, 1.634346527842, -0.9649459551975, -1.628854768701
4.9, -0.003684214293752, -1.596620905451e-05, -13.01911177913, 36.53105209973, -12.70058910643, 36.78609324367, -45.70480808891, -14.58098257286, 45.89322293488, 15.34595960569, 929.0324015984, 740.1323967132, 901.8051672281, 711.2614530746, -7.233020931364, 2.675710327711, 7.475768844156, -2.189135743411, 0.4783521519142, -10.39894840093, 0.4745132651314, -10.46072893399, 0.9648565137656, 1.638137239034, -0.9640079010841, -1.625148879162
4.925, -0.004288696300845, -9.142321880915e-05, -13.02324847578, 35.48879510021, -12.68851075235, 35.77149800331, -45.70277742316, -14.76440403929, 45.86583628902, 15.18958839936, 929.536582992, 739.8664338729, 901.9230926051, 711.0094655696, -7.227985548324, 2.624820153385, 7.469247561086, -2.227752295643, 0.4741643694667, -10.11554723778, 0.470786987189, -10.18447337924, 0.9651054317399, 1.641404324972, -0.9629936385509, -1.621971688139
4.95, -0.004870173848278, -0.0001792017717225, -13.0281022614, 34.48619045016, -12.68036822798, 34.79035565003, -45.73351936633, -14.93579344527, 45.82221897481, 15.0436189208, 929.9596510827, 739.5934948251, 902.065863912, 710.797110421, -7.233002019276, 2.576809868955, 7.457905633585, -2.264226620321, 0.4701171159817, -9.843337523828, 0.4672357057721, -9.91774730699, 0.9655854873854, 1.644336404576, -0.9618297128954, -1.619136144611
4.975, -0.005428615884281, -0.0002592485398375, -13.03340785544, 33.52231025774, -12.67508629459, 33.84453536234, -45.77403113364, -15.08299157676, 45.7819101778, 14.92002901659, 930.351937299, 739.3566148119, 902.1834818761, 710.581300016, -7.241199665726, 2.535576716687, 7.447565339853, -2.294714172408, 0.4661017336291, -9.581966270337, 0.4639512520552, -9.660937136995, 0.9660830303438, 1.646868544631, -0.9607202356182, -1.616692650964
5, -0.005964185648409, -0.0003230271016232, -13.03999576919, 32.59634507054, -12.67093052658, 32.93487671969, -45.81306101672, -15.20263536134, 45.75270235483, 14.82251683356, 930.7136692989, 739.1441715254, 902.2857856371, 710.3676471344, -7.249379462524, 2.501998688837, 7.440332855492, -2.318189635687, 0.4624375098295, -9.331129924818, 0.4605857409419, -9.414193751262, 0.9665051058445, 1.648983142011, -0.9597458886055, -1.614657961669
5.025, -0.006476820264962, -0.0003826508964679, -13.04681432943, 31.70929939415, -12.66856824754, 32.06125540137, -45.85746210549, -15.30818645894, 45.72477562306, 14.73785718297, 931.0260327666, 738.9278869733, 902.4029169646, 710.1788253184, -7.259557067135, 2.472065090035, 7.433243920117, -2.338549780324, 0.4589740197481, -9.09103556486, 0.4573309518147, -9.17743220253, 0.9669269456878, 1.650812105922, -0.9588224991369, -1.61290524174
5.05, -0.006966676209783, -0.0004344776362485, -13.05352345246, 30.86066340296, -12.66783982089, 31.22406296349, -45.90109081795, -15.39890386219, 45.70222796024, 14.66683645044, 931.3123931103, 738.7259418963, 902.5158487899, 709.9968794623, -7.269813646998, 2.446199360095, 7.427586827218, -2.355362863096, 0.4555913784741, -8.861502674164, 0.4543009377882, -8.950706686254, 0.9672952212759, 1.652380203957, -0.9579920082192, -1.611407098404
5.075, -0.007434099824696, -0.0004743562239402, -13.06061026315, 30.04945064491, -12.66782729209, 30.42337669362, -45.9386247028, -15.47295125855, 45.688881702, 14.61138689954, 931.580435401, 738.5411720911, 902.6212993349, 709.8185537803, -7.278581746539, 2.424973871645, 7.424459627137, -2.368026981189, 0.4524313259894, -8.642228195141, 0.4513288195095, -8.734001631464, 0.9675683140086, 1.653688987138, -0.9572881037945, -1.610161784825
5.1, -0.007879344531375, -0.000508931692889, -13.06773169304, 29.27562852365, -12.66868481693, 29.65869564444, -45.97444885326, -15.53729761786, 45.67917467418, 14.5646194708, 931.8205416402, 738.3597423442, 902.7337740746, 709.6557437807, -7.287139866693, 2.406324194692, 7.4222068844, -2.378568305746, 0.4494602233106, -8.433172701589, 0.448459587701, -8.527157866755, 0.9677959992687, 1.654811260222, -0.9566574130808, -1.609099404243
5.125, -0.008302727901448, -0.000538972184864, -13.07462867281, 28.53869920417, -12.67047971334, 28.92970800648, -46.00808607671, -15.59359100037, 45.67281730736, 14.52490746711, 932.0413437599, 738.18771188, 902.8465780367, 709.5021015424, -7.295276489187, 2.389871453288, 7.420802340204, -2.387358718125, 0.4465979018246, -8.234180940741, 0.4457785745828, -8.330066296344, 0.9679784444647, 1.655780342694, -0.9560959344268, -1.608186154197
5.15, -0.008704804690352, -0.0005598040357629, -13.08163297582, 27.83762634927, -12.67321913147, 28.23609999333, -46.03525927178, -15.63882429368, 45.67357981558, 14.49530610415, 932.2534064387, 738.0349905876, 902.9767849924, 709.3476868773, -7.301703341527, 2.376578772332, 7.421193533638, -2.393422172905, 0.4439123805638, -8.044955034172, 0.4432841529376, -8.142618255872, 0.9680801376519, 1.65658491698, -0.9556396716847, -1.607431926251
5.175, -0.009085683427577, -0.0005731232728157, -13.08855240103, 27.17227295655, -12.67625352585, 27.57733842064, -46.05702845633, -15.67521422427, 45.67921170254, 14.47408293583, 932.4524695144, 737.8898906417, 903.1321032561, 709.189719023, -7.306722628518, 2.365744618184, 7.422700848585, -2.397192203064, 0.4413897980172, -7.865427754841, 0.4408338778694, -7.964640374833, 0.9681199341573, 1.657250811258, -0.9552674907825, -1.606806213777
5.2, -0.009445946220382, -0.0005819800459318, -13.09498444258, 26.54185645363, -12.67904033214, 26.95259179714, -46.0755181206, -15.7064250428, 45.68829258713, 14.45846827804, 932.6349026944, 737.730772305, 903.2729823269, 709.0305334506, -7.310923504129, 2.35617197207, 7.425199389304, -2.399438205872, 0.4389816738577, -7.695335486919, 0.4384802440538, -7.795863813614, 0.9681315803309, 1.657817647973, -0.9549634554254, -1.606268618254
5.225, -0.00978612661028, -0.0005902591049809, -13.10070009581, 25.94551608191, -12.68114453198, 26.36138569325, -46.09387580797, -15.73540570997, 45.69794960863, 14.44438905051, 932.7967311729, 737.5793172779, 903.3807318517, 708.8878885282, -7.315195836778, 2.347251249089, 7.428010742946, -2.401451801604, 0.4366990091014, -7.534404010964, 0.4362355079417, -7.636119300366, 0.9681593209028, 1.658342560806, -0.9546966422124, -1.605778360966
5.25, -0.010106392121, -0.0006009162846409, -13.10565378444, 25.38312722402, -12.68255984313, 25.80365325078, -46.11417224529, -15.7640269102, 45.70504729624, 14.42874155569, 932.9385897147, 737.4471117122, 903.4606169802, 708.7729888016, -7.32011316517, 2.338568171126, 7.430221108054, -2.404204964403, 0.4345601760777, -7.382578441107, 0.4341140801631, -7.485368487383, 0.9682285034207, 1.658855596337, -0.9544337068627, -1.605306548476
5.275, -0.01040686545964, -0.0006142466210287, -13.10994470424, 24.85454151667, -12.68359315922, 25.27924594996, -46.13602856734, -15.79250685829, 45.70849275783, 14.41121184393, 933.0681042736, 737.3331608822, 903.5256983431, 708.6801223801, -7.325524962115, 2.330052390382, 7.431442280645, -2.407732927473, 0.4325540632043, -7.239824986387, 0.4321453583295, -7.343575636209, 0.9683316121751, 1.659357979298, -0.9541610348808, -1.604845213081
5.3, -0.01068781946799, -0.0006281173712024, -13.11385298275, 24.35917897937, -12.68449517807, 24.78771128634, -46.15724325552, -15.81948446742, 45.70956995757, 14.39384975228, 933.1939704289, 737.231367636, 903.5873365759, 708.5967594499, -7.330765972722, 2.3220303688, 7.431967597688, -2.411343074309, 0.4306835839625, -7.106011198751, 0.4303217601002, -7.210639461894, 0.9684399581365, 1.659831741769, -0.9538872365213, -1.604406785399
5.325, -0.01094967318731, -0.0006410603727755, -13.11760052467, 23.89621979692, -12.6854496715, 24.32826655496, -46.17657211434, -15.84425652193, 45.70946762796, 14.37808811486, 933.3190681233, 737.1347434751, 903.6535526505, 708.5155500784, -7.335477127124, 2.314636663709, 7.432085884663, -2.414562835857, 0.4289502840783, -6.980941740672, 0.4286252107182, -7.086373100916, 0.9685351971311, 1.660265695861, -0.9536205190313, -1.604001549273
5.35, -0.01119290819849, -0.0006526040480502, -13.12125290337, 23.46478097088, -12.68655827544, 23.90002424256, -46.19387003553, -15.86679257944, 45.708933508, 14.36430089565, 933.442471193, 737.0410090133, 903.7257236587, 708.434648471, -7.339628097301, 2.307862807782, 7.432005225549, -2.417265812115, 0.4273398459943, -6.864396045283, 0.4270512273625, -6.970553653057, 0.9686126632919, 1.660659622072, -0.9533659391736, -1.603631733317
5.375, -0.0114179973933, -0.0006625421953993, -13.12481754766, 23.06400114362, -12.68777943676, 23.50219122298, -46.20930231551, -15.88706044386, 45.70863721193, 14.35248763359, 933.5618777899, 736.9522352118, 903.8000313862, 708.3551486161, -7.343280350363, 2.30174202401, 7.431943839091, -2.419457184183, 0.4258454023815, -6.756148706501, 0.4255910088682, -6.862973124519, 0.9686739136152, 1.661016964179, -0.9531285443723, -1.603296234838
5.4, -0.01162535829024, -0.0006712944021947, -13.12826598558, 22.69316691262, -12.68903192579, 23.13409418051, -46.22350695837, -15.90542916196, 45.70862738314, 14.34209246529, 933.6739634637, 736.8703580807, 903.8724367075, 708.2797815482, -7.346632888537, 2.296192297234, 7.43194420213, -2.421314683321, 0.4244671806016, -6.656006556458, 0.424236469396, -6.763449189637, 0.9687268835387, 1.661344850703, -0.9529081122402, -1.602989379717
5.425, -0.01181535223297, -0.0006795133996683, -13.13155088704, 22.35170213325, -12.69027686386, 22.79515281119, -46.23716214952, -15.92245126622, 45.70859697728, 14.33241682312, 933.7765373281, 736.7960739313, 903.9400552913, 708.2103651595, -7.349888072757, 2.291067329343, 7.431939825786, -2.42304901193, 0.4232013318759, -6.563811121059, 0.4229900081594, -6.671822482043, 0.9687799111185, 1.661650806104, -0.9527014946971, -1.602703920736
5.45, -0.01198831727466, -0.00068740745646, -13.13466585096, 22.03905895268, -12.69149538787, 22.48483542609, -46.2504249778, -15.93834103542, 45.70847158463, 14.32321437749, 933.8695967475, 736.7292362853, 904.0011756125, 708.1469009943, -7.353088240842, 2.28630718579, 7.431921505264, -2.424727836326, 0.422046206021, -6.47941288572, 0.4218532932184, -6.587947756699, 0.9688354651021, 1.661937952875, -0.9525077537592, -1.602436305527
5.475, -0.01214459273825, -0.0006949726393681, -13.13763917983, 21.75468087579, -12.69269154033, 22.20259637419, -46.2632041435, -15.95316807626, 45.70825543663, 14.31446637123, 933.9540648787, 736.668750738, 904.0558586157, 708.0889638362, -7.356201241754, 2.281883034582, 7.431890572591, -2.4263516305, 0.4210027739237, -6.402662199434, 0.4208244543777, -6.511678331104, 0.9688927069719, 1.662206929974, -0.9523265182475, -1.602185535313
5.5, -0.01228452767806, -0.0007021966678981, -13.14049949024, 21.49799533019, -12.69389674639, 21.94785605457, -46.27539406589, -15.96700127862, 45.70792854445, 14.30616954117, 934.0311121314, 736.6135235292, 904.1051236764, 708.0362722924, -7.359190178931, 2.277766099284, 7.431835798463, -2.427917961375, 0.4200685045718, -6.333406659718, 0.4199033074333, -6.442859901568, 0.9689500114995, 1.662458140169, -0.9521570536156, -1.60195120572
5.525, -0.01240848218433, -0.0007089592224296, -13.14327514721, 21.26839848996, -12.69513747416, 21.72001839017, -46.28683302832, -15.97979756182, 45.70757678612, 14.29840319691, 934.1019404095, 736.5632911016, 904.1498271129, 707.9885888931, -7.362002489157, 2.273966979085, 7.431777263309, -2.429401354296, 0.4192398702086, -6.271485855453, 0.4190884379649, -6.381333845352, 0.9690050384261, 1.662691432807, -0.9519995084061, -1.601733694867
5.55, -0.01251682150081, -0.0007151697836426, -13.1459894426, 21.06527367895, -12.69642546863, 21.51848171829, -46.2974378845, -15.99151236782, 45.70728217222, 14.29121435103, 934.1671890098, 736.5182128874, 904.1906091188, 707.9459477771, -7.36461141474, 2.270500651958, 7.431735422231, -2.43078787716, 0.4185146272439, -6.21673529515, 0.418376021329, -6.326939401964, 0.9690564003176, 1.662906954904, -0.9518539604891, -1.60153315468
5.575, -0.01260990912131, -0.000720863509192, -13.14865021714, 20.88801371174, -12.69776805462, 21.34264577475, -46.30726983964, -16.00219110947, 45.70704030632, 14.28454442426, 934.2269133828, 736.4784953952, 904.2278483324, 707.9085018526, -7.367034348009, 2.267357222948, 7.431707985912, -2.432094423221, 0.4178897263645, -6.168992109889, 0.4177631645039, -6.279515296988, 0.969104371175, 1.663105771397, -0.9517197666743, -1.601348742165
5.6, -0.0126881058478, -0.0007260852111768, -13.15125816822, 20.73601746848, -12.69916541003, 21.19191833136, -46.3164114736, -16.01188336585, 45.70685198885, 14.27833525395, 934.2810075863, 736.4443352121, 904.2615005474, 707.8761861624, -7.369295412415, 2.264525506294, 7.431696643927, -2.433335805261, 0.4173619920806, -6.128094313265, 0.4172475226503, -6.238901622543, 0.969149646397, 1.663288982009, -0.9515964590376, -1.601179425767
5.625, -0.01275177154256, -0.0007308667103503, -13.15381444283, 20.60868657003, -12.70061143232, 21.06571100045, -46.32493102782, -16.02063154368, 45.70672888328, 14.27255019329, 934.3293235159, 736.4157096045, 904.2913578571, 707.8488149742, -7.371414789637, 2.261994155443, 7.431706898124, -2.434519826671, 0.4169293278284, -6.093880172715, 0.4168261782165, -6.204939088863, 0.9691929119929, 1.663457436668, -0.9514837759255, -1.601024335357
5.65, -0.01280126655255, -0.0007352590146357, -13.15631887716, 20.50542591082, -12.7021019991, 20.96343238211, -46.33289920994, -16.02849986407, 45.7066590377, 14.26714248144, 934.3717437747, 736.3923603389, 904.3172649203, 707.8262215673, -7.373413070784, 2.259743360721, 7.4317370494, -2.435657464373, 0.4165895757928, -6.066188615253, 0.4164967603231, -6.17746747161, 0.9692348942936, 1.663611980569, -0.9513813176109, -1.600882603109
5.675, -0.0128369534513, -0.0007392919924732, -13.15877190238, 20.42563717713, -12.70363493408, 20.88448684693, -46.34035280457, -16.03553695229, 45.70664019913, 14.26208449961, 934.4083255918, 736.3740132823, 904.3390994519, 707.8082379003, -7.375300150465, 2.257757476547, 7.431787829648, -2.436754371892, 0.4163402761207, -6.044857660266, 0.4162573384779, -6.156325371298, 0.9692759433675, 1.66375324521, -0.9512888180149, -1.600753601221
5.7, -0.01285919795464, -0.0007429689293004, -13.1611764517, 20.36871542964, -12.70520789412, 20.82827388276, -46.34729600582, -16.04176725267, 45.70668388094, 14.25736989643, 934.4392524646, 736.3604488863, 904.3568275918, 707.7947441084, -7.377076001234, 2.256028096983, 7.431863236726, -2.437810725163, 0.4161792359472, -6.029723533074, 0.4161056115302, -6.14135006993, 0.9693160419061, 1.663881621135, -0.951206141113, -1.600636975807
5.725, -0.01286836847424, -0.0007462985529495, -13.16353536236, 20.33405132539, -12.7068201248, 20.7941873107, -46.35373403808, -16.04721642406, 45.70679023632, 14.25298594964, 934.4647309418, 736.3514883652, 904.3705429742, 707.7856933706, -7.378740818152, 2.254546800092, 7.43196324801, -2.43882921444, 0.4161041618408, -6.020621246681, 0.4160392554012, -6.132377309621, 0.9693551384169, 1.663997501172, -0.9511330349548, -1.600532391071
5.75, -0.01286483574519, -0.0007492890411005, -13.16585058517, 20.3210309907, -12.70847179338, 20.78161655271, -46.35967221782, -16.05190648951, 45.70695721487, 14.24891978585, 934.4849795921, 736.3470202394, 904.3803857418, 707.781034766, -7.380294794582, 2.253306792966, 7.432086944456, -2.439812550506, 0.4161124979669, -6.017384557883, 0.4160560538181, -6.129241584127, 0.9693931544672, 1.664101264922, -0.9510692201384, -1.600439515382
5.775, -0.01284897281231, -0.000751941540133, -13.16812403196, 20.32903537168, -12.71016212714, 20.78994729448, -46.36511313432, -16.05585161372, 45.70718841419, 14.24516551357, 934.50020119, 736.3469671742, 904.3864993656, 707.7806822664, -7.38173749183, 2.252303792162, 7.43223497659, -2.440761173346, 0.4162017714578, -6.019845770944, 0.4161535620041, -6.131776301227, 0.9694299823046, 1.664193225854, -0.951014466812, -1.600358061382
5.8, -0.01282115302152, -0.0007542531881465, -13.17035764657, 20.3574472182, -12.71188922972, 20.81856170584, -46.37005838019, -16.0590648857, 45.70749291129, 14.24172308709, 934.5105679621, 736.3511407653, 904.3890075495, 707.7845161329, -7.383068394334, 2.251532779387, 7.432409649588, -2.441673579884, 0.4163696837525, -6.027837579581, 0.4163291572384, -6.139813840984, 0.9694655104864, 1.664273595069, -0.9509686073528, -1.600287784812
5.825, -0.01278174914168, -0.0007561484899853, -13.17255653361, 20.40565579287, -12.7136444031, 20.8668380384, -46.37443592439, -16.06152606746, 45.70795837082, 14.2386604207, 934.516472928, 736.3585260298, 904.3876946836, 707.7922684648, -7.384264688764, 2.250990684366, 7.432637705045, -2.442527572283, 0.4166142289656, -6.041193883906, 0.4165798890299, -6.153185225195, 0.9694989027879, 1.664341752998, -0.950932250083, -1.600228963227
5.85, -0.01273115771218, -0.0007575787851924, -13.17472083313, 20.47300933281, -12.71543329468, 20.9341307341, -46.37820465801, -16.06323192914, 45.70864377319, 14.23600490891, 934.5183352973, 736.3689169398, 904.3827957269, 707.8039605384, -7.385311869018, 2.250677432058, 7.432934859985, -2.443314744057, 0.4169326665174, -6.059737095505, 0.4169063146148, -6.171714465516, 0.9695297023504, 1.664397959029, -0.9509057782139, -1.600181577444
5.875, -0.01266976549468, -0.0007584995593441, -13.17684504219, 20.55886082754, -12.71724434904, 21.01980690476, -46.38134222022, -16.06414797604, 45.7095535434, 14.23376871333, 934.5164648027, 736.3830372055, 904.3752478987, 707.8196235443, -7.386201132203, 2.250610617119, 7.433296685781, -2.444030802865, 0.4173220921959, -6.083290488314, 0.417303513458, -6.195228221495, 0.9695578057019, 1.664442811986, -0.9508891038779, -1.600145287037
5.9, -0.0125979546799, -0.000759012606391, -13.17891228066, 20.66257768179, -12.71905603032, 21.12323918643, -46.38395856976, -16.06435096395, 45.71058357956, 14.23185663936, 934.510614788, 736.4011402781, 904.3648867909, 707.8393036405, -7.38696428715, 2.250772156966, 7.43369556387, -2.444701849593, 0.417779346295, -6.111680482539, 0.4177679735776, -6.223554110974, 0.9695846509966, 1.664477751441, -0.9508810145123, -1.600118636341
5.925, -0.01251610688834, -0.0007592084918533, -13.18090700753, 20.7835310787, -12.72084819943, 21.24380436695, -46.38615561127, -16.06392322183, 45.71166281212, 14.23018976996, 934.5005371878, 736.4231568134, 904.3513316159, 707.8628526064, -7.38763077839, 2.251139257892, 7.434114350709, -2.44534777609, 0.4183019706788, -6.144734333684, 0.4182973644902, -6.256520756445, 0.9696116817729, 1.6645040484, -0.9508807014647, -1.600100227398
5.95, -0.01242460499241, -0.0007591484330804, -13.18281828984, 20.92108931154, -12.72260494184, 21.38087618045, -46.3879935268, -16.06293106974, 45.71273577928, 14.22871893155, 934.4861783527, 736.4488878556, 904.3344001708, 707.8900447126, -7.38821711961, 2.251692261069, 7.434538843931, -2.445979553973, 0.4188877855181, -6.182278801683, 0.418889387558, -6.293956257483, 0.9696398537883, 1.664522660995, -0.950887551986, -1.600089000485
5.975, -0.01232383458124, -0.0007588720356289, -13.18463877806, 21.07461606453, -12.72431553314, 21.53381935783, -46.38949842398, -16.06142435261, 45.71375439354, 14.22741262728, 934.4676494696, 736.478122797, 904.3140996968, 707.9207161829, -7.388729349375, 2.252415893654, 7.434955674402, -2.446603878371, 0.4195344052691, -6.224139866548, 0.4195418059691, -6.335686753153, 0.9696696470858, 1.664534293043, -0.9509010135814, -1.600084218731
6, -0.012214226362, -0.0007578620978555, -13.18634435422, 21.24342940772, -12.72593409203, 21.70183455203, -46.3901585414, -16.05896053991, 45.71519767928, 14.22654320874, 934.4453122597, 736.5116846323, 904.2891118019, 707.959332591, -7.38902069987, 2.253443772303, 7.435508933026, -2.447183625675, 0.420231906807, -6.270132329766, 0.4202467492053, -6.381496243408, 0.9696959545578, 1.664535396632, -0.9509255856477, -1.6000916121
6.025, -1.122083637419, -0.007383872701011, -1298.683611392, -497.7952215024, -1377.490296648, -503.5079273229, 22.69822066689, -29.72554728689, -25.98463423789, 6.70765387975, 827.7281588248, 594.475389604, 877.5196538028, 626.9930255609, 11.27729269125, -2.939287400365, -12.53407569076, -3.850798587897, 350.3758940511, 135.7694701387, 371.2639231089, 137.1999719949, 0.1921044327717, 1.517168819928, -0.2180789956578, -1.412026363837
6.05, -1.459998804411, -5.721594899866e-05, -1832.048782755, -628.5333649281, -1785.319909967, -583.7736429931, 47.97096119972, -17.61510178889, -43.05777581667, 13.47590818476, 1197.001039972, 373.2047051883, 1158.403296575, 341.9027357508, 20.45646377695, -1.575584120439, -18.82180662325, 0.7210203536544, 488.3422277907, 172.1701461117, 476.3187839837, 160.0536080842, 0.3737401483899, 0.7590959646314, -0.3318419280548, -0.6853634158197
6.075, -1.493996522206, 0.0005391249608309, -2117.329442766, -379.9337721261, -2118.997517589, -360.9063917425, -4.549537919446, -5.301582922387, 8.930015096857, 3.196431042971, 1374.20629713, 222.6954086362, 1351.854279069, 210.632356601, 6.376137283246, 0.5717399242578, -5.000087580868, -1.038152339296, 559.3898938108, 104.0520310388, 560.2532495401, 98.88142688428, -0.08015811501268, 0.2802626041769, 0.1530222562769, -0.2847979769641
6.1, -1.305639204542, 0.0004536052495479, -1988.970917503, -240.5993017159, -1982.663970748, -175.085706437, 67.29342181605, -3.428325516847, -62.35904937272, 1.886445409651, 1501.286323137, 138.230324709, 1443.506935242, 100.2844312743, 26.4795224413, 0.3528211020706, -24.73607588472, -0.4201907264817, 518.6087484851, 65.77216780626, 518.0689737155, 47.92158942457, 0.7910219168213, 0.1922043257485, -0.6953864765415, -0.1470856700762
6.125, -1.159801870272, -7.148100704439e-05, -1725.908946974, -286.9451095451, -1726.303240816, -194.1805991242, 3.489494952719, -6.824778421552, 2.710318849129, 2.029488437073, 1557.431260381, 157.5838988905, 1492.94551773, 107.6406611679, 8.355198296309, -0.4003137876809, -6.20403556509, -0.4559610022681, 444.1105280594, 78.17564685898, 445.6028656752, 52.97898781381, 0.0758113686636, 0.2786305032743, 0.06447520630286, -0.1900263529725
6.15, -1.340429656515, -0.003511873732629, -1989.476013244, -305.8272425826, -1975.596657357, -275.0393159751, 63.18433834397, -8.171700320072, -70.6780272147, 3.64650069422, 1413.821193541, 166.9893904961, 1388.771572146, 148.6567082421, 24.0770279538, -0.6840913868916, -25.95865498558, -0.3804941689988, 515.1709588422, 83.08781950378, 512.1150321239, 74.78577450002, 0.8582768292428, 0.2709966851476, -0.9760474598761, -0.3559345600031
6.175, -1.381835669166, -0.01653151473301, -2106.516341677, -254.7569430002, -2047.525197881, -326.7926677185, 40.44853681809, -8.15092215655, -80.02991906646, -1.088567603945, 1816.995944719, 139.7527806737, 1702.904942972, 181.7867023384, 19.05173015072, -0.9326306113018, -29.69806719953, -2.05096709151, 535.7969134293, 69.12215053145, 522.6665146853, 88.51859946246, 0.4598839145936, 0.1832863938421, -1.234033248746, -0.3197031672016
6.2, -1.406217273557, 0.0003934872624643, -2030.614522498, -373.0346210956, -2054.023080234, -354.1706178755, 59.65122609455, -14.07384545158, -34.41419437742, -1.176566947156, 1698.07394094, 201.1100842066, 1551.559992022, 194.7852894807, 24.02888691537, -2.063857542015, -16.45720956279, -2.202047287009, 517.7052065402, 100.9932856556, 527.3405339669, 95.86898396968, 0.811586143738, 0.2828123420161, -0.3402320804879, -0.3678852027677
6.225, -1.339504225884, -0.0064732006704, -1994.587064392, -346.3583342684, -1849.208608092, -354.902877147, 48.41454407252, -8.862655330196, -56.56589792645, 0.06693659801132, 1214.461389194, 190.592044668, 1135.782645343, 189.9266322347, 19.14626501225, -0.6739537370362, -21.05497660568, -1.803533545616, 519.4993785817, 93.77498657833, 482.2052149632, 96.14490346163, 0.6937217986122, 0.249734435495, -0.8700292585139, -0.4531261203384
6.25, -1.278190603302, 0.002832387652107, -1753.789325722, -445.5681405149, -1793.146308212, -336.6713661292, 0.08405200787665, -16.89918305159, 24.39898953905, -0.621624381098, 1030.039128233, 240.3288520292, 1056.277650853, 189.7148675299, 4.965357289457, -2.49819716995, 1.81154385174, -1.979063773133, 459.2604025709, 120.5298473383, 469.5259058963, 91.12262365681, -0.1785736945693, 0.3465413491081, 0.47934019596, -0.2937192051745
6.275, -1.27638218092, -0.002261011833503, -1793.91813052, -350.9727874526, -1801.192210533, -388.9419589801, 66.78195069464, -10.03110260994, -59.05113657235, -4.202992313487, 1125.137115055, 196.1903594705, 1109.892615558, 211.6065037129, 24.0030178662, -0.9524100087647, -21.73925543212, -3.232529568879, 467.6004059218, 94.94824380948, 469.9982378572, 105.2347972141, 1.105136396039, 0.2028610568957, -0.9521573850086, -0.4674345885437
6.3, -1.446686252779, -0.02247289436567, -2123.440133561, -426.5092133408, -2022.096809458, -349.3102067857, -15.19086523044, -12.03728677194, -39.81115853371, -3.780826916468, 1287.447607067, 235.7214039939, 1203.493429911, 186.8144360419, 1.918557974663, -1.133353771475, -16.75414323337, -2.856057503849, 552.0772829014, 115.193704636, 526.8725295676, 94.55800563452, -0.409735732185, 0.2645660362351, -0.5863832410528, -0.4703331935158
6.325, -1.427051128811, -0.01594996422385, -2000.700220398, -427.7589588186, -2015.663631272, -423.1051191526, 33.68957340055, -29.69896460245, -42.13647948661, -9.971291606836, 1317.627357747, 229.4914527163, 1231.32588612, 230.0453736667, 15.50028167501, -6.277129225145, -17.47407851643, -5.063927949297, 517.7321948168, 115.5561092653, 523.9139848513, 114.2667635044, 0.3789068621204, 0.199691375679, -0.5964225464911, -0.567728933834
6.35, -1.428587478044, -0.02371772673506, -2142.368536493, -352.5346409842, -2036.565828569, -378.4841276434, 11.43024318188, -9.200417598372, -66.77316735078, -7.128036587292, 1625.263332882, 197.6029220589, 1500.862062789, 202.2868348635, 10.36490942922, -0.6891391579783, -25.32056362566, -3.98781355968, 547.5166317547, 95.14145338449, 522.2215517709, 102.2410212461, 0.01802986428241, 0.1866429378344, -1.111269124931, -0.5356574436257
6.375, -1.395705525193, -0.003673970082567, -1999.036284601, -354.1294481407, -2049.164335107, -404.3322897038, 70.63791646841, -14.78299482929, -49.70122568474, -14.58976029051, 1601.569606215, 195.2773223819, 1551.012897377, 215.2598934347, 26.76077356796, -2.312569846664, -20.74690175208, -6.269357626911, 509.468104962, 95.5842606424, 524.1162386581, 109.166495884, 1.138215846244, 0.15054238341, -0.7368571264599, -0.6868619294431
6.4, -1.381019428225, -0.0171350878672, -2037.623157541, -397.563716717, -1995.188693203, -297.0374614646, 45.0167987421, -27.03084004994, -59.33516955192, -5.503665337757, 1390.640099919, 212.2603926537, 1226.065435934, 164.8803857097, 18.9186087786, -5.661263909936, -22.23624068047, -3.144698566048, 525.1519266464, 107.3669664943, 517.8194949195, 80.25882679524, 0.6775986426657, 0.1854620806238, -0.9818040268151, -0.341163866875
6.425, -1.2485039423, -0.008876286043431, -1747.516264871, -326.6980469158, -1802.359958824, -382.245571845, 31.1312734865, -14.05259217759, -30.58341520188, -14.83456303591, 1062.362299901, 183.3795007063, 1059.506295976, 207.4264554768, 13.67758362714, -2.214039555241, -13.52082122671, -6.25714774102, 455.5208807035, 88.24308879499, 470.4358386904, 103.2551149315, 0.4056637416583, 0.1097847223902, -0.4506933188504, -0.5992597054998
6.45, -1.304329683648, -0.01123153766967, -1916.772771872, -413.9477712563, -1807.985934672, -319.472362245, 70.24049375898, -17.46570779402, -71.54999660351, -14.43832175931, 1199.490914464, 229.3487648737, 1123.352587033, 170.1463673996, 25.25211878855, -2.754497176428, -25.18582676538, -5.724789390179, 497.74944734, 111.6867644469, 470.3988622967, 86.43390066227, 1.200136787615, 0.1669139495707, -1.24870564296, -0.5782619506463
6.475, -1.384343456228, -0.04307258027005, -2087.25075719, -533.8351057072, -1679.245337481, -437.6337311146, -68.60438373818, -49.37864702225, -5.456798697188, -19.04690731627, 1260.978841777, 288.8225579666, 1211.267270752, 237.7204190638, -13.13679561844, -11.3327567378, -7.127247663303, -7.740903124187, 542.1522453028, 143.861966379, 433.7911884093, 118.1054741895, -1.476742011868, 0.09805675788119, 0.1494961523883, -0.7043557460729
6.5, -1.46537929471, -0.03927811480702, -2073.498800095, -416.9093545971, -2043.74272381, -495.2468405749, -6.87169455048, -19.74169061163, -61.87539842831, -35.97503324302, 1438.731578641, 234.8193348423, 1342.536119469, 265.383173104, 4.611423869329, -3.375971571669, -23.38727143345, -12.90751802236, 533.6977845508, 112.3661163607, 528.0949565179, 133.5185755529, -0.4485801502882, 0.09066253670423, -1.062213088725, -1.08548007367
6.525, -1.387458820713, -0.01514716796853, -2006.680924465, -402.4897515298, -2027.632363384, -357.2878029099, 59.74857609214, -27.55797445465, -63.73089268248, -11.05827793546, 1648.554084495, 218.8341922432, 1517.806840221, 200.4400299849, 23.91784542625, -5.752007342777, -24.53113765316, -5.090041815807, 510.1974972222, 108.5642832615, 519.02602058, 96.35230473537, 0.8950930362087, 0.07456143473962, -1.037778128969, -0.4483064253387
6.55, -1.397201559651, -0.01554103539758, -2078.320422768, -366.962124016, -2058.851954144, -311.9093379851, 46.05894422261, -29.19760981357, -51.70547318427, -8.499412134759, 1557.642115496, 196.2855936683, 1419.551590975, 172.1664056774, 19.80065830566, -6.411581776894, -20.83867082972, -4.071172848308, 531.5259161638, 99.08729764816, 529.7124886209, 84.21477402788, 0.7170048324996, 0.09310057929154, -0.8451994955056, -0.4039289710109
6.575, -1.326903306177, -0.03067357880683, -1952.255227875, -326.5454862742, -1880.118156407, -386.4926909479, 19.22372165831, -22.23831644767, -59.98162343844, -35.8435960505, 1188.65418593, 182.1382830854, 1143.501475349, 206.9486166793, 10.94042896682, -4.551266056668, -22.06668030001, -12.27011554758, 507.2187158422, 88.16538122543, 488.9358811182, 104.3748234876, 0.09588586744541, 0.02138941134683, -1.024633572427, -0.956460328944
6.6, -1.338430503137, -0.03680992275705, -2060.241079102, -447.3748980153, -1788.726321144, -283.1016009886, -17.87431841622, -36.6337550784, -56.71931298688, -7.400691566956, 1174.003885115, 240.2143430347, 1082.21643234, 158.9710255674, 0.662797788959, -8.153965709574, -20.88394538018, -3.611208174827, 536.9430122338, 120.7244787288, 466.1312740774, 76.50416429349, -0.4474148163822, 0.1294525651961, -0.9686160598438, -0.3329508976965
6.625, -1.38421247788, -0.02309953653032, -1917.035740682, -441.1941358262, -1969.181762859, -413.8155344425, 36.59882782427, -27.63367590996, -52.60705357656, -33.43534668177, 1180.628972361, 246.8975069547, 1170.805507061, 221.5545047293, 15.79063592019, -5.504504298741, -20.14322227902, -11.71061512088, 498.1858263912, 118.9134819787, 512.5772169025, 111.7435239808, 0.4749487995281, 0.03611824140244, -0.8880892888621, -0.955619354092
6.65, -1.501986324567, -0.04557590418253, -2134.60222207, -485.7281535912, -2124.451036801, -407.4246794435, -42.39759295514, -49.96454354115, -29.44050866159, -18.69224740719, 1413.126821425, 262.1705500389, 1214.581479188, 225.5852330507, -5.285573231144, -11.77419559471, -13.89768576747, -7.518596971502, 550.5974446281, 130.9176629807, 552.8906094348, 109.8737001257, -1.059827367315, -0.002121735779697, -0.481391301085, -0.6222229630456
6.675, -1.364403903239, -0.02184793723378, -2005.127692703, -340.2311348164, -1978.096026449, -403.0503433446, 72.44823525661, -16.2034900652, -96.1343444442, -27.82192890747, 1612.563340376, 191.042446254, 1527.170466162, 216.7760212965, 27.30843072784, -2.749453784712, -33.58642237431, -10.07766136177, 510.4902103783, 91.75645243897, 505.3479840728, 108.7134501027, 1.198796980581, 0.07981842858415, -1.736188075558, -0.8296550541706
6.7, -1.405386731781, -0.02355155493781, -2031.729211128, -389.0219393175, -2078.080417754, -359.6680905949, 32.84152152668, -39.39738624372, -49.91483579658, -14.21216485622, 1588.189079988, 210.1702989344, 1457.759938909, 201.8378957197, 16.20784810419, -9.222302608318, -20.47879960201, -6.010478925515, 518.1598637973, 104.9400798324, 533.7720649638, 96.96629253203, 0.3370494110116, -0.04392821155621, -0.8234007163629, -0.4943572399865
6.725, -1.395409907837, -0.01691471199609, -2108.700564419, -386.7389046042, -1954.519298066, -342.5355779516, -3.547477978306, -20.2226352357, -6.193873796943, -18.86053719584, 1319.542629486, 214.8094555866, 1184.587312104, 187.2566825676, 5.145761282971, -3.686665292819, -7.283448052055, -7.178579122508, 545.8274641767, 104.2978076931, 507.8265853891, 92.48606213731, -0.2025685882554, 0.09510994711938, 0.008379476478639, -0.5933969884196
6.75, -1.241709348754, -0.01785291278217, -1787.068358965, -335.4152435933, -1777.394811396, -365.4824873214, 60.31068394682, -23.04941166076, -74.94115427629, -21.8785547558, 1115.166461399, 188.196299047, 1115.240359281, 198.7412872037, 22.02757900673, -4.731336738669, -26.09040401004, -8.175115133726, 464.6472193039, 90.53614023267, 462.0732468458, 98.69118658822, 1.015097994346, 0.007984562103359, -1.336384374597, -0.6715987224116
6.775, -1.192173970721, -0.02320924411797, -1507.344063628, -502.4747078348, -1769.420880923, -333.0878887081, 12.26416383743, -44.22124186833, -29.14878595719, -11.01125792187, 1250.806157824, 272.3129202257, 1154.46938032, 186.5325916626, 9.239725454546, -10.01395789589, -13.50416876551, -4.911334039243, 386.3703295452, 135.4075072378, 459.1759199634, 89.93062410953, 0.04215218655459, 0.1712643369326, -0.421762566662, -0.4268944136419
6.8, -1.461247479913, -0.03667967135723, -2054.124873593, -447.133900803, -2060.938263874, -459.2348465815, 1.71660245709, -28.48601924643, -53.18613384377, -36.94110108114, 1340.415722495, 248.4713519884, 1241.603197647, 246.0049379323, 6.690890816518, -5.7447694292, -20.59585219175, -12.9827125693, 530.8405980305, 120.4841515401, 535.1548890796, 123.8567322721, -0.2507884654927, 0.04162987053701, -0.9235703702371, -1.059143922556
6.825, -1.358532044458, -0.02169508913481, -1947.896485322, -375.6306151041, -1962.98501717, -421.2336772331, 86.0830402019, -26.17900023687, -91.49835720104, -34.64262228762, 1570.583954986, 210.0764611172, 1467.68521359, 224.9373593755, 30.950222292, -5.44195266842, -32.07612649561, -12.12312221837, 496.4048598604, 101.2547949419, 502.8473304504, 113.626290046, 1.467921303655, -0.006791458551071, -1.628447838382, -0.993838407011
6.85, -1.421313698528, -0.01426814895636, -2106.049471776, -405.2613729901, -2061.09656331, -348.5057598756, 56.1939641263, -37.50099072233, -40.75098197282, -16.36166615801, 1633.83858652, 217.0141169384, 1471.832967237, 191.5150743345, 22.89179865778, -8.625395446785, -17.971400974, -6.51670122339, 536.8634234122, 109.3125608996, 528.8342205546, 94.02639770178, 0.965184881533, 0.04978997342228, -0.6339259383956, -0.555677046825
6.875, -1.32970416446, -0.01469064053448, -1926.355533237, -369.6493339971, -1937.291996471, -354.8335440468, 86.30888379521, -32.42878351616, -78.43683330578, -19.35089694274, 1363.083972432, 198.2914556896, 1274.778750952, 192.9911745523, 30.25444155158, -7.325937400427, -27.72318638804, -7.387561150699, 496.0732287815, 99.79811787695, 500.7692078601, 95.77950154899, 1.495183334006, 0.05511837174786, -1.364530593126, -0.6255884719569
6.9, -1.308189994356, -0.03514054634983, -1980.934910462, -362.9644047722, -1751.268551884, -395.28980874, 23.0509888104, -37.57743744036, -66.74240894873, -35.22264097684, 1112.261332795, 196.8839642154, 1088.38883934, 211.6874118371, 11.68563064749, -8.816732115494, -23.69378759198, -12.14346935619, 516.9148316281, 98.01879069487, 456.284858594, 106.7306831748, 0.394249608402, -0.03781065065205, -1.126052977119, -0.9715470698788
6.925, -1.308014585064, -0.01225159927553, -1893.279070582, -456.5384028712, -1803.347943682, -345.6608147838, 79.22448442508, -34.10281712196, -73.63733890782, -10.70910701604, 1198.299597161, 261.5393957454, 1138.312777443, 183.5669074843, 27.72167238061, -7.235389568097, -25.82330901069, -4.798263116693, 491.6063767993, 122.9018524754, 468.6276892166, 93.44250873012, 1.374117894843, 0.4189413112193, -1.280705835078, -0.600900163244
6.95, -1.425885228407, -0.03325694140765, -2069.452169388, -440.3147277519, -1946.290897264, -448.1637408834, 42.07107633143, -42.69064563435, -79.30952394022, -27.34588528479, 1297.422227387, 239.0562399255, 1221.519182415, 245.507492673, 17.74021802006, -9.933165052622, -27.76616565855, -10.21837641762, 536.157748243, 118.7381869943, 505.3500776431, 120.8050341794, 0.6695865555865, 0.1252934013509, -1.350546226495, -1.01519886007
6.975, -1.368581789901, -0.01763284299663, -1943.080201177, -393.4973809585, -1977.823885654, -427.9474707635, 96.56169543156, -39.65262123517, -91.52385248949, -18.30089648234, 1548.836704408, 216.9850719251, 1446.603044151, 227.7538395403, 33.7894266489, -9.258086402021, -32.00921275766, -7.456793898041, 495.6785918111, 106.0870043302, 507.377878677, 115.4365668621, 1.70937761602, 0.1332390280572, -1.645955820176, -0.8177082589547
7, -1.350029362841, -0.004043589036639, -1976.834778611, -373.3617803205, -1966.476861847, -370.0270590611, 107.3785770029, -23.95872716941, -89.25638227411, -0.8135584080218, 1610.226553408, 223.0340773087, 1484.038073278, 203.5427266152, 37.04318481448, -4.71352744398, -31.50931532434, -2.191327701519, 503.6808487152, 100.4320540052, 503.5243718363, 99.80441884961, 1.938739001701, 0.4857469514281, -1.587003927653, -0.5202218030215
7.025, -1.379120518012, -0.00103413946702, -2063.576753872, -317.551873033, -2057.896454011, -316.7100196425, 92.04092634001, -24.54598886477, -65.21395860253, -3.784314183254, 1338.860021679, 202.0662625195, 1303.689490219, 216.2919649146, 31.77716435299, -5.066943987348, -24.17225174758, -3.158009761887, 533.4707512721, 85.40589474183, 532.7966339894, 84.97972636112, 1.728994811152, 0.09817898604793, -1.242857540582, -0.3557096341094
7.05, -1.328831331734, 0.004679309988801, -1991.921260113, -298.2212830279, -1967.10728165, -306.0675572134, 87.08522800315, -19.20254825369, -47.90921714275, -3.857181716425, 1125.863837631, 194.0153479871, 1113.868156556, 208.0237440767, 29.55619923341, -3.600579620916, -18.59388195979, -3.10749500604, 520.042420915, 80.27716654055, 513.7021027823, 82.25804535346, 1.638808550214, -0.1181607436936, -1.013977899613, -0.1390202339934
7.075, -0.9279928237928, 0.01664089702692, -2037.720242756, 403.5883802997, -1950.159678225, 350.5261890523, 89.28886615342, 0.05302146645772, -40.79927466168, 8.785358892756, 1155.60345514, 264.2485190985, 1106.799083636, 229.1170888072, 30.31914364159, 2.304101562503, -16.57674530317, 0.563157993568, 531.7643492345, -114.2539400508, 509.4810616295, -99.3260967918, 1.685545759366, 0.06626105212981, -0.9223287907257, 0.07201591802662
7.1, -0.6422364860304, 0.01304503192757, -1698.802364205, 506.0825873127, -1621.593360674, 522.3106830311, 78.15962782304, -5.797100036672, -30.53858702285, 0.4497545476601, 1176.344679552, 328.2703113019, 1181.533701345, 338.7886037677, 27.19306171892, 1.17228399009, -13.92159207672, -2.772531438253, 440.485257804, -142.8913727241, 419.6864637341, -147.4283559992, 1.704336209509, -0.09029466251334, -1.240561572114, 0.05824898692324
7.125, 0.4974025489049, 0.02306408148213, -60.20259404525, 839.8387030279, -37.56826489275, 743.4306734715, 91.3882599208, 3.292799622824, -23.45319224442, 6.314669737139, 1301.199536764, 556.4352859323, 1251.017629656, 491.6703112637, 31.11409964101, 5.784913492995, -11.90599225298, -2.413435470373, -1.702019985345, -235.5050722924, -7.063205009175, -208.7924054753, 2.000928560833, 0.08539792870929, -0.7519104618886, 0.00994053833214
7.15, 1.159270749656, 0.0148989173673, 523.7115729798, 1386.295923239, 520.5402546432, 1277.639234055, 49.31535295707, 2.762318039607, -7.441123253341, 5.463650681289, 1131.377968339, 908.5479670356, 1053.80053576, 834.3477738592, 18.85277254678, 8.793814917894, -6.688312918088, -5.660469218851, -155.0944500457, -384.0186555334, -153.4738421484, -354.4436153636, 0.8043380937017, 0.2319291854777, -0.2663254898654, -0.1420164248237
7.175, 0.6619723016887, -0.01280230993455, -192.8047955634, 1307.702076117, -212.1418664588, 1207.533199284, -51.1208093808, -10.38672420248, 25.7667501876, -9.583876512805, 759.2950223536, 1127.567493244, 721.003308948, 1095.112905197, -10.61783354053, 7.307320204981, 3.832260616631, -12.33612737931, 45.71092934862, -359.6356433316, 51.44442114758, -332.5685740886, -0.3568080785066, 0.180455281075, 0.0942127179759, -0.2969641084888
7.2, -0.4098087563513, -0.04672539520665, -867.9246479342, 218.5045397439, -885.1208755156, 126.6180141588, -130.2319129012, -42.77481056043, 56.07182521265, -42.11373216483, 543.8919061335, 1171.00133322, 530.6240781711, 1167.755958043, -34.03977949961, -1.114926938603, 13.27293536806, -22.26917322577, 234.4164272937, -62.13687089597, 239.3235377877, -37.29187230472, -0.7947891037202, 0.03344211011442, 0.2819145412422, -0.2549054671438
7.225, -0.5869946425831, -0.03766362531645, -1003.907119422, 33.47268768631, -975.0817083787, -35.70777071796, -145.1422484583, -43.08653997248, 102.9525651212, -42.21335115588, 653.626708261, 904.7566877342, 613.207304225, 868.827396273, -37.07063491793, -3.66127470228, 25.62021133079, -19.63403628398, 271.2875675453, -10.44244908615, 263.9112540639, 8.418952749112, -0.6264813607718, -0.02412570683194, 0.4241137444418, -0.1067494257224
7.25, -0.04370615548792, -0.002857754390006, -574.7451040336, 489.2045994883, -526.6291750978, 434.0031229842, -119.5421382297, -20.47006211008, 147.9002003682, -19.33138741108, 856.8169949267, 633.6131728453, 821.8181377965, 601.5782090787, -28.32669503656, 0.09375497979958, 36.61446594927, -10.83636478716, 152.568618239, -134.690164178, 139.8334716964, -119.6373774482, -0.5778057946626, -0.05699739619256, 0.7079407886497, -0.02971230798473
7.275, 0.3990897197511, 0.02294196683443, -186.9132806635, 835.3990003396, -146.9018712205, 787.9139784758, -94.81792703103, 2.967628232746, 161.5995988576, 3.635371675047, 929.8724879336, 629.0451236469, 926.2309026374, 621.6443891473, -20.97130664092, 6.607122785247, 39.75424207756, -4.54602305423, 46.5798301512, -229.4702632016, 35.82786109333, -216.5095853145, -0.3835840404916, 0.02676841735211, 0.6917430676521, -0.01416983432416
7.3, 0.282050861407, 0.03250296298332, -278.6273018529, 753.2201777486, -255.7052639718, 684.2411117997, -96.38874773928, 20.14583937259, 160.2740530284, 20.94213252208, 900.3027228945, 769.9360562102, 902.5866820713, 764.4581976696, -21.60627440421, 12.71260694288, 39.53059306499, -1.020311827304, 71.90469932895, -206.3393294089, 65.74975467982, -187.5533720874, -0.3345072138078, 0.06506349748425, 0.5988906752827, -0.008963176226957
7.325, -0.08692005940792, 0.01958676681678, -578.3307268496, 452.790429428, -559.8291625051, 367.9317173396, -115.3324929851, 16.91483008827, 143.2213007704, 17.68719219963, 856.3891377148, 836.440617781, 855.5501341791, 833.6724685177, -27.17419107235, 12.42215978211, 35.04373484852, -2.596998356453, 154.0356300526, -124.0071990813, 149.0795471451, -100.9125970645, -0.372806203653, 0.05270646357042, 0.4697524531587, -0.01973859807755
7.35, -0.2151886216865, -0.001827923572403, -691.5590935899, 343.3029782515, -663.8840248666, 268.8212814833, -126.2726185601, -3.623977243853, 124.5214757808, -2.936182752876, 898.1848917883, 765.2234322789, 892.0945397683, 751.4894875011, -29.95090687761, 6.025617289798, 29.56364373568, -7.625001281326, 184.5928958754, -94.21217486106, 177.1835219668, -73.91767950994, -0.4104341064403, 0.01829727303749, 0.3973109645368, -0.0227898641683
7.375, -0.05321099510353, -0.01064573436693, -557.0591871191, 460.8666970446, -516.5585126785, 402.9438371785, -114.6321154395, -19.03236784946, 114.8983474672, -18.29112616787, 992.0274427602, 711.9817955964, 957.8930252174, 670.100460387, -26.12713285274, 1.223780605957, 26.51655990939, -11.1763045746, 147.1321859315, -126.5252030371, 136.4621150791, -110.7779223396, -0.3912087316414, 0.001875158273438, 0.3895339291192, -0.04043302775708
7.4, 0.1104593818065, -0.009885937835779, -410.4093395975, 581.6434975758, -367.5872040183, 526.2110458252, -98.04025250497, -22.37561583395, 107.4414849167, -21.49624944374, 1034.658824691, 710.4702004424, 983.9403305046, 649.7679688335, -21.29874260253, 0.2789586132279, 24.36434670369, -11.87248698088, 106.7717940039, -159.6657627515, 95.58281220083, -144.6600669354, -0.3412239850336, 7.840653007873e-05, 0.381043211336, -0.05475589962684
7.425, 0.08882542400045, -0.0088428132996, -415.259957796, 562.0247868808, -385.1626920027, 495.6114505347, -94.75401919685, -18.01985695638, 97.98106729508, -17.12045854035, 1008.804062822, 745.9859785267, 973.6434313722, 693.4003893416, -20.59392998203, 1.836737676659, 21.83243398521, -11.02830844221, 108.1488846477, -154.2698019504, 100.3234337932, -136.2497637925, -0.3344559106656, 0.009301881362093, 0.3452913762334, -0.05398647492582
7.45, -0.03200681548327, -0.005592249359158, -503.9722422878, 463.5941645419, -487.4601020789, 384.8584678396, -96.52869591927, -8.960885769208, 92.18630809499, -8.108875730577, 976.6576060057, 760.0458076109, 948.7815551971, 729.104900195, -21.30271249584, 4.509554172135, 20.37467912033, -8.827907305503, 132.4792378099, -127.3461701402, 128.3016298931, -105.9149209113, -0.3406619456894, 0.02181187740971, 0.3165769358362, -0.04181350365534
7.475, -0.08026585882353, 0.000241854465456, -543.0454994127, 423.2397528415, -526.5678269606, 343.6949152446, -92.25964385015, -2.500228592772, 94.59196792632, -1.675360515527, 968.3313346043, 742.8975162015, 939.5304981066, 715.0369620618, -20.16544479065, 6.160566009575, 21.10684640758, -6.901411354932, 143.1643149023, -116.3438859234, 139.0063300231, -94.67350554934, -0.3219182058761, 0.02748687347292, 0.3285370814023, -0.030766437646
7.5, -0.02607937119328, 0.004570564821422, -503.4829079346, 461.0415145976, -473.8358347568, 392.8935234155, -82.51289212423, -3.46123850005, 101.31941332, -2.652836617431, 979.3871605508, 713.5144127231, 951.4740896216, 687.9254579121, -17.38504442196, 5.614529208102, 22.9220118974, -6.930426982956, 132.2971657335, -126.7400817173, 124.5539734859, -108.1694364955, -0.2820842636962, 0.02581950914184, 0.3633439907378, -0.03173121968979
7.525, 0.03524824427765, 0.005522098767891, -455.9584668323, 504.0548990435, -415.6069340337, 447.3324465135, -75.11799163985, -8.013980212545, 106.1657698907, -7.236602207825, 981.315158289, 702.5659645876, 957.2703888153, 680.7248383072, -15.31977062794, 4.23189291168, 24.25001127949, -8.150691409413, 119.341525529, -138.5338252069, 108.6609821382, -123.0800008308, -0.2514510748482, 0.0201987020683, 0.3888408560777, -0.03903564697832
7.55, 0.03270372021886, 0.00455839307387, -457.3685324265, 502.1104398459, -417.7514051639, 445.051388581, -75.82291937322, -9.399261946201, 106.4931995147, -8.617296821344, 968.3354639766, 720.5800888768, 942.0417654288, 696.3704450296, -15.59562996295, 4.011542918332, 24.43654164985, -8.679204634661, 119.8435674819, -137.9482723019, 109.3714802033, -122.4135246513, -0.2537152569968, 0.01889665960136, 0.388261675056, -0.0408836104864
7.575, -0.006447946910226, 0.001543683646086, -485.120868168, 475.6379188177, -454.7561399914, 407.5215279253, -84.03914445015, -7.559084837023, 101.0845247916, -6.761473056092, 950.958375667, 739.6037263873, 921.7709054534, 712.5846122696, -17.99047542977, 4.70631415607, 23.04315488602, -8.307059850905, 127.573087868, -130.637683763, 119.6276205239, -112.093027153, -0.2872311617034, 0.02092183375475, 0.3591146476998, -0.03698453426657
7.6, -0.02197436995995, -0.002455869190432, -494.4784616655, 468.2479217386, -472.5331707224, 391.1131590943, -92.66499185926, -6.405286226173, 94.13832504316, -5.607797995782, 947.1951945276, 738.4623948096, 917.575251892, 711.1185490234, -20.41813288336, 5.019931838187, 21.12012023759, -7.971595909821, 130.185758693, -128.5929061933, 124.5276605345, -107.5863362638, -0.3225150781769, 0.02151867443009, 0.3256382197103, -0.03417885210583
7.625, -0.003086479730089, -0.003981657402239, -478.7324209988, 483.1559449566, -456.7819182256, 407.1336512563, -93.9558148827, -7.314828895137, 92.24907124061, -6.518488106423, 958.7814345488, 729.5106949362, 925.8210413943, 698.8975012838, -20.70448845514, 4.683481646392, 20.5423814996, -8.113996289485, 125.8205683618, -132.6845671419, 120.1853135129, -111.9841701464, -0.3280294137798, 0.02025077105768, 0.317648472387, -0.03509950561374
7.65, 0.01586094008131, -0.003117129701777, -466.1971049932, 494.1657687828, -436.541755901, 425.7078665024, -88.91283603279, -10.03981772082, 95.54305396657, -9.236308380774, 969.8901680819, 726.3879620501, 934.1331091878, 692.2071969374, -19.22831165495, 3.892253831601, 21.41801220344, -8.812836075419, 122.31067386, -135.7152476677, 114.6058201347, -117.0850629485, -0.3068115380096, 0.01725696208057, 0.3335107599999, -0.03905365787787
7.675, 0.01099919014399, -0.001755125416463, -472.9333496104, 486.2312784514, -436.8804302705, 424.3374696035, -83.83867936885, -12.3532763652, 99.46684511494, -11.55616999336, 969.7770400178, 728.0314452542, 937.7394472323, 696.3584764903, -17.81521461771, 3.25903512342, 22.49484528783, -9.501093494674, 124.1249055325, -133.5547300848, 114.6616933325, -116.7118925899, -0.2850558677973, 0.01458890797535, 0.3511933387688, -0.04245816114197
7.7, -0.005749193350448, 0.000102662799667, -486.0534094178, 472.0113151136, -450.6547822475, 409.8892167669, -81.89909423238, -11.03507796352, 100.9506694421, -10.24929857896, 964.8952691923, 729.3873972855, 937.5263983242, 702.0162965864, -17.3062631393, 3.639802994945, 22.90957627806, -9.187834052146, 127.7228031694, -129.6678640444, 118.4063458873, -112.7552960496, -0.2766064437185, 0.016203641375, 0.357267870317, -0.04088106871134
7.725, -0.0116418464662, 0.002376559266883, -488.1886207332, 469.9655075321, -458.1305314482, 401.9963124614, -82.51706603896, -6.46956007108, 100.0549664823, -5.687951813606, 963.9915833527, 727.2546421066, 937.4113733457, 701.0418201737, -17.48623099186, 4.897708290678, 22.65885464394, -7.901892196273, 128.3105409572, -129.1119281157, 120.4365407346, -110.6006395613, -0.2794477999778, 0.02175201915283, 0.3534562412892, -0.03510122795085
7.75, -0.003469111750466, 0.003261807240768, -479.1728700668, 478.7419478778, -453.1613018392, 406.2734355711, -84.05242402159, -3.212582108393, 98.10877292401, -2.439433435115, 965.771696832, 723.4539090696, 939.0496807338, 697.6569243444, -17.90654948839, 5.773380487532, 22.10499070835, -6.961330638663, 125.8447884912, -131.5191313277, 119.0673134089, -111.7781259588, -0.2867567107324, 0.02580381692447, 0.3456749006247, -0.03112510113708
7.775, 0.005045534195408, 0.002100010935002, -472.339773995, 485.0567540017, -445.3592632362, 413.5624143472, -84.90299049401, -4.157670786321, 97.02977734838, -3.395421933413, 966.2692934094, 722.7103830368, 939.1298114718, 696.8356867895, -18.14230612903, 5.500983436426, 21.80396160198, -7.221985549128, 123.9824672002, -133.2473015526, 116.9434513141, -113.7726054117, -0.2908503879391, 0.02469447401901, 0.3414435205844, -0.03241508044238
7.8, 0.004392764304624, 0.0001517458356371, -475.0004823887, 482.2040303297, -443.6375741649, 415.3354908365, -84.61855655329, -7.825498644079, 97.6440179161, -7.069055075873, 964.7994922811, 726.6877821601, 935.3829484126, 698.3662681121, -18.06996559054, 4.511414130725, 21.99984210843, -8.264972361363, 124.7215339109, -132.4565781333, 116.5088147419, -114.2495831341, -0.2891610722749, 0.02013405022202, 0.3438258127755, -0.03688123447094
7.825, -0.0009997691073207, -0.001498672817141, -480.9906089965, 476.3450418149, -446.6292199962, 412.494492323, -84.4866180997, -10.97994461037, 98.35302705223, -10.21896538212, 962.7970544425, 730.2206746059, 931.1399799499, 699.8886568094, -18.04236035985, 3.662296858124, 22.22430998207, -9.160881107102, 126.3740844835, -130.8422179777, 117.3633131327, -113.4627762073, -0.2877955911377, 0.01617012866789, 0.3461026282887, -0.04044350535243
7.85, -0.002793844229885, -0.002221366326504, -481.8839417518, 475.7189663703, -448.9454795766, 410.4851408652, -85.49288426725, -11.35683470658, 97.68260722893, -10.58992314501, 962.1895795303, 729.9032863525, 930.3610972022, 699.872764555, -18.32567846491, 3.554644805882, 22.04087799696, -9.264214403941, 126.6285922038, -130.6665163559, 118.0055489235, -112.9092379835, -0.2917987723193, 0.01559912659692, 0.3425242454935, -0.04065684158525
7.875, 5.819434574226e-05, -0.001591975122005, -477.4436617302, 479.9047399276, -448.6216163147, 410.9636597574, -86.68797930542, -9.071894362412, 96.38831457273, -8.305041411765, 963.5865165682, 728.0493355812, 932.0761620952, 698.846218723, -18.65111358533, 4.177640137417, 21.66815282452, -8.61399586748, 125.4128857701, -131.8128065829, 117.9050613765, -113.0424115137, -0.2970912512087, 0.01835224478745, 0.3368096958802, -0.03784881574892
7.9, 0.002550793653718, -0.0002702054237908, -474.114787168, 482.9737450549, -447.6192898682, 411.7455324238, -86.80451908009, -6.604287051487, 95.96976291654, -5.84138456112, 965.0436073107, 727.0570311114, 933.9167080487, 698.4807736607, -18.67577440265, 4.859362553725, 21.54002368584, -7.919988661368, 124.4947022621, -132.6553660265, 117.6157154383, -113.2595189391, -0.2978051755989, 0.02142974058174, 0.3352223329572, -0.03492751804121
7.925, 0.00154464419114, 0.0006422086943685, -475.6105915755, 481.3068222769, -447.6065654329, 411.4982989265, -85.57682270072, -6.195486205784, 96.93990652109, -5.43995653381, 964.9384291165, 726.7047112747, 935.0978976548, 699.4013948161, -18.33469900515, 4.969879818654, 21.80387746661, -7.816456782829, 124.8982591684, -132.2031145833, 117.6012945834, -113.1923244934, -0.2925346867845, 0.02196102595567, 0.3395951684388, -0.03453699043493
7.95, -0.001010229098098, 0.0009569058340444, -479.3539975344, 477.2734405897, -447.9379217048, 411.1066477529, -83.6910578207, -7.480132115827, 98.65329964231, -6.733985712506, 964.2753734755, 726.5744557637, 935.5535398112, 700.1104062153, -17.8126370002, 4.608172508348, 22.27991827356, -8.186417121603, 125.917716353, -131.1030921411, 117.6874023502, -113.0846193772, -0.2842342048565, 0.02036943388613, 0.3471005802841, -0.03618157765788
7.975, -0.001868843547832, 0.001008773919555, -481.0367502551, 475.5066016875, -447.6176337274, 411.3705312611, -82.47021212276, -8.547636300374, 99.75383819184, -7.80346949282, 964.4154689865, 726.4360699447, 935.5278051907, 699.6000971049, -17.47081493761, 4.307663049815, 22.588046132, -8.481878671958, 126.372412679, -130.6216682566, 117.5995761188, -113.1579169307, -0.2788494460104, 0.01905130960348, 0.3520080689426, -0.03751251041751
8, -0.0006519356059352, 0.0007696120515924, -479.401642766, 477.1082418416, -447.1489905316, 411.6853489941, -82.96772840481, -8.39124030199, 99.16436371777, -7.64432903896, 964.933651923, 726.1483923633, 935.498280955, 698.8512197548, -17.60684221865, 4.348814291082, 22.42384967336, -8.430388901458, 125.9236621453, -131.0602548076, 117.4706465617, -113.2460546594, -0.2811524261774, 0.01925885873004, 0.349606992017, -0.03733581328956
8.025, 0.0006252542006289, 0.0002025749992173, -476.8138228582, 479.5591410121, -447.5159212893, 411.2535220433, -84.72828627992, -7.542227580206, 97.35709725317, -6.794574199028, 965.0940729932, 726.2261609172, 935.2124440034, 698.6392842885, -18.09794272906, 4.587521467322, 21.92063453447, -8.189995071626, 125.2199159705, -131.7292832727, 117.5713700537, -113.1288996178, -0.2890522086118, 0.0203262960526, 0.3418120656778, -0.03628986975663
8.05, 0.0006107294466279, -0.0004171566659896, -475.9590075031, 480.3681410485, -448.3623405369, 410.4205233892, -86.1850502337, -7.137580276813, 95.96258397442, -6.389268963348, 964.9676271547, 727.0465196315, 934.2545256165, 698.7594936129, -18.50532388839, 4.708938794112, 21.53696028139, -8.077048876014, 124.9904203573, -131.9474917493, 117.8092002753, -112.9002134447, -0.2954491276058, 0.02083871317906, 0.3356861990843, -0.03574365542754
8.075, -8.730535987894e-05, -0.0008523138888183, -477.0003939298, 479.3499388507, -448.4936852327, 410.3391129857, -86.31328520943, -7.792218899839, 95.96037620776, -7.044284947904, 964.7058120167, 727.7847815637, 933.3032109, 698.8941962542, -18.54197185208, 4.532918547229, 21.54239002835, -8.261527759437, 125.2772659163, -131.6665957553, 117.8541229346, -112.8759666395, -0.2958485698596, 0.02001789692174, 0.3355360149809, -0.03648340392407
8.1, -0.0002998029058187, -0.0009423022981833, -478.2801247806, 478.0557493323, -447.5806836573, 411.3211130392, -85.37295151437, -8.925841860298, 96.97008996655, -8.179903114691, 964.4309570902, 727.7453728141, 933.1767631698, 698.9829265067, -18.28042541113, 4.215218055101, 21.82538795266, -8.580562943783, 125.6279182936, -131.3123839247, 117.6091360201, -113.1427976523, -0.2915584956067, 0.01858999542307, 0.3397818901173, -0.03784145725258
8.125, 9.41584465951e-05, -0.0005323694430533, -478.5511550622, 477.7367053191, -446.6531969481, 412.2905804613, -84.32308857625, -9.300594408252, 98.00994627782, -8.554992169968, 964.3600933252, 727.2904182454, 933.6612129909, 699.0526132208, -17.98751935228, 4.105945047169, 22.11292327387, -8.68639817706, 125.7020064982, -131.225994258, 117.3544049956, -113.4073607032, -0.2868778360657, 0.01810606742417, 0.3442332375911, -0.03830452877391
8.15, 0.0003988925981458, 0.0001892545582646, -477.9043177513, 478.3439970887, -446.757920467, 412.1378755212, -83.95792510902, -8.443124764338, 98.32131845661, -7.698002116509, 964.3757272501, 726.866629413, 934.2402824744, 699.2400226463, -17.88583531585, 4.341911644143, 22.19611016178, -8.44806746258, 125.5258332837, -131.3928652233, 117.378157217, -113.3659163706, -0.2852961541994, 0.01915637887647, 0.3455893238549, -0.03727285916477
8.175, 0.0002060320703189, 0.0007248073784271, -477.2263440499, 479.0118263957, -447.6927543967, 411.0731010682, -84.31187189855, -7.162467018252, 97.89867243272, -6.419926884347, 964.2761090379, 726.5087830139, 934.6788033112, 699.5475697311, -17.98599349637, 4.696895689127, 22.07487217996, -8.092944347916, 125.3421661925, -131.5761497377, 117.6280695113, -113.0751899362, -0.2869245138671, 0.02073207780879, 0.3437742688728, -0.03572262409678
8.2, -0.0001716646921465, 0.0007876507063257, -477.154924483, 479.0816577361, -448.3568735816, 410.3339862538, -84.74097906364, -6.595296348377, 97.41414154286, -5.855689606276, 964.2545858674, 726.3843386931, 934.8248693732, 699.6507409547, -18.10642214014, 4.854309916534, 21.93835670406, -7.936007429888, 125.3227177705, -131.5956892927, 117.8067842835, -112.8734273619, -0.2888596780137, 0.02143228992945, 0.3417014972227, -0.03503843750958
8.225, -0.0002935378642926, 0.0004599898871195, -477.634510061, 478.5777959095, -448.0543130727, 410.6050209862, -84.73069956088, -7.123895993721, 97.38799996476, -6.386285235235, 964.5091737418, 726.5860794324, 934.6598183221, 699.387142038, -18.10190060676, 4.708130764265, 21.93233675041, -8.082366683546, 125.4507791785, -131.4580388259, 117.7254495497, -112.9478893831, -0.2888041183653, 0.0207908054467, 0.3416418684786, -0.03569111019271
8.25, -0.0001141267543088, -3.045839397017e-05, -478.1359279734, 478.0421726718, -447.2164532235, 411.3970218959, -84.4629633845, -8.188624948026, 97.62679261671, -7.451614901137, 964.8123712702, 726.8750180828, 934.413850306, 699.0308492465, -18.0249109627, 4.41281676571, 22.00107997858, -8.37756291624, 125.584349845, -131.3115040641, 117.499524697, -113.164719487, -0.2876003344066, 0.01948969846387, 0.3427262178842, -0.03700027242179
8.275, 7.775531310273e-05, -0.0004208501635229, -478.1910154111, 477.950491854, -446.8246930048, 411.7912814076, -84.43425802457, -8.864410165283, 97.64780462358, -8.126076892497, 964.9273187943, 727.0531737053, 934.2145576195, 698.8359804373, -18.01592913116, 4.225474383518, 22.0085312476, -8.564594076227, 125.59835182, -131.2861081707, 117.3946344465, -113.2726404569, -0.2874713958524, 0.0186618519013, 0.3428262545401, -0.03782557044252
8.3, 8.37380321185e-05, -0.000511547270477, -477.7686400003, 478.3336938616, -447.2204337637, 411.4082488483, -84.7824791551, -8.672340902563, 97.30590907566, -7.931947515121, 964.8957095334, 727.1531282163, 934.0412484627, 698.8453544929, -18.11330219793, 4.280443402903, 21.91413735471, -8.510031173688, 125.4842462152, -131.3902049663, 117.5036257641, -113.1678611002, -0.2890131074301, 0.01889934386187, 0.3413144254634, -0.03757424762546
8.325, -1.193173097142e-05, -0.0003449314083676, -477.2691829919, 478.8256963642, -447.8633837748, 410.7497654687, -85.20032169755, -7.982799770805, 96.89719915141, -7.242238144169, 964.7805695268, 727.1427230201, 933.9809319398, 698.9990029009, -18.23079460435, 4.473567432456, 21.80014651687, -8.31800268456, 125.3500319314, -131.5241370693, 117.6790453009, -112.9875541412, -0.2908567220483, 0.01974457812119, 0.3394958275151, -0.03671251063846
8.35, -3.246264179256e-05, -0.0001071899479503, -477.1204479627, 478.9779845478, -448.0453485628, 410.5673443382, -85.2608145935, -7.533248510283, 96.84513491118, -6.794340142049, 964.6023933436, 727.0070755057, 934.1011775024, 699.1724876252, -18.24894221202, 4.598115344442, 21.78463589777, -8.194121281976, 125.3112735591, -131.565735312, 117.7279509993, -112.9372601549, -0.2911179821899, 0.02028904820262, 0.3392316162114, -0.03615628810698
8.375, 3.319394635924e-05, 9.783997388128e-05, -477.4251530398, 478.653948205, -447.6182718086, 410.9882866695, -84.825763125, -7.627162836622, 97.27489088362, -6.890298029189, 964.4595926781, 726.8692828157, 934.2747866776, 699.2617487107, -18.12839049321, 4.570345868474, 21.90355685687, -8.22200502579, 125.3950340393, -131.4775202852, 117.610947305, -113.0519684828, -0.2891805860392, 0.02016483317896, 0.3410822902657, -0.03627622870866
8.4, 6.946286161461e-05, 0.0002404434562622, -477.8815919803, 478.1782059827, -447.0811493387, 411.5030951409, -84.23539818562, -7.973490456695, 97.84919842708, -7.238122038437, 964.3951064389, 726.8053299093, 934.3894365257, 699.2816445575, -17.96389551956, 4.472594516324, 22.06334783265, -8.31983690118, 125.519299079, -131.3478345417, 117.4643301698, -113.1925018665, -0.2865527321881, 0.01973365389262, 0.3435772475568, -0.03670810422625
8.425, 2.588100264909e-05, 0.0002866387607497, -478.0623966669, 478.0006900478, -446.9658953008, 411.6002348893, -83.99692814417, -8.12888957343, 98.07515498623, -7.393751254831, 964.3754540464, 726.7813330895, 934.4494237155, 699.2988957977, -17.89744731509, 4.428748623779, 22.1261090211, -8.363715869377, 125.5684928448, -131.2994410675, 117.4325455085, -113.2190380603, -0.2854935662915, 0.01954057388145, 0.3445601541701, -0.03690250433359
8.45, -3.760299140856e-05, 0.0002298666375675, -477.8172316108, 478.2435234674, -447.3024930927, 411.2365145241, -84.26877297183, -7.94266086172, 97.78982197844, -7.207135449435, 964.4230140031, 726.7901661029, 934.4454483575, 699.2858576814, -17.97316912479, 4.480974581099, 22.04635119601, -8.311305417246, 125.5016650767, -131.3656928223, 117.5238235501, -113.1198020402, -0.2867053356505, 0.01977166437487, 0.3433234470355, -0.03667253538459
8.475, -4.53934909703e-05, 9.274720862453e-05, -477.4198636864, 478.6294679237, -447.6941645396, 410.8172422109, -84.75696751565, -7.670036902188, 97.28471710841, -6.934196060189, 964.5558961741, 726.8595702814, 934.3616194804, 699.1953887613, -18.10874799982, 4.558051542946, 21.90572887777, -8.233906852763, 125.3928903613, -131.4709284195, 117.6305869907, -113.0055063736, -0.2888751184742, 0.0201129838623, 0.3411407424565, -0.03633322147432
8.5, -4.726481292484e-06, -9.129938089722e-05, -477.2672338607, 478.7736853778, -447.7701040113, 410.730182177, -85.05517938314, -7.670189730957, 96.97663301143, -6.934170385771, 964.6915044302, 726.9566122901, 934.2517139378, 699.0673368936, -18.19114790611, 4.559028710421, 21.82041926987, -8.232626304227, 125.3504233028, -131.5101773341, 117.6518800725, -112.9819436242, -0.2901977003065, 0.02011853159697, 0.3398175219646, -0.03632973515818
8.525, 2.314671708399e-05, -0.0002445153299778, -477.4617524308, 478.5557968701, -447.5171544842, 410.9824036704, -84.99071663622, -7.987896418573, 97.03727404494, -7.252275131486, 964.7453421215, 727.0292013446, 934.1774142125, 698.976535526, -18.17268447422, 4.470827306772, 21.83797687853, -8.320872921096, 125.4027101891, -131.4506198173, 117.5837677607, -113.0509242333, -0.2899082940115, 0.0197295044667, 0.3400886727558, -0.03671949861538
8.55, 9.473082778552e-06, -0.0002699558948703, -477.7557200378, 478.2317753395, -447.2338074478, 411.2729534785, -84.70959177506, -8.311940101861, 97.31450665396, -7.576525493056, 964.7187808426, 727.053870252, 934.1588117572, 698.962778019, -18.09421339484, 4.380365563996, 21.91567785553, -8.41158071282, 125.4826201124, -131.3621136564, 117.5071082295, -113.1302301025, -0.2886562447027, 0.01932927495697, 0.341288975853, -0.03711783272258
8.575, -1.559756944542e-05, -0.0001482345309242, -477.8423003413, 478.1377658953, -447.1875476184, 411.3252744182, -84.49932576362, -8.321831510594, 97.52309506748, -7.586165987021, 964.6416874216, 727.0089353631, 934.2115059883, 699.0373949379, -18.0359596225, 4.377173359704, 21.97363182018, -8.414963260593, 125.5067089499, -131.3364613719, 117.4943043322, -113.1443664508, -0.2877228383468, 0.01931379049784, 0.3421819314265, -0.03713009237284
8.6, -1.836308260821e-05, 3.916403740061e-05, -477.6544744279, 478.3200032909, -447.370698846, 411.1297302708, -84.50188366254, -8.007664235051, 97.51747855811, -7.272369439589, 964.5407158524, 726.9057497254, 934.3185292473, 699.1559129637, -18.03743414089, 4.464124338796, 21.97126688802, -8.328149931021, 125.4565533413, -131.386317063, 117.54331842, -113.0907866245, -0.2877410945383, 0.01969655084745, 0.3421427587487, -0.03674537050707
8.625, 1.677222668772e-06, 0.0001822855127214, -477.4191498289, 478.5513334483, -447.561699162, 410.9209522155, -84.61202684634, -7.655901825475, 97.4011688787, -6.921528892064, 964.466436554, 726.813736221, 934.3999318761, 699.2348176746, -18.0688205438, 4.561682375567, 21.93811708, -8.230620346452, 125.3933139064, -131.4495858604, 117.5945767025, -113.0336555172, -0.2882361440731, 0.0201265792314, 0.3416302773378, -0.03631428490264
8.65, 1.649677653721e-05, 0.000209686158564, -477.3864641288, 478.5904911252, -447.5676129487, 410.9048149737, -84.65434738781, -7.564737321055, 97.3557840603, -6.831160384776, 964.4517923256, 726.8044728173, 934.4076819184, 699.2417201282, -18.08080004084, 4.587055277926, 21.92533607659, -8.20542335048, 125.384619717, -131.4602754778, 117.5961160601, -113.0292007575, -0.2884209679801, 0.0202379064089, 0.3414338145399, -0.0362019924115
8.675, 1.046629982477e-05, 0.0001245316363919, -477.5601932702, 478.4139218454, -447.3973781483, 411.0656279298, -84.58428401086, -7.773717524184, 97.42349947914, -7.040809108334, 964.4835829624, 726.8703647134, 934.3641659422, 699.2013921092, -18.06098835321, 4.529123678855, 21.94457902988, -8.263842089505, 125.4315895674, -131.4119456624, 117.5502496703, -113.0731072155, -0.288099423582, 0.01998125055345, 0.3417301679279, -0.03645778946809
8.7, -2.332747060008e-06, -1.516378461431e-06, -477.736011224, 478.2284968188, -447.2366546178, 411.2242838624, -84.50791854069, -8.057811828934, 97.49745798809, -7.325065325528, 964.5384833868, 726.947738298, 934.3031368032, 699.1416944871, -18.03922181501, 4.450321946049, 21.96572113421, -8.342941447853, 125.4789351169, -131.3611668844, 117.5071056514, -113.1164678432, -0.2877502297564, 0.01963263495056, 0.3420523515201, -0.03680496310796
8.725, -4.178713054842e-06, -9.104081228532e-05, -477.7317061697, 478.2260688882, -447.2414869221, 411.2212691614, -84.54451596747, -8.168999796538, 97.45887246659, -7.435708993896, 964.594413861, 726.9900697018, 934.2522105129, 699.081229713, -18.04902963243, 4.419653634469, 21.95532998612, -8.37333551869, 125.4773654917, -131.3604030641, 117.5087967307, -113.1157276241, -0.2879092025084, 0.01949706193049, 0.3418852228956, -0.03693851755343
8.75, 2.04915667192e-06, -0.0001151794686749, -477.5648563152, 478.3829460098, -447.3905754768, 411.0668564428, -84.68859860592, -8.06242793181, 97.30934604949, -7.328615101449, 964.6294995702, 726.9907694732, 934.2359881046, 699.0534495175, -18.08905578323, 4.449573992483, 21.91366443041, -8.34300119146, 125.4318180819, -131.4032136918, 117.5493642381, -113.0736305918, -0.2885521666496, 0.01962938615247, 0.3412354932713, -0.03680532784526
8.775, 4.690507507542e-06, -9.051105753761e-05, -477.4152528447, 478.5237890542, -447.5290812714, 410.9230328893, -84.81216677766, -7.895096031881, 97.17981690881, -7.161340702996, 964.6319700782, 726.9692267497, 934.2543594927, 699.0681930717, -18.12359522181, 4.496262835833, 21.87733403063, -8.296221430768, 125.3911766291, -131.4417038368, 117.5868127918, -113.0343591814, -0.2891060499385, 0.01983577762145, 0.3406717845902, -0.03659972763273
8.8, 9.602725598547e-07, -4.448002693239e-05, -477.4240242669, 478.5102492133, -447.5238828718, 410.9274288949, -84.79256504779, -7.837124167324, 97.19636768186, -7.103746803873, 964.609487811, 726.947746869, 934.2853074904, 699.0997623902, -18.11829026855, 4.512283846866, 21.88175179768, -8.280377107032, 125.3936907189, -131.4380618909, 117.5851862921, -113.0355121174, -0.2890214935052, 0.01990656745425, 0.340742847065, -0.03653003532372
8.825, -3.852905822321e-06, 5.167589572362e-06, -477.5595122456, 478.3664894769, -447.3901021237, 411.0570525911, -84.63770323012, -7.908296851682, 97.34756014425, -7.175424675325, 964.5727985871, 726.9274439745, 934.3159307454, 699.125502216, -18.07526909923, 4.492123296029, 21.92381300203, -8.300739252779, 125.430700973, -131.3988699396, 117.5486759571, -113.0708528453, -0.2883335356093, 0.01981744272228, 0.3413988415156, -0.03661952486803
8.85, -5.529553434333e-06, 4.800998222442e-05, -477.6790200025, 478.2420544027, -447.268448273, 411.1741788105, -84.48031651003, -7.993685455281, 97.50208141242, -7.261149677483, 964.5334512132, 726.9046217917, 934.3429133418, 699.1461272428, -18.03155781416, 4.467953167522, 21.96682175985, -8.324997381817, 125.4634158776, -131.3649410205, 117.5154826631, -113.1027908271, -0.2876342094324, 0.0197105069888, 0.3420682638481, -0.03672597527185
8.875, -4.038839765648e-06, 7.501347322213e-05, -477.6735233893, 478.2485607708, -447.2703957689, 411.169531834, -84.44497126372, -7.984038313125, 97.53703472485, -7.251511816786, 964.5088651711, 726.8870193687, 934.3559115896, 699.1599426089, -18.02185939263, 4.470461103564, 21.97648562782, -8.322450357899, 125.4621344791, -131.3667254961, 117.5159261182, -113.101495688, -0.2874775727961, 0.01972125311177, 0.3422177933185, -0.03671414137257
8.9, -1.03814585092e-06, 7.450543115152e-05, -477.5637017253, 478.3579310609, -447.3708738183, 411.0611730466, -84.53842941932, -7.889968728413, 97.44222252483, -7.157432104488, 964.5107058824, 726.8873795721, 934.346597584, 699.1597158588, -18.04798037634, 4.496802737932, 21.95001955498, -8.296085203524, 125.4323735837, -131.3965489445, 117.5432626028, -113.0719018485, -0.2878923606603, 0.01983713480092, 0.3418045435072, -0.03659723560063
8.925, 2.783139239061e-06, 3.872260755621e-05, -477.4670308241, 478.454886091, -447.4581415322, 410.9677857453, -84.66399682119, -7.821970653004, 97.31499851709, -7.089455646553, 964.5349413218, 726.9100331097, 934.3198434273, 699.1433613378, -18.08291113015, 4.516070614814, 21.91462449795, -8.2768710931, 125.4060125856, -131.4229520626, 117.5671409301, -113.0464110005, -0.2884478540996, 0.01992180247536, 0.3412519335062, -0.0365118645886
8.95, 5.602161676102e-06, -1.858707847162e-05, -477.4694858635, 478.4511840562, -447.4501035557, 410.9754764053, -84.71903140752, -7.861413348137, 97.25970802239, -7.128952256561, 964.5666721618, 726.9438933354, 934.2872862721, 699.1155109231, -18.09805874457, 4.505366459055, 21.89940281444, -8.287664455883, 125.4064659446, -131.4218746178, 117.5652039118, -113.0485309241, -0.2886885811021, 0.01987428026009, 0.3410128755915, -0.03655892547357
8.975, 5.017166059655e-06, -6.503902444415e-05, -477.5486869717, 478.3647149357, -447.3683816498, 411.0576159259, -84.68199166611, -7.975262573504, 97.29579318157, -7.242898951477, 964.5891858274, 726.9696356501, 934.2639978045, 699.086327095, -18.08752593901, 4.473752293474, 21.90967956333, -8.319310760219, 125.4277801945, -131.3982298816, 117.5432081513, -113.070987019, -0.2885209803231, 0.01973463611771, 0.3411706528547, -0.03669818335061
9, 1.554349708025e-06, -7.385430308894e-05, -477.6151025645, 478.2914112654, -447.3050216167, 411.1224100888, -84.61454545757, -8.056973192989, 97.36112349397, -7.324573524701, 964.5935647303, 726.9728973433, 934.263661324, 699.0753043818, -18.06862960645, 4.450920027552, 21.92797207456, -8.342084508717, 125.4457438165, -131.378219324, 117.5260286289, -113.0886949009, -0.2882209599991, 0.01963390499485, 0.3414540266706, -0.03679862161071
9.025, -2.356008705425e-06, -4.240599922178e-05, -477.6055600412, 478.2979340735, -447.3198874947, 411.1079265226, -84.58581784397, -8.033111056852, 97.38772892995, -7.300611271776, 964.5811695165, 726.9535276282, 934.2870593915, 699.091869172, -18.06069365282, 4.457424455179, 21.93525792449, -8.335515758177, 125.4432249098, -131.3800343167, 117.5299003116, -113.0847283897, -0.2880958098095, 0.0196627327251, 0.341567702928, -0.03676989447906
9.05, -4.087344724606e-06, 7.188388854105e-06, -477.5390960091, 478.3611935148, -447.3853644112, 411.0375815918, -84.60489654218, -7.93040698716, 97.36576017058, -7.198029803831, 964.5616257999, 726.9247351994, 934.3182212696, 699.1213679502, -18.0661870506, 4.485902738663, 21.92889299914, -8.307045112751, 125.4253261918, -131.3973519895, 117.5474401208, -113.0654916982, -0.2881840268792, 0.01978854018854, 0.3414705135009, -0.03664464057121
9.075, -2.559564340495e-06, 4.436100802257e-05, -477.4906715671, 478.4088539258, -447.4283191046, 410.9894162127, -84.62804995156, -7.844036897057, 97.34019818238, -7.11192542742, 964.5446315228, 726.9025371033, 934.3378640552, 699.140874024, -18.07280154604, 4.509859326416, 21.92159681655, -8.283111176263, 125.4123137828, -131.410401867, 117.558945043, -113.0523152037, -0.2882889589211, 0.01989429969517, 0.341359196389, -0.03653920655163
9.1, -3.881437286193e-07, 5.076193066594e-05, -477.507401121, 478.3931137366, -447.4069195943, 411.007893603, -84.61747321223, -7.843214865265, 97.34993597013, -7.111341882229, 964.5365148535, 726.9000748378, 934.3397985035, 699.1442674904, -18.06991196545, 4.510045537058, 21.92429786712, -8.282998874685, 125.4169239281, -131.4061088379, 117.5531210509, -113.0573441298, -0.2882413291122, 0.01989496171135, 0.34140204113, -0.03653842041938
9.125, -1.042278661554e-07, 3.091930768996e-05, -477.5642822896, 478.3345435747, -447.3474656424, 411.0652083804, -84.58179815814, -7.911371562833, 97.3851158225, -7.179688134368, 964.5388737801, 726.9159514047, 934.3284354201, 699.1361318623, -18.05991848848, 4.491098697383, 21.93421340752, -8.302089690598, 125.4323600569, -131.3900845671, 117.537079505, -113.0729858062, -0.2880801131673, 0.01981100813098, 0.3415549648206, -0.03662194466241
9.15, -1.816862334949e-07, 3.295626061104e-06, -477.5995081491, 478.2979764754, -447.3113624149, 411.1010288608, -84.56302870179, -7.975990176849, 97.40403801864, -7.244302510041, 964.5490811955, 726.9350693839, 934.3108103876, 699.1231542667, -18.05458862338, 4.473189332087, 21.93963129378, -8.320074907002, 125.4418659775, -131.3800528404, 117.5274255085, -113.0827682604, -0.2879938631956, 0.01973160825799, 0.3416366197228, -0.03670053930538
9.175, 1.062148730773e-06, -1.681949771704e-05, -477.5781084801, 478.3185476027, -447.3300910911, 411.0821683037, -84.58832736437, -7.984123650601, 97.378883873, -7.25226726294, 964.5605199265, 726.9450405632, 934.2961176018, 699.1115016388, -18.06157078093, 4.471022724638, 21.93270452054, -8.322184737221, 125.4359934742, -131.3856337472, 117.532626414, -113.0776278682, -0.2881049488387, 0.01972180987622, 0.3415264917425, -0.03670939397244
9.2, 2.438574844027e-06, -2.46583323406e-05, -477.5249259366, 478.3693413574, -447.378958257, 411.0316688675, -84.63938110859, -7.945525247498, 97.32684554096, -7.213574350188, 964.5688728599, 726.9458283549, 934.2898798709, 699.1061609636, -18.07578042983, 4.481856430473, 21.91820059201, -8.311275181089, 125.4215099204, -131.3994879837, 117.5459387772, -113.0638468177, -0.2883318886998, 0.01976953808241, 0.3412996724985, -0.03666116070087
9.225, 2.474098006118e-06, -2.298589255295e-05, -477.4943578086, 478.3982195296, -447.4083074521, 411.0015910122, -84.67080236588, -7.910766154461, 97.29435632786, -7.178841640751, 964.57235485, 726.9433756673, 934.2911151609, 699.106717008, -18.08454069591, 4.491576283086, 21.90911091971, -8.30153691738, 125.4131872773, -131.4073754587, 117.5538967849, -113.0556344062, -0.2884719400464, 0.01981244776331, 0.3411582353977, -0.0366182713444
9.25, 1.075571663291e-06, -1.565700078138e-05, -477.5120917689, 478.378847543, -447.3921134306, 411.0177317688, -84.65485264701, -7.914267617456, 97.30949552534, -7.182434697676, 964.5699264314, 726.9400756917, 934.2976556685, 699.1105998038, -18.08010178712, 4.490563378069, 21.91330280902, -8.302580643473, 125.4180056532, -131.402100757, 117.5494561117, -113.0600358222, -0.2884013195061, 0.01980803225202, 0.3412240613171, -0.03662297590645
9.275, -6.927071834095e-07, -4.406906317347e-06, -477.5544442912, 478.3335265951, -447.3507400376, 411.0580591351, -84.60688500494, -7.943091135193, 97.35606328704, -7.211384272246, 964.5623202408, 726.9343140278, 934.3076982116, 699.1161823838, -18.06674969202, 4.482429014511, 21.92625743936, -8.310753844674, 125.4295396865, -131.3897480868, 117.5381558953, -113.0710397656, -0.2881884892842, 0.01977220324386, 0.3414263795481, -0.0366591261737
9.3, -1.805457847408e-06, 9.133734040901e-06, -477.5790344967, 478.3074358547, -447.3268110356, 411.0810618462, -84.56845786181, -7.958663590086, 97.39337098758, -7.227010618517, 964.5532671415, 726.9260968552, 934.317436802, 699.122345312, -18.05607605803, 4.477980972603, 21.93662110833, -8.315199641588, 125.4362704972, -131.3826441974, 117.5315894229, -113.0773148465, -0.2880183726807, 0.01975263310078, 0.3415882910569, -0.03667882924296
9.325, -2.019693720347e-06, 2.026088404577e-05, -477.5655931727, 478.3208134393, -447.3397745111, 411.0664975818, -84.56759980979, -7.940767311429, 97.39372554431, -7.209118533984, 964.5470376864, 726.918666461, 934.3227310868, 699.1273373552, -18.05588563107, 4.482915790421, 21.9366786231, -8.310237476653, 125.432671454, -131.3863066026, 117.5350648554, -113.0733344695, -0.2880153146248, 0.01977442905856, 0.3415896315446, -0.03665698972534
9.35, -1.325063711104e-06, 2.23082566535e-05, -477.5321703169, 478.3540166742, -447.3705602204, 411.0330219677, -84.59648540905, -7.907895187081, 97.36415006401, -7.17627403254, 964.5464471594, 726.9166761021, 934.3214249013, 699.1286808651, -18.06396871697, 4.492099929593, 21.92841214485, -8.301046845255, 125.4236173345, -131.395368093, 117.5434254287, -113.0641920973, -0.2881439213838, 0.01981491202853, 0.3414610967085, -0.03661639409379
9.375, 7.387941624821e-08, 1.250298173721e-05, -477.5133174696, 478.3731429726, -447.3865745345, 411.01580614, -84.62500257566, -7.895219208305, 97.33529665524, -7.163625659673, 964.5516838236, 726.9230519507, 934.3140419843, 699.1248382931, -18.07190341814, 4.495711227753, 21.92039337081, -8.297465015648, 125.4184755308, -131.4005723619, 117.5478255217, -113.0594914249, -0.2882699219079, 0.01983073995204, 0.3413359021897, -0.03660040673433
9.4, 1.230945202441e-06, -3.880593254578e-06, -477.5237109916, 478.3622100319, -447.3738543052, 411.0283841562, -84.63089242593, -7.916471173182, 97.32956334029, -7.184912076426, 964.5595521648, 726.9341635573, 934.3039313277, 699.1172733217, -18.073489388, 4.48986955698, 21.91886358234, -8.303356826002, 125.4212459189, -131.3975646827, 117.5444521147, -113.0629282745, -0.2882947056956, 0.01980482671081, 0.3413112001787, -0.03662612905476
9.425, 1.485037303359e-06, -1.704165889557e-05, -477.5474522248, 478.3366078956, -447.3487584848, 411.0535931705, -84.61743455525, -7.951777330063, 97.34289729504, -7.220236653405, 964.5650378265, 726.9421482791, 934.2965023628, 699.1097552413, -18.06968179113, 4.480064628911, 21.92264962109, -8.313182262583, 125.42764917, -131.3905594804, 117.5377029996, -113.0698157685, -0.288233791914, 0.01976145197807, 0.341369073145, -0.03666923835416
9.45, 8.594688773367e-07, -1.957000263586e-05, -477.5589154145, 478.3238004444, -447.33799352, 411.0650629061, -84.60443775962, -7.969005730709, 97.35559665398, -7.237432655122, 964.5659349064, 726.942835455, 934.2958044334, 699.1074807832, -18.0660384187, 4.47525243806, 21.92621039738, -8.317975736197, 125.4307508702, -131.3870598104, 117.5347933175, -113.0729491444, -0.2881758296479, 0.01974016702886, 0.3414237578982, -0.03669027325297
9.475, -9.078511375782e-08, -1.11765825606e-05, -477.5479999162, 478.3338446775, -447.3500020731, 411.0528998379, -84.60487526598, -7.954544422128, 97.35469731152, -7.222941737065, 964.5632729672, 726.9375288072, 934.3013891545, 699.1119758982, -18.06618133724, 4.479254504076, 21.92592167459, -8.313953244071, 125.4278063263, -131.3898090184, 117.5380150257, -113.0696239944, -0.2881783622064, 0.01975783070659, 0.3414191685026, -0.03667254880512
9.5, -5.829918748759e-07, 1.424783640983e-06, -477.5282233044, 478.3528142158, -447.3695285309, 411.0319473995, -84.61361204174, -7.924486865922, 97.34513974079, -7.192925218129, 964.5590122106, 726.9300987743, 934.309212066, 699.1191077196, -18.06865969301, 4.487599294667, 21.92319337061, -8.305607912108, 125.4224697634, -131.3950002515, 117.5432564346, -113.0638959265, -0.2882180200057, 0.0197946886528, 0.3413772179516, -0.03663582867036
9.525, -3.725634744675e-07, 1.026967483077e-05, -477.5207592444, 478.3601742452, -447.376061477, 411.0243027597, -84.61653057008, -7.906514632402, 97.341612422, -7.17502919923, 964.5550130441, 726.9244253482, 934.3146041756, 699.1235596783, -18.06950955054, 4.492573037963, 21.92216730658, -8.300638421927, 125.420472343, -131.397021326, 117.5449870378, -113.0618032057, -0.2882314916782, 0.01981666585346, 0.3413619449928, -0.03661397927463
9.55, -1.484587017241e-07, 1.176248775782e-05, -477.5318039561, 478.3488999165, -447.3641085143, 411.0354321107, -84.60733769531, -7.912970902128, 97.35041025617, -7.181554607056, 964.5530153908, 726.9237648071, 934.3157340269, 699.1240977616, -18.06695645951, 4.490753102668, 21.92461845213, -8.302477858446, 125.4234839375, -131.3939466158, 117.5417333914, -113.0648392305, -0.2881905002349, 0.01980862123702, 0.3414004281597, -0.03662206276272
9.575, -3.800468891335e-07, 7.638787477997e-06, -477.5485466698, 478.3315658819, -447.3471159618, 411.0518139778, -84.59452390946, -7.932456314003, 97.36294018901, -7.201085065355, 964.5534300895, 726.9273033232, 934.3135821312, 699.1222104829, -18.06337093746, 4.485327018956, 21.92813743625, -8.307937168037, 125.4280268049, -131.3892075851, 117.5371389987, -113.0693112709, -0.288132985331, 0.019784616497, 0.3414549594052, -0.03664601354455
9.6, -4.579330407102e-07, 1.929540284459e-06, -477.5537598638, 478.3262195548, -447.3418926179, 411.0569700424, -84.59166366749, -7.944780927779, 97.36580720889, -7.213396417018, 964.5555398797, 726.9311886508, 934.3098993086, 699.1196333788, -18.06255445881, 4.481913618568, 21.92896552786, -8.31136286079, 125.4294309611, -131.3877373804, 117.5357510016, -113.0707198164, -0.2881197466794, 0.01976948001801, 0.341467287004, -0.03666097468198
9.625, 3.973080046555e-08, -2.492864768215e-06, -477.5428216934, 478.3368153866, -447.3516302383, 411.0468825827, -84.60271078998, -7.941005869665, 97.35468491741, -7.209579043938, 964.5582403031, 726.9332319762, 934.3063913612, 699.1172757536, -18.06562187085, 4.482994179591, 21.92588043765, -8.310267483347, 125.4264482128, -131.390621701, 117.5384211574, -113.0679675666, -0.2881686175541, 0.01977419496443, 0.3414187682668, -0.03665604679255
9.65, 6.332656360557e-07, -5.004850171356e-06, -477.527732106, 478.3513308731, -447.3651686588, 411.0328076898, -84.61822225594, -7.929491451213, 97.33892280002, -7.198049147708, 964.5606100282, 726.9339508493, 934.3041014077, 699.1157408999, -18.0699404295, 4.48622969899, 21.92148939246, -8.30701788398, 125.4223393747, -131.3945801514, 117.5421130301, -113.0641261793, -0.2882375132277, 0.01978844625382, 0.3413501585365, -0.03664167516188
9.675, 7.964592664088e-07, -6.006167850191e-06, -477.523223618, 478.3555771604, -447.3692784992, 411.0287049956, -84.62480320192, -7.924493985882, 97.33220935181, -7.193059976987, 964.5617505205, 726.9342763697, 934.3033482568, 699.1151263033, -18.07177149082, 4.487634584128, 21.91961824958, -8.3056116994, 125.421107596, -131.3957386104, 117.5432350241, -113.0630060307, -0.2882667174108, 0.01979463551757, 0.3413209564674, -0.03663545942057
9.7, 4.015695764617e-07, -5.320187947407e-06, -477.5317378555, 478.3463673061, -447.3610678853, 411.0368996148, -84.61759482827, -7.930527002219, 97.33925235094, -7.19912005466, 964.5611659615, 726.9340573037, 934.3043105537, 699.1154488192, -18.06976014754, 4.485943020288, 21.92158220378, -8.307313207697, 125.4234196185, -131.3932265313, 117.5410014019, -113.0652421827, -0.2882346259113, 0.01978716947845, 0.3413515307523, -0.03664295722203
9.725, -1.532752180244e-07, -2.507827072233e-06, -477.5433394515, 478.3339416819, -447.3499087378, 411.0479094006, -84.60401771132, -7.93934678459, 97.35249761545, -7.207965774042, 964.559209724, 726.9326758372, 934.306787876, 699.1168299581, -18.06597883305, 4.483458500347, 21.92526958252, -8.309806714403, 125.4265788419, -131.3898386807, 117.5379561991, -113.0682463408, -0.288174334994, 0.0197762133162, 0.3414089827453, -0.03665396157231
9.75, -4.471787707356e-07, 1.790356078787e-06, -477.5467908554, 478.3302388434, -447.3467420275, 411.0509002, -84.59586314414, -7.940292269175, 97.36039673749, -7.208915727203, 964.5568105818, 726.9301384999, 934.3097695965, 699.1189208138, -18.06371759335, 4.483167649776, 21.92745735504, -8.310094244745, 125.4275312231, -131.3888328652, 117.5370749647, -113.0690610999, -0.2881383189263, 0.01977494487417, 0.3414431709497, -0.0366552559598
9.775, -4.664631036408e-07, 5.559042935929e-06, -477.5400336034, 478.3368603071, -447.3531511319, 411.0438530969, -84.59815765166, -7.931619100801, 97.35789212761, -7.200249507632, 964.5550722402, 726.9275320055, 934.3117611421, 699.1207319935, -18.06437332872, 4.485570086241, 21.92674175949, -8.307683724307, 125.4257109708, -131.390644442, 117.5387983255, -113.0671356972, -0.2881487987543, 0.0197855585383, 0.3414322199458, -0.03664465331707
9.8, -2.622111837631e-07, 6.438283969546e-06, -477.5311327223, 478.3457023791, -447.3613046624, 411.0349458574, -84.6061131795, -7.922008765281, 97.34969242377, -7.190654444373, 964.5549016055, 726.9267376084, 934.3117256671, 699.1212019611, -18.06660001931, 4.488252840263, 21.92444774145, -8.304999784882, 125.4232992681, -131.3930585968, 117.5410097689, -113.0647031135, -0.2881842452385, 0.01979739301683, 0.3413966380505, -0.03663281617307
9.825, 1.60706825665e-08, 3.687414798357e-06, -477.5289544224, 478.3480156554, -447.3629560835, 411.033052612, -84.61152382023, -7.921055813555, 97.34420347807, -7.189713677547, 964.5563125927, 726.9286250507, 934.309803142, 699.1200423904, -18.0681026553, 4.488537466908, 21.92292596317, -8.304725458048, 125.4227004664, -131.3936858591, 117.5414717339, -113.0641862984, -0.2882080677097, 0.01979862414036, 0.3413728947358, -0.03663156142723
9.85, 1.948501499851e-07, -9.016076413208e-07, -477.5342333302, 478.3424513783, -447.3571682281, 411.0387360378, -84.61070613081, -7.929467199584, 97.34502801898, -7.198138514185, 964.5583408743, 726.9317802814, 934.307134121, 699.1179411307, -18.0678583683, 4.486212790784, 21.92317615081, -8.307066392654, 125.4241197439, -131.3921605989, 117.5399218067, -113.0657388455, -0.2882040405001, 0.01978833011049, 0.3413765463404, -0.03664181360506
9.875, 2.574717149383e-07, -4.420940208014e-06, -477.5404227681, 478.3357690414, -447.3506362351, 411.0453167661, -84.60681373849, -7.939198936735, 97.34887177731, -7.207871292902, 964.5597638466, 726.9338876767, 934.3051464044, 699.1159397579, -18.06675839542, 4.483509301075, 21.92426640175, -8.309774173762, 125.4257892612, -131.3903318744, 117.5381655996, -113.0675369123, -0.2881864583694, 0.0197763705994, 0.3413932134077, -0.03665369341769
9.9, 1.934633031193e-07, -4.981539023074e-06, -477.5411665425, 478.3347822776, -447.3499688922, 411.0461800864, -84.60522635377, -7.941737641734, 97.35041328638, -7.21039450377, 964.5600776473, 726.9339829514, 934.3048624528, 699.1153942952, -18.06631149724, 4.482801085393, 21.92470056772, -8.310474716404, 125.4259886557, -131.3900613047, 117.5379882683, -113.0677730974, -0.2881793744088, 0.01977323063447, 0.3413997626916, -0.03665675327569
9.925, 2.987584375576e-08, -2.810263696094e-06, -477.5361955039, 478.3394562704, -447.3549828081, 411.0409932861, -84.60743955765, -7.935871240811, 97.34805164309, -7.204522506973, 964.5594869642, 726.9325825376, 934.3061770157, 699.1166231035, -18.06693489199, 4.484431520557, 21.9240313059, -8.308839414227, 125.4246440125, -131.3913388857, 117.5393402994, -113.0663556566, -0.2881893713771, 0.0197804234269, 0.3413893140173, -0.03664954180291
9.95, -6.445717404247e-08, 2.03933447538e-07, -477.5311050978, 478.3443481038, -447.3599657644, 411.0356599741, -84.61020404374, -7.927998242848, 97.34508322442, -7.196663157783, 964.5584508373, 726.9308062248, 934.3080097309, 699.1183721622, -18.0677164252, 4.486618937903, 21.92318812018, -8.306653179883, 125.4232701404, -131.3926773217, 117.5406792176, -113.0648974392, -0.2882018458075, 0.01979008104376, 0.3413763109148, -0.03663991540188
9.975, -3.335086124203e-08, 2.216554318136e-06, -477.531001206, 478.3444233686, -447.3599034368, 411.0355131161, -84.60963500007, -7.925152168477, 97.34552769129, -7.193837224441, 964.5574243505, 726.9295671052, 934.3092672637, 699.1193556917, -18.06756583867, 4.487402761703, 21.92330318411, -8.305871620088, 125.4232490167, -131.3927006689, 117.5406526632, -113.0648558895, -0.2881994030682, 0.01979354400652, 0.3413782586935, -0.03663647866867
10, -3.516824786837e-08, 2.60994850774e-06, -477.5354383986, 478.339820888, -447.3552669819, 411.0399166217, -84.60558206343, -7.928483421233, 97.34945632675, -7.197188092852, 964.5568060095, 726.9294320864, 934.3096415875, 699.1194683701, -18.0664377365, 4.486467086972, 21.92439896319, -8.306813323836, 125.4244573601, -131.3914450711, 117.5393915251, -113.0660574962, -0.2881813387255, 0.01978941068436, 0.3413953795044, -0.03664062137529
